posting_id,split
train_129225211,train
train_3386243561,val
train_2288590299,train
train_2406599165,train
train_3369186413,test
train_2464356923,train
train_1802986387,train
train_1806152124,train
train_86570404,train
train_831680791,train
train_1598329973,train
train_2496690777,train
train_2771755203,train
train_998568945,train
train_4287573913,train
train_4196427721,train
train_3009013664,test
train_3054371232,train
train_2985955659,train
train_2961381387,test
train_999391364,train
train_2238403912,train
train_1396146683,test
train_1180155871,train
train_1872347548,test
train_249329869,train
train_2905529497,train
train_3466601092,val
train_1572286671,test
train_3117535609,test
train_1617041019,train
train_2410183091,train
train_1461445798,train
train_1449570166,train
train_1327117441,test
train_1640409557,val
train_2720300071,train
train_3906985249,train
train_4146813717,val
train_4193869534,train
train_2966264418,train
train_961019399,train
train_3697474443,val
train_3350934785,train
train_476982317,train
train_1243594898,train
train_2679824623,train
train_140914082,test
train_1164271328,train
train_3743764071,test
train_3497907844,train
train_363659042,train
train_3297816647,val
train_3122040273,test
train_3921931335,val
train_3453637142,train
train_2281183509,train
train_615566263,train
train_3663748113,test
train_1398921910,test
train_3085463168,test
train_2231906914,train
train_3241824372,val
train_1734882388,train
train_3286978516,train
train_1612784649,train
train_2510999729,train
train_3919593581,test
train_2010199669,train
train_3884457980,test
train_4211938281,val
train_2828504439,train
train_149323111,train
train_2666382378,train
train_3589506283,val
train_3043787667,train
train_2437872381,train
train_472067494,train
train_2962272674,train
train_951314265,val
train_2051205225,train
train_2695183959,train
train_2806016221,train
train_1648139967,train
train_4227549842,train
train_4175229751,train
train_2905859802,train
train_711483468,train
train_1733811555,train
train_1400779757,train
train_3296206419,train
train_2642949637,train
train_3249862091,train
train_1368113489,train
train_1889514443,train
train_2871716249,train
train_3879247647,train
train_2930186018,train
train_2856183961,train
train_1420726013,train
train_3464136823,val
train_3377123715,train
train_277615634,train
train_2088327894,val
train_1648915230,train
train_2500339995,train
train_3977286900,train
train_1641797816,train
train_3582623500,train
train_3476473016,train
train_1457705588,test
train_3706564646,train
train_533166742,test
train_1012209986,test
train_3139371939,train
train_404207615,test
train_411236838,test
train_1015862061,train
train_2785578899,train
train_1901526598,test
train_2348197943,test
train_37143550,train
train_1337984987,train
train_3427012881,train
train_3542367375,train
train_3357525517,test
train_747128673,train
train_3309817101,train
train_1904388778,val
train_1580284475,test
train_4126022211,train
train_1124779608,train
train_1490085416,test
train_1552141730,test
train_1241026177,train
train_2792135571,test
train_1854838389,val
train_2408772693,train
train_2776660940,test
train_4062659417,train
train_2453841397,train
train_2463688086,train
train_3314954320,train
train_3956856075,val
train_1343380721,train
train_2602142606,train
train_1414886454,test
train_826105344,train
train_1920364021,train
train_544580404,train
train_3249867868,train
train_468635764,train
train_3436013418,train
train_3546121241,train
train_652437998,test
train_4107571128,train
train_2800020956,train
train_3519742542,train
train_34881320,test
train_531698853,train
train_1576700458,train
train_1109787142,train
train_1364742229,train
train_438033632,train
train_1133752994,train
train_3228499978,test
train_143110760,train
train_4147489958,test
train_4027585169,train
train_3741232712,train
train_3475298842,train
train_2223082242,train
train_2502039152,train
train_4090338879,train
train_1289458574,val
train_2129499368,train
train_303300793,test
train_1844656348,test
train_2304925196,train
train_3926241003,train
train_1420756223,train
train_1132415767,train
train_2466966966,train
train_382090267,train
train_2926860783,train
train_2678784958,train
train_3730238611,train
train_3223029042,train
train_1360448474,train
train_1724760722,test
train_3521680760,val
train_3975028088,train
train_1405311858,test
train_1568682908,test
train_1816968361,test
train_2794195507,train
train_1192495588,val
train_3668574065,train
train_3575321186,train
train_2785137660,test
train_105420214,train
train_2495728489,train
train_857974505,train
train_2482849092,train
train_33431845,train
train_597673068,val
train_865472864,train
train_2451015876,train
train_4279989230,train
train_3295271340,train
train_2542479432,train
train_3040500929,test
train_1002628427,train
train_328898393,train
train_3570047765,train
train_92575259,train
train_3885520318,train
train_25962614,train
train_910946536,train
train_2246118465,train
train_103880126,val
train_4198221877,train
train_2819548534,train
train_15903104,val
train_362460938,val
train_1192670857,test
train_1313761395,val
train_1680128704,val
train_2401493960,train
train_2698916323,train
train_4000911558,train
train_4231036206,train
train_3495901022,train
train_2475532099,test
train_4097891374,train
train_2885845594,train
train_2328264860,train
train_2117155561,train
train_3219378211,test
train_315847490,test
train_621261825,train
train_920654896,train
train_3397724867,val
train_465895886,train
train_1553293204,train
train_3951567071,train
train_3320345500,train
train_3432779569,val
train_1264568510,train
train_1341388284,test
train_2714701874,val
train_3647647135,train
train_2223127215,train
train_4035822411,train
train_2509263829,train
train_1445799213,train
train_4223940416,train
train_249911810,val
train_199884151,train
train_1631219749,test
train_2613418854,val
train_2145162288,val
train_2281993276,test
train_239626874,train
train_4129383326,train
train_3417776213,test
train_3752166781,val
train_1412838269,train
train_4000638715,test
train_2581150275,train
train_3484834556,train
train_3614220053,train
train_925544261,train
train_3270819794,test
train_3697728683,train
train_1251926547,train
train_671452520,train
train_2387729813,train
train_552274453,train
train_1628401985,train
train_1760487371,test
train_3754566983,val
train_3832763308,train
train_658533661,train
train_3444739286,train
train_2533970465,train
train_2079914437,train
train_4006414333,train
train_2898775248,train
train_964016907,val
train_1387018466,train
train_4122222442,train
train_3167489686,train
train_1042174092,val
train_3150618432,train
train_2846721052,val
train_513664170,train
train_2171725112,train
train_1691787000,train
train_1859918695,train
train_2523995871,train
train_2559532669,test
train_3312462850,test
train_906348618,train
train_1305582383,train
train_118271408,train
train_4206743389,train
train_1869264393,train
train_2770553587,test
train_1163576024,val
train_1913983090,test
train_1408954999,test
train_802453801,train
train_1820535872,train
train_2118217085,train
train_3979498769,test
train_3400014984,train
train_3811473423,train
train_2648609819,val
train_426226685,train
train_881126378,train
train_884756831,train
train_2212318809,train
train_1894259571,test
train_920943143,train
train_2272350134,train
train_1426391373,train
train_461752132,train
train_2999875224,train
train_1896655048,val
train_102546490,train
train_4184037897,train
train_1576071293,train
train_1696804962,train
train_474492328,val
train_578151559,train
train_1025931882,test
train_2781541373,train
train_3025597522,train
train_867883750,train
train_95327516,test
train_3112943472,train
train_739988306,train
train_588233376,train
train_1871235266,train
train_3939547627,train
train_3008115222,train
train_2841386356,test
train_4062202345,train
train_1694463085,train
train_921352661,val
train_1409677330,val
train_1285587936,test
train_2310624490,train
train_2382200595,train
train_1777028486,test
train_3739820419,train
train_2143180994,train
train_2527657095,train
train_2343196131,val
train_3285349337,train
train_4035617916,train
train_3086931669,train
train_360761066,val
train_1843031634,train
train_2752758778,train
train_2653358242,train
train_3014327143,test
train_1072645845,test
train_572091964,train
train_2531133618,train
train_2163758998,train
train_2009220381,train
train_957631616,train
train_3927974289,train
train_3369060938,train
train_2087783702,test
train_749970552,train
train_3571348173,train
train_3731105045,train
train_1157521823,train
train_1674890346,train
train_2909881691,test
train_1119272053,test
train_3933093948,train
train_1152628663,train
train_2839644821,train
train_3769920894,train
train_2698636066,test
train_2537361362,train
train_1623950308,train
train_3323457641,test
train_3971466276,train
train_2948592561,train
train_3613829789,train
train_3348271056,train
train_1603847192,test
train_3763177524,test
train_2022015595,train
train_655743445,train
train_2809064162,test
train_2831142988,train
train_3045405227,val
train_648709333,train
train_2768994033,val
train_296551336,val
train_4255409553,train
train_1066425671,train
train_256896043,val
train_274530042,val
train_365908796,train
train_3976230915,test
train_730487603,train
train_3163022380,train
train_2524415309,train
train_531689340,test
train_3038027723,train
train_1700061467,train
train_1998114593,train
train_1173798403,test
train_676167874,train
train_2670580531,train
train_3443100069,train
train_592369427,train
train_1158207395,train
train_3541382487,val
train_3876401311,train
train_2909784638,test
train_1501419571,val
train_3687966754,train
train_2895116276,train
train_2416870749,train
train_705512967,train
train_3272798449,train
train_2343153579,train
train_2526779027,train
train_2474767634,train
train_2535681490,train
train_2373862435,val
train_1733601001,train
train_2721604133,train
train_2152672329,train
train_1389161689,train
train_1520989397,train
train_4233918426,train
train_667320315,train
train_4221325765,train
train_4207368713,train
train_4020360311,train
train_628517053,train
train_3469478512,train
train_3468435425,train
train_2222807806,train
train_194434331,train
train_1190645964,train
train_1523148021,test
train_1480665000,train
train_1460884664,train
train_860431876,train
train_2406723712,train
train_2869812413,train
train_1497950549,train
train_3198923992,test
train_762265191,val
train_1277022694,train
train_956317790,train
train_3179426701,val
train_1766263863,val
train_3204397086,train
train_2120597446,test
train_2800674724,train
train_449942799,train
train_1919076735,train
train_2356388016,train
train_2808879174,train
train_2330271012,train
train_2669167783,test
train_3383767615,train
train_3537456892,train
train_1263165270,test
train_3666839723,test
train_1920173189,test
train_2508338935,test
train_2096420989,train
train_4269093928,test
train_70946930,train
train_3527655215,test
train_3450455154,train
train_1010868925,train
train_2539032520,val
train_1219913591,train
train_1026563224,test
train_231144319,train
train_727453478,test
train_3245791192,train
train_4282832671,train
train_972582442,val
train_643554703,test
train_650774259,train
train_768921851,train
train_698863428,train
train_2592728479,test
train_3183710271,test
train_2578052633,train
train_3880043277,train
train_1045170109,test
train_975301531,train
train_2354107204,train
train_2762029384,train
train_3384807455,test
train_2487658275,test
train_164865832,test
train_3792180886,train
train_4015684144,train
train_1569111250,train
train_2530235951,val
train_496484454,train
train_2415058924,train
train_685198319,train
train_2969481517,train
train_1085922914,train
train_3616034922,train
train_987497013,train
train_2267612514,train
train_1724980450,train
train_1817199743,train
train_2559223031,val
train_2930293647,test
train_57281679,train
train_3041799771,train
train_78020174,train
train_3106713135,train
train_412517526,train
train_3849453327,train
train_1966542081,val
train_1961552292,train
train_3498057311,train
train_762108319,train
train_123319446,train
train_128455886,train
train_2604212747,train
train_3935007366,test
train_1512328383,test
train_2675473306,train
train_3741926471,train
train_3371902733,train
train_3932348722,train
train_1480884871,test
train_3958108181,train
train_831012216,train
train_4204187863,train
train_1334289722,val
train_505531890,train
train_3074331626,test
train_1746378396,test
train_4052401411,train
train_2595608300,train
train_3951809717,train
train_916038872,test
train_2121405728,test
train_4015574543,train
train_318615224,train
train_2443350857,val
train_981445195,train
train_2324120448,val
train_3732415252,train
train_3761611877,train
train_759924035,train
train_184994396,train
train_2094638534,test
train_1211751940,test
train_2699999732,train
train_2734674505,val
train_3048878084,val
train_1197007619,train
train_2761157068,train
train_624826283,train
train_1329436369,train
train_2196872963,test
train_1015625393,train
train_4234616449,train
train_1548258029,val
train_993079226,test
train_524007547,train
train_1913451031,test
train_2039814521,train
train_268233190,train
train_421227944,train
train_4208920348,train
train_2690347138,train
train_516366905,train
train_2235153780,train
train_2010729466,train
train_2517685633,test
train_3273734833,train
train_2923575119,train
train_1437553518,train
train_1331800358,test
train_1056897137,train
train_4192598310,train
train_1484734200,train
train_750011650,train
train_701892467,test
train_4168610580,train
train_392701199,train
train_2843292969,test
train_1298786542,train
train_4236409799,val
train_292541350,train
train_3875997381,test
train_3375259922,train
train_2247183115,test
train_2847954650,train
train_2447498886,train
train_87981461,train
train_4045506704,train
train_3560662756,train
train_2032629485,test
train_1779298613,test
train_2928398792,train
train_2298590259,train
train_2413283241,train
train_2128880978,train
train_2845124261,train
train_2109114219,train
train_656283523,train
train_8408167,train
train_1313978949,test
train_3058896784,train
train_490235350,train
train_1095990200,train
train_2111314003,train
train_2691679221,train
train_2708640796,val
train_27407468,train
train_230489388,train
train_117475510,train
train_3740915880,val
train_867713168,train
train_747704194,train
train_571407393,train
train_2120095754,train
train_2104971635,val
train_2116267787,val
train_3603940395,train
train_3545692446,train
train_3076279108,train
train_3213152626,train
train_1044782790,train
train_631097352,val
train_682303720,train
train_3362629193,train
train_2921230551,train
train_1358415648,test
train_3776957771,val
train_4182402947,train
train_2236378953,train
train_2139658575,train
train_627149266,train
train_309140983,train
train_4090097043,train
train_2950515831,train
train_3172486984,train
train_3611625564,train
train_744741792,test
train_3417243344,train
train_1689011486,train
train_3122507163,val
train_2374942748,train
train_1273354413,val
train_888628681,train
train_2753048616,train
train_188449764,train
train_257012805,train
train_2462443684,train
train_3041097429,train
train_2368171427,train
train_2686018835,val
train_3879045330,train
train_1565085476,train
train_3023095194,train
train_2435799193,train
train_3375184165,train
train_516234893,test
train_4273926577,train
train_1865495553,train
train_2777863633,train
train_4085161467,test
train_3628613915,train
train_3326967361,train
train_1159951245,train
train_678412991,test
train_3479089803,train
train_990204630,test
train_2231549522,train
train_2578580679,train
train_132349606,train
train_363917850,train
train_3378458250,train
train_3323243911,val
train_2773148290,train
train_2144152652,train
train_2268148088,test
train_4026565030,train
train_352839557,train
train_993003820,test
train_1786645483,train
train_2158016548,train
train_620896125,train
train_4104589019,test
train_1735503030,train
train_2945616595,train
train_64489467,test
train_813315979,train
train_4212943174,train
train_4025259296,train
train_1247905590,train
train_2845577239,train
train_1011324296,val
train_164487488,train
train_3453428145,train
train_2290735215,train
train_1474800807,train
train_3459621696,test
train_4126876742,test
train_3069601563,train
train_422060732,train
train_1583281879,val
train_766802109,train
train_4038180528,train
train_357163322,train
train_576940044,train
train_2821917682,train
train_4121636224,train
train_3047880719,train
train_2777669721,train
train_234261561,train
train_3292422933,train
train_175050834,train
train_143394667,train
train_2761939478,train
train_3375359724,train
train_2214980551,train
train_2990915947,val
train_147296261,train
train_4142352164,val
train_4220716243,train
train_975246011,train
train_291491783,train
train_481969355,test
train_3758923344,train
train_2942320000,train
train_1941322457,test
train_1881305743,train
train_3463950661,train
train_1314196908,train
train_2419028145,train
train_1305850588,train
train_2569498062,val
train_1380242518,test
train_3084239276,train
train_3817951199,train
train_3467363801,train
train_515690967,train
train_2416278251,test
train_2410668370,test
train_3761345076,train
train_240499318,train
train_1616329852,train
train_3287701163,test
train_3905980045,train
train_727093701,test
train_1375793402,train
train_3819825526,train
train_3998359010,train
train_107218211,train
train_1377473557,test
train_3959608116,train
train_3110044930,train
train_2682015752,train
train_1114283177,train
train_710380489,train
train_4039536157,train
train_873251142,train
train_846898119,train
train_1232041720,train
train_2869779660,train
train_2242533236,train
train_2312276902,test
train_1409045358,test
train_1613662864,train
train_727865197,train
train_608120401,test
train_3334443887,val
train_2183353133,test
train_653606694,train
train_3067541613,train
train_2681336497,val
train_482015545,train
train_3593292001,val
train_274634554,val
train_2364679167,train
train_3551775694,train
train_772114234,test
train_3626299198,train
train_3226910378,train
train_3654344818,train
train_3363510497,train
train_3177079594,train
train_2875276457,train
train_3944518428,train
train_1251737602,test
train_2669485863,train
train_3506697307,test
train_3659224940,train
train_4223316428,train
train_655567001,train
train_2344122634,train
train_2691717919,train
train_1922843203,train
train_3378866976,train
train_2486804294,train
train_2027008950,train
train_845765906,train
train_328364603,test
train_2577261121,val
train_2950528366,train
train_3884157725,train
train_1858724553,val
train_1823585660,test
train_1320919271,val
train_3997218821,train
train_1555059981,train
train_1364275599,train
train_1969570411,test
train_4040042572,train
train_984412308,train
train_1420126918,test
train_678655529,test
train_2204264344,train
train_1955177908,train
train_2904804407,train
train_3232333966,train
train_878569709,train
train_1110212222,train
train_2341930746,val
train_3821682433,train
train_3375155783,val
train_1666151485,val
train_4151772784,val
train_2991218574,val
train_462347484,train
train_964138261,train
train_2097298407,train
train_3808370752,train
train_3330762048,train
train_2853268808,train
train_1312941666,val
train_1759919213,train
train_1415324675,train
train_1525618070,val
train_2497153052,test
train_3844172814,train
train_2566109705,val
train_3828703006,test
train_2558882839,val
train_73167406,test
train_3409221312,train
train_3972088306,train
train_1779524587,train
train_2952359023,train
train_393331789,train
train_1782647251,train
train_4169467253,train
train_1498642840,val
train_2332810073,train
train_2048327036,train
train_653794355,val
train_1198057711,train
train_4268466355,test
train_3191833128,train
train_3064668012,train
train_2309760239,train
train_925751208,train
train_128219791,train
train_1014754278,test
train_3809991483,train
train_1065906242,train
train_3683334435,train
train_1683455913,test
train_38222465,test
train_3457647696,test
train_312328234,train
train_516348229,train
train_1228846946,test
train_1752037024,test
train_2538794536,test
train_3923439137,test
train_1704004026,train
train_1506017221,train
train_2937206762,train
train_1247464087,test
train_3205943724,train
train_2573580075,val
train_3539658087,val
train_1531715657,train
train_1085892853,test
train_2569398543,train
train_3728233037,train
train_3284960524,train
train_3383696066,val
train_3329475700,train
train_192154327,train
train_885706109,test
train_244124960,val
train_482224099,train
train_3728970541,train
train_3599739122,test
train_1241042529,test
train_2105385607,test
train_3106521966,train
train_4103712495,test
train_970406003,train
train_4224228898,train
train_1682232426,test
train_2951287280,train
train_2721557566,train
train_3100676375,val
train_899190080,train
train_951578623,train
train_3239574466,test
train_335719894,train
train_3047141115,train
train_765732065,test
train_1020293717,test
train_684593423,train
train_308910898,train
train_758846201,test
train_1963260960,train
train_1598904247,train
train_4220680841,train
train_2355485408,train
train_1455917465,val
train_1988357862,train
train_1870943913,train
train_977275912,train
train_924728416,test
train_96204715,test
train_3863667075,test
train_285828586,val
train_1252827374,val
train_3123769162,train
train_2437331406,train
train_130397169,train
train_2468520375,train
train_2518407869,train
train_2340749324,train
train_3416091803,train
train_1700783149,train
train_2983952213,train
train_1506018586,train
train_1751148372,train
train_846784723,val
train_3840937409,test
train_1099322188,test
train_4105413854,train
train_3498648360,train
train_3087797030,test
train_2049683838,train
train_3011074612,val
train_2429713146,test
train_3197183828,train
train_926374045,train
train_1337940039,train
train_3241064419,test
train_42091273,test
train_3903462741,train
train_867916245,train
train_521084183,val
train_2259963087,train
train_329829364,train
train_3497579676,test
train_1842388843,train
train_54542069,train
train_849093116,train
train_1748742424,train
train_3838907589,test
train_3795884238,train
train_308261111,train
train_1982934939,train
train_3496681532,test
train_2275369863,train
train_3384415537,train
train_3877179943,train
train_1468886633,train
train_3978236021,train
train_3755240481,train
train_2711071734,train
train_2789622683,train
train_4148177698,val
train_168752812,train
train_4016842252,train
train_81918230,train
train_1872355551,test
train_485217958,test
train_3078701030,train
train_1536582395,train
train_951434350,val
train_2664129645,test
train_164017356,train
train_4143319394,train
train_3213892962,train
train_2852329335,train
train_3897645156,train
train_2901494277,train
train_2550517365,train
train_3337169019,train
train_2830326860,train
train_3165781068,train
train_2193013242,train
train_659826413,train
train_1885942200,train
train_1000931038,val
train_2207470460,val
train_2453549716,train
train_4279405182,train
train_3750066045,train
train_1666219752,test
train_280934522,test
train_4131217175,train
train_1492680414,train
train_281159650,train
train_3881775812,train
train_400351908,val
train_2480136172,train
train_4243401510,val
train_713674599,train
train_4158347835,train
train_1956927168,train
train_4113561720,train
train_3957224963,train
train_1677062624,train
train_1061124041,train
train_1042338739,val
train_3362020465,val
train_1766600575,test
train_726482500,train
train_880407052,val
train_3254819116,train
train_3401491671,train
train_2647030135,val
train_3113677997,train
train_3138157521,train
train_4083466030,train
train_4148281123,train
train_1853407110,train
train_827785812,val
train_604621122,val
train_4234911778,train
train_3596478754,train
train_3970691731,train
train_3266693272,train
train_669013179,train
train_470412641,train
train_3309028526,val
train_358655082,train
train_2051712,train
train_27996792,test
train_796632900,train
train_170858993,train
train_1235595313,train
train_1296249836,test
train_2868659593,train
train_4164171118,train
train_4191354071,train
train_1486183862,train
train_3674975113,train
train_3832184729,train
train_1819482703,train
train_2544662264,train
train_1871817096,train
train_3577276830,test
train_2958095326,train
train_3700772449,val
train_3257281169,train
train_471143471,train
train_4201274951,train
train_2186243830,train
train_1671347582,train
train_1543969304,val
train_3899994941,val
train_2051332827,train
train_710383402,train
train_2646476797,train
train_2002669160,val
train_3200770847,train
train_2077301772,test
train_867947890,test
train_1640077473,test
train_1960866120,test
train_804001417,train
train_4012687377,test
train_2358169255,train
train_535436689,val
train_3390724334,train
train_3384957143,train
train_925385830,train
train_4293196333,train
train_1318343437,test
train_3367853357,train
train_534743036,train
train_1703564987,train
train_1664676684,test
train_138703766,train
train_2005782477,train
train_1043210811,test
train_793210633,train
train_441443601,train
train_3885701274,train
train_2612602755,train
train_2877778711,val
train_1465698090,train
train_935224973,train
train_2672659601,train
train_2346904929,train
train_1209429683,test
train_3621088261,train
train_3918597348,test
train_921378200,train
train_4050690437,train
train_2997146076,train
train_1405871159,train
train_198342294,train
train_149724363,train
train_900605798,train
train_2060320771,train
train_646900701,train
train_661211063,train
train_3178590765,train
train_2171090137,train
train_749038508,test
train_3815765900,train
train_881470740,train
train_176056361,train
train_1496955749,test
train_3661345234,train
train_89477247,train
train_674056726,train
train_2940792503,test
train_333928135,val
train_3429196131,train
train_1595076746,train
train_3717368125,train
train_247048247,train
train_3184199576,train
train_1623131595,train
train_1494497938,train
train_567230989,train
train_3089158764,train
train_4151529005,train
train_4057875386,test
train_1572628043,train
train_3116514616,train
train_200286478,train
train_2359812970,test
train_3125076268,train
train_1567051025,train
train_207039286,train
train_1369554380,train
train_81264779,train
train_1804564335,train
train_90988299,test
train_290863952,train
train_2743440279,train
train_859343009,test
train_376371749,train
train_1972203142,val
train_857441077,train
train_1065085793,test
train_2336405113,train
train_1573707842,train
train_289543654,train
train_241346021,test
train_3858410167,train
train_1356445963,train
train_3303739095,val
train_376606672,train
train_1614748324,test
train_4291005669,train
train_405827962,train
train_3572921871,train
train_2943260789,val
train_2849942285,train
train_2056777860,test
train_3440354673,test
train_819865594,train
train_121852154,train
train_405014886,val
train_640096472,train
train_3163307023,val
train_1694732570,train
train_243663711,train
train_1848977122,test
train_3958775880,train
train_1408861554,train
train_1457505137,train
train_1805210125,train
train_1617184465,train
train_3504936430,val
train_1694607398,test
train_1021925363,train
train_3696129043,train
train_345570188,train
train_483294218,val
train_4141908750,test
train_3606826629,test
train_2036001009,val
train_2300312669,train
train_2387390265,train
train_1367330114,val
train_3604469303,train
train_2952168480,train
train_1345018152,train
train_1734362266,train
train_1890945655,test
train_3225688711,val
train_2539499622,test
train_925028691,train
train_397506141,train
train_3894323856,test
train_4266074886,test
train_3350829217,train
train_2730803777,train
train_2968780576,train
train_3744814204,train
train_3804257462,train
train_2102567199,test
train_3162954286,train
train_3479980063,val
train_119925443,train
train_1341179198,train
train_3475853878,train
train_1014975470,train
train_2299256520,train
train_1553790599,test
train_3712109886,train
train_382055696,train
train_3119717846,train
train_674379468,train
train_2700701405,train
train_1556970695,test
train_1644486193,test
train_3329855356,train
train_2636918403,train
train_3435379157,train
train_3667571888,train
train_3816117410,train
train_3637037408,train
train_4062557061,train
train_3596739874,test
train_3897500214,train
train_2889017548,train
train_715195082,train
train_1080913905,train
train_2414493274,train
train_1488070502,train
train_1106288922,val
train_2421532631,test
train_3527257820,train
train_3300516000,train
train_746771534,train
train_329172932,train
train_4026532747,test
train_2571074185,train
train_426629623,train
train_4027497953,test
train_1657914761,train
train_1933244752,test
train_2066591497,train
train_4126016620,train
train_1988617263,test
train_626009782,train
train_4159684124,val
train_2417089343,test
train_122095517,train
train_631940228,train
train_1644006972,train
train_302248318,test
train_1989561782,train
train_3278430584,train
train_1593831934,test
train_2359761293,train
train_2222000918,train
train_2416485675,train
train_2253221924,test
train_852968753,train
train_1540773618,train
train_2494744066,test
train_3816198633,train
train_1795650184,test
train_701693135,test
train_605380628,train
train_98768622,train
train_743190787,train
train_695346297,train
train_1744779558,test
train_1652165950,test
train_3738454881,train
train_1183129992,train
train_2579160491,train
train_2522118638,train
train_1384321527,test
train_2247661809,train
train_1310362972,train
train_1182761974,train
train_2332250798,train
train_3236474709,test
train_3944623297,train
train_447794320,train
train_2670882363,val
train_1378590534,train
train_3583953260,train
train_3572673579,train
train_1987120491,train
train_1577298912,train
train_857547125,test
train_1822928210,test
train_2668659288,val
train_1947590828,train
train_2222094971,test
train_83834767,test
train_327709255,test
train_1733193749,train
train_3768325036,test
train_4036728520,train
train_760421065,train
train_3249131016,train
train_1444635380,train
train_2671217683,train
train_1553744737,train
train_1236612304,train
train_673370992,train
train_763681626,train
train_2152983346,test
train_786962322,test
train_1553589,val
train_2695910440,train
train_414765022,train
train_792714030,test
train_2760989475,test
train_3560427693,train
train_2270631553,train
train_1447661616,test
train_1812404169,train
train_3763048595,train
train_2179692783,test
train_261253097,train
train_2316974072,val
train_122692267,val
train_1462241274,train
train_1757385143,train
train_806429468,train
train_2635964418,train
train_2676801128,train
train_1581721579,test
train_1175819799,train
train_2801273815,val
train_181749440,train
train_3981235206,train
train_6298407,val
train_525742753,train
train_563894553,train
train_3069124064,train
train_938811174,train
train_881292586,test
train_1637112127,train
train_2655264902,train
train_1773918863,test
train_1226331723,train
train_3568770156,train
train_3429694295,train
train_1361110449,test
train_3310061661,train
train_1341171751,train
train_3295787991,train
train_2633847312,train
train_3806395874,train
train_388321265,train
train_3354363620,train
train_2107190828,train
train_3597546127,test
train_1119365586,train
train_2598690587,train
train_1328436706,test
train_1850520900,train
train_2677635687,val
train_3845617089,train
train_2420888242,test
train_761441824,train
train_1307561778,train
train_1520322156,test
train_4127943743,train
train_3168790492,train
train_2537680374,train
train_2021727838,test
train_2078646198,train
train_960599282,test
train_1873092804,train
train_2489780909,test
train_2873352515,train
train_495004728,train
train_1830018286,train
train_1194956987,train
train_47782487,train
train_3266241204,val
train_3493561868,train
train_4253640852,val
train_4216514301,train
train_1555530623,test
train_1681152756,train
train_3995406426,train
train_3919010653,train
train_2004550702,train
train_2326311185,train
train_763222342,test
train_749843707,train
train_2118904224,train
train_3851205240,train
train_4261797140,train
train_2460149056,test
train_4035348093,train
train_2061207956,train
train_2792183846,train
train_3302277145,train
train_3389421737,test
train_3791336353,val
train_2555636949,train
train_3555552758,train
train_1221088860,train
train_682180606,test
train_863268112,test
train_236645324,train
train_2753295474,train
train_1032671864,val
train_1698018535,train
train_3060689138,train
train_3517144629,test
train_217454919,train
train_105078954,train
train_2472238221,train
train_4020032802,train
train_617220857,test
train_2373787807,train
train_2712572834,train
train_3562432358,train
train_2219752544,train
train_2124776335,test
train_3026476366,train
train_3951901133,test
train_668259691,train
train_46010276,train
train_3204454217,test
train_3283221437,train
train_1415727235,train
train_3338213085,train
train_1249520679,train
train_2592226728,train
train_4151520397,train
train_3061678695,val
train_3313180696,train
train_2028223510,train
train_2562959990,test
train_2947344442,train
train_3644962432,train
train_3684425961,test
train_4251145865,train
train_3310752109,train
train_1125238981,test
train_3875814721,train
train_1826671838,test
train_3580706250,val
train_1440813384,val
train_524119986,train
train_1217038793,train
train_2416853782,train
train_3974988258,train
train_3275625316,test
train_1536789942,train
train_1344695336,test
train_1592309189,train
train_2745858685,train
train_292214818,test
train_2577499644,test
train_2365624382,train
train_3199781813,train
train_1712783516,train
train_1847953856,val
train_2206170225,train
train_2212853317,train
train_285071767,train
train_1092092312,train
train_1027257343,val
train_3617964028,train
train_3026514462,train
train_1536628021,train
train_1059196625,train
train_18421242,train
train_3576056096,train
train_3096376987,train
train_990883721,val
train_2669788436,test
train_1224185008,val
train_723404730,train
train_3800697608,test
train_503422247,test
train_3725204754,train
train_3399740116,train
train_1410235437,test
train_2626122013,test
train_1717034089,test
train_3030924187,train
train_2468612310,train
train_2865794729,train
train_513102842,train
train_1569290216,train
train_505220615,train
train_519768464,train
train_2804745276,train
train_2263502148,train
train_3855476980,test
train_171211111,test
train_2614821401,test
train_1303948814,train
train_1298868980,test
train_1873230908,val
train_295591376,train
train_2694219878,train
train_3394797182,train
train_1067240091,test
train_2577978429,train
train_1865250173,train
train_2660786522,train
train_3617087503,train
train_4133620149,train
train_912934536,test
train_3496457630,val
train_3784133722,val
train_516088437,test
train_253308295,train
train_1411706955,train
train_2807111137,test
train_847635275,train
train_2463809474,train
train_2748376682,train
train_414717665,train
train_164438798,train
train_1096288240,train
train_3080826253,test
train_1443731780,train
train_1980015283,train
train_2045600131,train
train_3482845746,train
train_2458596748,train
train_166945100,train
train_3928876572,train
train_1738497524,test
train_139346333,train
train_4135583377,train
train_65670767,train
train_1867383113,train
train_3661026941,train
train_159245211,train
train_1841435392,train
train_1265636629,test
train_2044493665,train
train_377063367,test
train_527196114,train
train_2289253461,train
train_2684601746,train
train_1054244272,test
train_2620640816,train
train_497403619,train
train_2351610000,train
train_169088139,train
train_28283339,val
train_3884546573,train
train_2195232615,train
train_1392656336,val
train_854037625,train
train_3927939052,train
train_2436927818,train
train_3434253049,test
train_1606601423,train
train_3568427243,test
train_3092805796,train
train_2427619312,val
train_4066172439,train
train_3583581842,train
train_3692561321,val
train_1900552376,train
train_1071751195,train
train_2666332003,train
train_607479622,train
train_3959650889,test
train_939234682,train
train_4196452030,train
train_3135358081,train
train_2891206858,train
train_820639656,train
train_1088467991,train
train_1555566788,train
train_1661753631,test
train_236419532,val
train_2263041377,train
train_258783756,train
train_2126179167,val
train_1411191057,train
train_3620599811,train
train_2004769517,train
train_3198005853,val
train_3502679133,train
train_3422572023,train
train_734413615,train
train_2086429820,test
train_533831194,train
train_3792018557,train
train_1493328630,train
train_1258383798,train
train_2456465222,train
train_1665970456,train
train_1727220553,train
train_2218415806,test
train_1836711389,test
train_230350694,train
train_2158570123,train
train_2663420504,test
train_94805278,val
train_3430973058,train
train_3371206230,train
train_3338330076,test
train_655833377,train
train_1528155077,val
train_217407131,train
train_1461211661,train
train_3107527751,test
train_3500900707,train
train_633867297,train
train_1045060828,train
train_3021640199,train
train_2422810669,train
train_2386108783,train
train_3068759534,train
train_1049463374,train
train_2420615645,train
train_1236710293,train
train_443869273,train
train_1381575164,train
train_2085280992,train
train_4226152332,train
train_1437764574,train
train_3993385953,train
train_493140267,train
train_419018435,train
train_2514153495,train
train_2951822530,train
train_584097694,train
train_3348678882,val
train_4117448365,train
train_3763074567,train
train_2708472878,train
train_3771299433,train
train_1025470955,test
train_4098126756,val
train_1805480542,train
train_378126786,train
train_3139539377,test
train_860167866,test
train_2443643324,train
train_192586544,val
train_2701228297,train
train_710635497,train
train_808612804,train
train_1170621499,test
train_2850941338,val
train_329652151,train
train_3610517117,train
train_777985946,test
train_3078542980,val
train_3659593509,train
train_2557687852,train
train_760849799,train
train_2206769445,train
train_1906647013,train
train_2241746282,train
train_3780436648,train
train_3418406131,train
train_915953338,train
train_3981542171,train
train_2472621938,train
train_1180815892,train
train_3342206188,train
train_2770305290,train
train_3834114197,val
train_659632409,train
train_2187184389,train
train_3616418164,train
train_2544959866,train
train_199828598,test
train_4010634255,test
train_138328196,test
train_1515992427,train
train_396358733,train
train_530911546,train
train_2319343608,train
train_2391215241,train
train_1561375840,train
train_2948422723,test
train_3674893134,test
train_1428933578,train
train_4072328114,test
train_1203056799,val
train_4218300088,train
train_3349019110,train
train_2304339273,train
train_3982552901,test
train_3818737529,test
train_2955824489,val
train_2769896861,train
train_861199910,train
train_1938753295,train
train_4255342732,train
train_1124888688,train
train_3486692012,test
train_2035624334,train
train_491708663,test
train_3932481774,train
train_3296986535,train
train_497886428,train
train_2744044182,train
train_2596276571,val
train_1442509184,train
train_3597148084,train
train_813352872,train
train_2220338614,val
train_1242635129,train
train_3956838657,test
train_3629499796,test
train_599557671,train
train_2118310319,train
train_2106850295,train
train_4040613661,train
train_2952062699,train
train_1391319640,train
train_2291540390,train
train_589213864,test
train_404982911,train
train_3212624233,train
train_994860551,train
train_3370291271,test
train_1103292391,train
train_2526368534,train
train_416516638,train
train_693094802,test
train_687123083,train
train_2814384604,train
train_3831494580,train
train_3104965322,test
train_2981276779,train
train_1977772104,train
train_2850506812,test
train_1604445422,train
train_330552204,train
train_1693862657,test
train_1699778889,train
train_2715800885,train
train_4016049351,train
train_2626716730,test
train_147970203,train
train_1203116238,train
train_1564866711,train
train_3575744268,train
train_2793961452,train
train_3417669769,val
train_920661713,test
train_3453468105,test
train_2021356091,test
train_3081752074,train
train_3385602799,train
train_317087058,train
train_3154798734,test
train_3458937209,train
train_4236128657,val
train_4165509599,train
train_3827494313,test
train_1688331719,val
train_3186793774,train
train_1394667198,train
train_1653442992,train
train_1772102284,val
train_354055531,train
train_2197051066,test
train_188183823,train
train_2527016471,test
train_425450802,test
train_633162673,test
train_502906563,test
train_1037735511,train
train_999604935,test
train_3819905231,train
train_1417333827,test
train_324054014,train
train_318366004,train
train_1773789522,train
train_3700017071,test
train_2038754212,test
train_4078315693,test
train_809305448,train
train_1055451030,test
train_1833837149,train
train_3934029383,train
train_1098817299,train
train_18539823,train
train_1687312838,train
train_1858861660,train
train_1871346947,train
train_588641034,test
train_3676349516,val
train_2122798413,test
train_3876061507,val
train_2326578941,train
train_2153888587,test
train_1298375006,train
train_1307091596,train
train_3596400547,train
train_4093187571,train
train_997538615,train
train_3164517139,train
train_442896827,test
train_552702057,train
train_3893154840,train
train_3916413870,val
train_3863291807,train
train_3497919316,train
train_383712438,train
train_4069323139,train
train_1984281956,train
train_4292488993,train
train_171234166,test
train_598978434,train
train_2292513752,train
train_999981214,train
train_3855421391,test
train_3212203669,train
train_1349865803,test
train_3818114093,train
train_39101090,train
train_2780411704,train
train_3846200994,train
train_714693799,train
train_2421195435,test
train_2451664416,train
train_1220997311,train
train_2073006876,train
train_2629842282,test
train_4077781188,val
train_3090266623,test
train_4078264923,train
train_753570045,test
train_3525366219,train
train_1871184140,train
train_3473218488,test
train_4027577639,test
train_1121954469,train
train_908074984,test
train_3397087335,train
train_304863087,train
train_3863244358,train
train_1223629735,test
train_1406555398,train
train_3289655302,train
train_948046528,train
train_2830913645,test
train_1930344355,train
train_1406199931,test
train_1220134225,train
train_757673143,train
train_321615985,train
train_1258615038,train
train_2865218531,train
train_1525859862,train
train_3750565430,train
train_2778170780,train
train_4105105619,train
train_1750959457,train
train_4230877066,train
train_779171611,train
train_3007403640,train
train_1165484938,train
train_1854565533,train
train_722680417,train
train_131373029,val
train_762535630,train
train_1677950234,test
train_3888241630,train
train_4028259511,test
train_2096064336,train
train_2530173108,test
train_1537525134,train
train_434551552,train
train_882888210,train
train_2333733800,train
train_3391940836,train
train_2126598315,train
train_1638974290,train
train_651842090,val
train_2229879673,test
train_1898238756,train
train_1490352954,train
train_3094471618,train
train_1141550361,train
train_2062612839,train
train_205453010,test
train_566363029,test
train_3176546195,train
train_2073729067,train
train_205966851,train
train_421512025,test
train_2071998574,train
train_1611341738,train
train_235352073,train
train_1708762500,test
train_193120076,test
train_1261404451,train
train_2713459853,train
train_2019923024,train
train_3739352572,train
train_2879199448,train
train_2757825943,test
train_705405714,train
train_2021273594,train
train_2744274670,train
train_608392190,train
train_3261237801,test
train_1302264745,test
train_2937786488,train
train_743191853,train
train_1323305757,test
train_1114961734,train
train_853246735,train
train_2693559395,train
train_3213719487,train
train_1514038456,train
train_106253212,train
train_3836343833,train
train_2152480268,train
train_3042561961,train
train_1595676163,train
train_2655286197,train
train_3023023646,train
train_3624160821,train
train_2587004002,train
train_181064216,train
train_1269642815,test
train_169657511,train
train_4089718734,train
train_3586681855,train
train_647662475,train
train_627851409,train
train_3428699475,train
train_695286092,train
train_2575073131,train
train_1562723480,train
train_3056574582,train
train_160127518,train
train_1426485580,test
train_2955090075,train
train_3372487602,train
train_3126262815,train
train_1942146514,train
train_1720530417,train
train_1403810126,train
train_3855533455,train
train_2678025756,test
train_65654720,train
train_491518923,test
train_2154646583,test
train_903474353,train
train_4127815350,train
train_3436603972,train
train_2079472452,train
train_2733719402,test
train_2636229460,train
train_885703853,test
train_324562501,train
train_1321295918,train
train_889623137,test
train_384846265,train
train_1099306218,test
train_3694367120,train
train_1637389430,train
train_1185643501,val
train_103595856,train
train_3524722132,train
train_364603247,train
train_1041834574,train
train_2691001279,val
train_1777139246,test
train_3279209681,train
train_1575475310,test
train_2089091550,test
train_2501253991,test
train_4214093905,test
train_1285822681,val
train_3298942004,train
train_3859949604,train
train_500117802,train
train_3656966844,train
train_3985422442,train
train_2025617643,train
train_2134866710,val
train_1708362397,train
train_157213824,test
train_3096365585,test
train_3387403891,train
train_2477739110,train
train_3605453272,train
train_633879904,val
train_259276572,train
train_213029798,val
train_1723204674,train
train_3551135478,train
train_243513028,train
train_1821984785,train
train_88994643,test
train_2420548897,train
train_1563386176,train
train_4091105111,val
train_678583531,train
train_769943491,train
train_1956931311,train
train_951654260,train
train_1499169315,train
train_1196555233,train
train_1390886618,val
train_1385155314,val
train_1680347015,val
train_2783350905,train
train_2731566542,train
train_3625876982,train
train_674919673,train
train_3057590292,train
train_1182911631,train
train_3484256541,train
train_1735367721,train
train_630250743,test
train_3541107749,test
train_3108395605,train
train_2568424884,train
train_2980119743,train
train_1034158456,test
train_3254145872,train
train_1725217968,train
train_3310972751,train
train_399701339,train
train_198589528,test
train_2870295614,train
train_270772480,train
train_1654924188,train
train_3393246998,train
train_1619338643,train
train_3762019456,test
train_4173469265,train
train_856524373,test
train_2994682231,train
train_1710670997,val
train_3784462605,train
train_1861335393,train
train_2738170172,train
train_1155206856,test
train_3630367129,train
train_426195351,train
train_1362999639,test
train_1824818423,train
train_1665938765,train
train_4095331020,train
train_221361016,train
train_745761828,test
train_950728335,test
train_189383889,train
train_1703128176,train
train_2301509647,train
train_3917262764,val
train_786914553,test
train_2956451694,train
train_3042849841,test
train_2898334989,train
train_179294358,test
train_1877378898,test
train_3966064932,train
train_2507322619,val
train_856393648,train
train_3268936709,train
train_446859460,train
train_710411587,train
train_260414714,train
train_4105998416,train
train_2977574088,train
train_811989743,train
train_2190988910,train
train_3968160796,test
train_3506751370,test
train_1138866576,test
train_1504666853,train
train_119782734,test
train_2080914748,train
train_1404411853,train
train_393775317,train
train_4057185436,train
train_4166856261,train
train_2854784767,train
train_205419396,train
train_787867031,train
train_2137748517,train
train_187989867,train
train_900624057,train
train_431885181,val
train_2067289337,train
train_2605502967,train
train_2247780299,train
train_1281763887,train
train_178785649,train
train_1265781495,train
train_2893140857,train
train_1287628608,train
train_718434073,train
train_3425786223,train
train_1723892159,val
train_3891095418,train
train_1118118251,train
train_1076262071,val
train_2509069129,train
train_3942479788,train
train_582535095,train
train_832022531,train
train_2262165918,train
train_2154939897,train
train_660529489,val
train_1092687314,val
train_3199359558,train
train_1813251148,test
train_589791292,val
train_1348845088,val
train_548770493,train
train_4022060601,train
train_515008716,train
train_1082946650,train
train_2291650986,test
train_4127748454,train
train_2122153950,train
train_3541273317,train
train_4144718255,train
train_2963630570,train
train_495977891,train
train_1248043623,train
train_1531617045,train
train_617825150,train
train_1800710326,train
train_169952180,val
train_1858791960,train
train_708750101,test
train_1398823299,train
train_154311975,test
train_1867945326,train
train_337946555,train
train_1038059458,train
train_696653696,train
train_4159531129,train
train_2100544538,train
train_983584924,train
train_1462748551,val
train_2175118729,val
train_2767381009,val
train_2962840955,train
train_1774114530,train
train_1320825819,train
train_1487292084,test
train_723513491,train
train_1923715794,train
train_1684178078,test
train_1321394898,train
train_25335736,train
train_2723834575,train
train_2430302360,train
train_3888707673,train
train_1805109568,train
train_2863557589,test
train_3649821969,train
train_3601403423,train
train_772861563,train
train_1751994187,train
train_801521840,train
train_1856022279,train
train_468415233,train
train_1017805959,train
train_4168655496,test
train_2000598756,train
train_1442718475,train
train_3597470302,test
train_3202466979,train
train_3360457087,train
train_1804673722,train
train_1827414670,train
train_2092912989,test
train_2767067869,test
train_1729704884,test
train_924089680,train
train_2402470990,test
train_1040183760,train
train_1314668292,val
train_3681206124,train
train_3490282909,train
train_1846139535,train
train_1135942744,train
train_1865413913,train
train_1242488516,train
train_1330205575,val
train_2658777017,train
train_3766789181,train
train_2912214468,train
train_2807997319,train
train_2617511606,train
train_462792000,test
train_716064168,train
train_4046509233,train
train_1084194768,test
train_684190575,train
train_3534360592,train
train_3779146763,test
train_2531150056,train
train_744118445,test
train_3137481017,train
train_3151315790,test
train_3487940843,train
train_804858781,train
train_2945969300,train
train_225931216,test
train_2496205780,train
train_706200371,train
train_305118117,train
train_928624809,train
train_3239990781,train
train_1348085002,train
train_349589419,train
train_4167607405,train
train_2432032186,train
train_964164022,train
train_4160910470,test
train_3422378966,train
train_714855258,train
train_667697873,val
train_642372888,test
train_343583590,train
train_685214387,train
train_2318642763,train
train_1173285499,val
train_1901370881,train
train_3889156976,train
train_3478645172,train
train_1556275928,test
train_3745067553,test
train_2235774143,train
train_2157486289,test
train_2074542080,test
train_4143292290,val
train_2459679680,train
train_3862888456,test
train_2013968288,train
train_2390322355,train
train_3117952666,train
train_406368621,train
train_2236089382,train
train_1764269142,val
train_2937686004,train
train_2993862550,train
train_2450764645,test
train_1830909008,train
train_1457109335,train
train_3306266563,train
train_1576882894,train
train_3257875090,train
train_2770162435,test
train_1225376463,train
train_1872604044,test
train_4200168241,test
train_3744795569,train
train_2218223,train
train_1160372647,train
train_3278549255,train
train_3805880107,test
train_3934020566,test
train_2815944370,train
train_2684957537,train
train_2711968080,train
train_75815582,train
train_3925983538,val
train_4267397128,train
train_1862165351,train
train_878591984,train
train_2673399990,train
train_1855884865,test
train_4288606010,test
train_2379263622,train
train_174183094,train
train_488573119,train
train_755564334,train
train_889810754,train
train_4122985593,val
train_4057251172,train
train_952107020,train
train_4076254937,train
train_838103443,train
train_893186053,train
train_2978991111,train
train_2422412127,test
train_3857398510,train
train_4147232086,val
train_1476011164,val
train_3462466691,train
train_3662132065,train
train_3523056673,train
train_1888214459,train
train_269261038,train
train_4136970474,train
train_3988812076,train
train_738779741,train
train_3821081767,val
train_3795529388,val
train_119103124,val
train_3966985085,test
train_1370730062,train
train_395829445,train
train_142174869,train
train_3792664659,test
train_168575109,train
train_3132737811,train
train_2074815632,train
train_3026887040,test
train_2467052053,test
train_1171125260,train
train_4022342710,test
train_2904269160,test
train_2687875972,train
train_2127574222,test
train_2609473857,test
train_2400452998,train
train_2341067904,train
train_2692777847,train
train_1585253025,train
train_4228083465,train
train_224623682,train
train_814709202,train
train_2634958105,train
train_3987924882,val
train_3114803986,val
train_3299308291,train
train_2653817710,train
train_1549876569,test
train_1091539729,train
train_2237249834,train
train_1353228879,test
train_1347858387,train
train_531678307,val
train_2501556027,train
train_2251787207,train
train_2956532461,test
train_3037005936,train
train_2904765777,train
train_4029691207,train
train_3243994891,train
train_94844619,test
train_2243378599,train
train_2319789703,train
train_1625711585,test
train_3971324818,train
train_1632766657,test
train_2801466809,train
train_1496901578,train
train_613897071,test
train_2844388369,test
train_1317879293,train
train_3922529955,train
train_3082994608,train
train_3046259149,test
train_332907883,train
train_414848833,train
train_1428851498,test
train_2131206230,train
train_1060834801,test
train_2463043103,train
train_4061914139,train
train_429434686,train
train_882130225,train
train_2382946865,train
train_951414331,train
train_3710452738,train
train_64605450,train
train_1093166739,train
train_784212692,train
train_912817975,train
train_1978643980,train
train_2262238224,train
train_3316396209,test
train_1192969381,train
train_1885315078,train
train_505515595,train
train_2623884955,test
train_1160063810,val
train_439555983,train
train_3254707817,train
train_3492023112,test
train_2429435095,test
train_1827874369,train
train_803517760,test
train_1933387343,train
train_2134453295,train
train_3814618207,train
train_2982430849,train
train_1110402759,train
train_2517177625,train
train_65205007,train
train_1660747540,train
train_192912907,train
train_2377930084,train
train_2365762721,val
train_3825896562,train
train_2132728645,test
train_2200447420,train
train_2677007807,train
train_878218755,train
train_1752751945,train
train_61917224,train
train_2889037308,train
train_3299507449,test
train_3160785886,train
train_1630772066,test
train_121077738,test
train_4217342563,train
train_4104966543,train
train_4198924907,train
train_3325509170,train
train_2252420540,train
train_1447195766,train
train_1169928501,train
train_324346311,train
train_2868942707,train
train_1798985075,train
train_1968685616,train
train_1347743973,train
train_2717913286,train
train_473543287,test
train_2362194456,train
train_1976268760,train
train_3853208078,test
train_2481079184,train
train_910281090,train
train_616882960,train
train_3329797226,val
train_998273262,test
train_2804746313,train
train_73975064,train
train_2920454055,val
train_572027175,train
train_314762086,train
train_4085449742,val
train_630667540,test
train_2347867382,test
train_2260055230,test
train_3573325557,val
train_2585562217,train
train_254478337,train
train_622647210,train
train_3771263534,train
train_2470785591,train
train_1846159870,train
train_3916038413,test
train_1821662849,val
train_1719793520,train
train_2730895710,test
train_3816070513,train
train_3534961250,train
train_2144076597,val
train_184927035,test
train_522798600,train
train_2852652797,test
train_1364552207,train
train_3251982922,train
train_4029134941,train
train_1843989717,train
train_4087375262,train
train_633121624,test
train_2600864012,train
train_2281819964,train
train_1036085389,test
train_653539895,train
train_3884538671,train
train_2798059187,val
train_2308430657,test
train_3051809208,val
train_1050114888,train
train_2415603876,train
train_1806909711,test
train_844118769,test
train_364057952,val
train_3913619870,train
train_4020864614,test
train_3890409470,train
train_3233001316,train
train_3466020680,train
train_3848286785,train
train_7888320,test
train_381424754,train
train_1158422043,train
train_3576714541,train
train_1635160200,val
train_129836991,val
train_3772137690,train
train_459719681,train
train_3457162428,train
train_4046302885,train
train_1742245858,test
train_1481880581,val
train_3306928128,train
train_878287042,train
train_807902801,train
train_9447710,test
train_1291966156,train
train_1658814981,train
train_3883689826,train
train_3537646151,train
train_2106403674,train
train_2271142019,test
train_78773810,train
train_3721308865,train
train_188166913,train
train_2752088961,test
train_4051664548,train
train_1643528434,train
train_3723239604,train
train_57962590,val
train_3247604450,test
train_4266414587,train
train_3021778256,train
train_2576686428,train
train_1411636339,test
train_4231451100,train
train_423812640,val
train_850792199,train
train_3926531849,test
train_4144814589,train
train_778827035,val
train_2128176597,val
train_1235292029,train
train_3752292,test
train_3216356543,train
train_4220387719,train
train_3659879021,train
train_767047532,train
train_2419351869,train
train_81210566,val
train_875377670,test
train_3335494724,test
train_848319062,test
train_3161885887,train
train_3145533560,val
train_730330873,test
train_1826369098,train
train_793774596,train
train_1913759572,train
train_3860696801,train
train_3263517101,train
train_4205259855,train
train_634177085,train
train_1910703923,train
train_2640454826,train
train_1019655163,train
train_2049456364,train
train_3006538228,test
train_2045114824,train
train_2684813442,train
train_299269300,val
train_3335079326,test
train_2000266174,train
train_496322245,train
train_241099208,train
train_1432266378,train
train_221723416,train
train_2220249707,test
train_1923621309,train
train_1168451063,test
train_2063477531,train
train_2644001399,train
train_2960272185,train
train_202350967,train
train_1853010025,train
train_2172699277,train
train_3981995141,train
train_919290485,test
train_2799986403,train
train_643267610,train
train_3337372942,train
train_4056554715,train
train_4092890561,test
train_1361329190,train
train_3412198283,test
train_3923874561,test
train_3965012836,train
train_2046764214,train
train_3046790791,val
train_1942462322,train
train_725556934,val
train_1804389533,train
train_3895075144,train
train_3449507551,train
train_4081914527,test
train_2140871484,test
train_3710877872,train
train_4266447278,train
train_3980657437,train
train_3279380356,train
train_1652717296,train
train_2128843976,train
train_1759676686,test
train_1149641747,test
train_164240376,train
train_395755779,train
train_1472649548,train
train_2532343890,train
train_3250018927,train
train_1634715639,train
train_2328154133,test
train_3724765127,test
train_2804635248,train
train_88117250,test
train_934944815,train
train_1386432789,train
train_2353818174,train
train_57477388,val
train_2906364802,train
train_2538940102,test
train_653612691,train
train_3260534978,train
train_2457094464,train
train_1859596050,test
train_3861557419,train
train_3152789960,train
train_3281861020,val
train_1974429014,train
train_4270846127,train
train_158262335,test
train_4097823525,test
train_2427672763,train
train_66297975,train
train_976757318,train
train_3612058142,train
train_2325422014,train
train_3278070898,train
train_2024416258,train
train_3288013522,train
train_1744289937,train
train_3863292718,train
train_1149432918,train
train_3683340044,train
train_1106282790,train
train_196125896,train
train_3757815233,train
train_3236483424,train
train_4163258648,train
train_3651560982,train
train_3276258443,val
train_3395309503,train
train_1865458201,train
train_1795075574,train
train_429451410,train
train_2889789620,train
train_3668612809,train
train_3866655205,train
train_1355729717,train
train_1511723047,test
train_2984806581,train
train_4273398058,train
train_3832587785,test
train_1262327190,test
train_2533651344,test
train_694332587,train
train_1601790176,train
train_2311745714,test
train_886269652,val
train_2204289747,train
train_1056765120,train
train_721365760,train
train_3808650262,test
train_4149074192,train
train_3441550980,train
train_3008317453,train
train_517072286,train
train_3185439444,train
train_1656897543,train
train_1587505869,train
train_2550425804,test
train_1769008787,train
train_2624530624,test
train_1503606535,train
train_2014503150,train
train_2614721753,train
train_1004100611,train
train_1534885707,val
train_2939051849,test
train_2628456040,val
train_2227168342,test
train_3006699556,train
train_4099054487,train
train_1057025401,test
train_3736909266,val
train_670955380,test
train_2743119508,test
train_3721025265,train
train_4045312279,train
train_2272124151,train
train_2915306092,train
train_1374847507,train
train_1807410723,train
train_1933482000,train
train_3559234391,train
train_3465342001,train
train_3032515197,train
train_1654595141,test
train_3092089127,test
train_3315290542,val
train_4105424936,train
train_3429322013,val
train_3034244671,test
train_2535876244,train
train_3806044521,train
train_3266096611,test
train_1046602860,train
train_3319077979,train
train_1424741044,train
train_3526414204,train
train_235126713,train
train_4167915731,train
train_2270495100,train
train_2537789277,val
train_3891236395,train
train_1619349758,train
train_3272832598,train
train_3994706331,test
train_320257063,train
train_1973476244,test
train_1866325189,train
train_1234464143,train
train_2172930147,train
train_1580414108,train
train_3683282226,train
train_3159072889,test
train_350932745,val
train_1151679788,val
train_4150754238,train
train_4042562293,train
train_1610718545,test
train_2174915638,val
train_1482447822,train
train_190189136,test
train_1595284236,train
train_2014708552,val
train_2616267468,test
train_1396161074,train
train_3635518209,train
train_4001440517,train
train_1842159190,test
train_4180848305,test
train_2546838944,train
train_2161873669,train
train_2750070745,train
train_3486041823,train
train_882208607,train
train_2657777471,train
train_1950660225,val
train_1653683538,val
train_707664250,train
train_3092127350,train
train_67882445,train
train_2900660334,train
train_4132509225,val
train_239364386,train
train_1042596611,train
train_1484473465,test
train_1515895985,val
train_166829533,test
train_3485808872,train
train_2545196427,train
train_1722972162,train
train_3677311595,train
train_3603475736,test
train_3009299991,train
train_1774277874,train
train_2009360058,train
train_1163126542,train
train_821209436,train
train_2567142329,train
train_978267106,train
train_1829585549,train
train_540955643,train
train_1778147504,test
train_4289686365,test
train_960498736,train
train_2812635874,train
train_2210142014,train
train_4073492428,train
train_2708285059,train
train_2274477324,train
train_448941684,test
train_1589227426,test
train_943427380,train
train_1753256376,train
train_2627628435,train
train_4223785863,val
train_3491538778,train
train_377138199,train
train_4106974013,train
train_1074709937,train
train_4212314878,train
train_188196403,train
train_2163084053,train
train_4062218129,val
train_4078728756,train
train_3125528285,test
train_1508893242,train
train_1615870426,train
train_609609013,train
train_88066819,val
train_2162203768,train
train_3996692130,test
train_1117776222,train
train_492609133,train
train_1279935147,train
train_916885828,train
train_1908494110,train
train_428516660,train
train_473677969,train
train_1020705018,train
train_3069769924,train
train_2170676855,val
train_2486671168,train
train_3962918002,train
train_2962246812,train
train_465970053,test
train_2476542077,test
train_1819733886,train
train_2556001322,test
train_4172891622,train
train_3921688844,train
train_2751766873,test
train_3282778859,test
train_1284342381,train
train_4268681164,test
train_178907621,train
train_171012661,train
train_3079995953,test
train_2307037398,train
train_3939763811,train
train_1746761112,test
train_3809580435,train
train_4021636512,test
train_1962066554,test
train_3115922872,train
train_1308985511,train
train_4284629906,train
train_3858848124,test
train_929314334,train
train_2403866979,train
train_4150765473,train
train_2080710161,train
train_4247265008,train
train_144719847,train
train_3161436729,val
train_125309104,val
train_2839211927,train
train_3712296585,train
train_3772616106,train
train_1154187884,train
train_3206145459,train
train_1144534059,train
train_1784140889,train
train_2877677271,train
train_1561600788,train
train_3590511996,train
train_3915002856,train
train_493482917,val
train_58450502,train
train_3197466889,test
train_2690080984,train
train_3408501044,test
train_4273354520,train
train_3631347430,test
train_4294874773,val
train_1363178471,train
train_2798769957,test
train_4287981323,val
train_788055427,train
train_2987156539,train
train_1459290767,test
train_705647080,val
train_1024990934,train
train_4126605596,train
train_3698308572,train
train_1254623660,train
train_4268260333,train
train_3086196501,test
train_1433170692,train
train_212536284,train
train_848601265,train
train_1276421799,train
train_179413406,val
train_2158396415,val
train_2547022096,train
train_525860842,test
train_4186337049,train
train_1715965184,train
train_564028542,test
train_3062773141,train
train_564907041,val
train_2103256358,train
train_4273577794,train
train_2333100478,train
train_1286236097,train
train_2295995684,train
train_3776660126,val
train_3595120001,test
train_717363950,test
train_368369100,train
train_716964313,train
train_352646006,test
train_4065054332,train
train_1169128372,test
train_1388440477,train
train_1022243336,test
train_4269200740,test
train_3490739784,test
train_2229368142,test
train_2168529207,test
train_975024728,train
train_473228370,test
train_3271271528,train
train_3974886584,train
train_1852343364,train
train_2889950307,train
train_3039788009,train
train_763038638,train
train_527545452,train
train_3415493226,train
train_1965340066,train
train_141849691,train
train_4195443931,train
train_928787605,train
train_3424698894,train
train_2486422784,test
train_526447283,val
train_3573015437,val
train_645576981,val
train_3715780242,train
train_2767739786,test
train_566315919,train
train_145273667,train
train_86810221,train
train_899416561,test
train_2313283817,train
train_433371601,train
train_579594106,train
train_2049480052,val
train_1119644473,test
train_217385417,train
train_1905902496,train
train_3558547570,train
train_2849075166,test
train_1717282402,train
train_4183994442,train
train_507756090,train
train_2713325894,train
train_1898686038,train
train_2497217000,train
train_365719436,train
train_3334769162,val
train_1943444404,train
train_2895388096,train
train_1591088369,test
train_2038462226,train
train_806998559,test
train_2259251524,train
train_2961339388,train
train_2087438210,test
train_2852112635,test
train_2435838468,test
train_4090210751,test
train_3759888172,test
train_2216281864,train
train_4139449240,train
train_3935726540,val
train_2407672932,test
train_2109136468,train
train_3844105688,train
train_2673354149,train
train_1392643506,train
train_3225373164,train
train_1622236758,val
train_761478900,train
train_3098160343,train
train_256668053,train
train_1604251490,test
train_4080162277,train
train_3018870380,train
train_419485409,train
train_3208126535,train
train_4113170451,train
train_1205542338,train
train_3092549507,train
train_3820295082,train
train_3308326714,val
train_2050582549,train
train_680562184,train
train_274322148,test
train_1427344170,train
train_3549060775,train
train_316942477,test
train_747301233,train
train_3614537015,train
train_3821415349,train
train_2404931200,train
train_2176364106,test
train_4089452606,train
train_4017688569,train
train_1659969861,test
train_2852281836,train
train_4083701499,test
train_3999656418,train
train_1962509900,train
train_272032696,test
train_608645426,val
train_4164511179,val
train_2020471718,val
train_941698204,test
train_4121268960,train
train_3435811425,val
train_3851556677,train
train_2161220449,test
train_46588275,train
train_3153393779,train
train_3362510213,train
train_3501082145,test
train_2556781752,train
train_543635581,train
train_4233136181,train
train_4211190878,train
train_3636403098,train
train_1617054752,test
train_2980696874,train
train_4268555270,train
train_1248209230,train
train_694494119,test
train_2155551384,test
train_1999520438,test
train_3507499616,test
train_1138898445,train
train_3078145839,train
train_96601415,test
train_1267298941,train
train_107417116,train
train_2088049673,test
train_3605586935,test
train_2411802719,val
train_3894911408,train
train_942099687,train
train_1480367183,train
train_584159835,train
train_708110251,train
train_2537534447,train
train_1194215048,train
train_4024729812,train
train_3932837526,test
train_3517115705,train
train_391142989,train
train_2341998298,val
train_2601039922,train
train_187018574,train
train_2614439938,train
train_2930492262,train
train_2226730653,train
train_219315523,train
train_4181834509,train
train_2346601204,train
train_249972084,train
train_3208663341,test
train_4239983536,train
train_1319923092,train
train_3560933522,train
train_275718758,test
train_1043802513,train
train_2252720564,train
train_2902950555,train
train_2391274399,train
train_1329091085,train
train_1117718713,train
train_1597930504,train
train_3175646088,train
train_1605045153,train
train_1373055229,train
train_3114353792,train
train_503025445,test
train_1894846247,train
train_2409377451,train
train_3821940118,train
train_352722336,test
train_3998591447,train
train_3605286262,train
train_63220857,train
train_4109149003,train
train_767474191,train
train_549524081,train
train_1325756868,val
train_70223910,train
train_1664793189,val
train_1052338512,train
train_2816424204,val
train_4249951817,train
train_1222985701,test
train_1027536531,test
train_2696794405,val
train_1928569035,val
train_406475183,train
train_3742601403,train
train_1026721159,train
train_1851882944,train
train_1007962948,train
train_4293570304,train
train_4236392986,test
train_3183531790,val
train_2440428831,train
train_3344601482,train
train_687555669,train
train_1701034897,train
train_98440176,train
train_426009707,train
train_4146329680,train
train_3995364796,train
train_1166439934,train
train_3776251992,train
train_3461540528,val
train_3292441106,train
train_2904785735,train
train_3527210162,val
train_1605456569,train
train_2125197646,train
train_2292475517,test
train_1845757750,train
train_3423004240,train
train_2416390351,test
train_2823824337,test
train_908687404,train
train_1702727283,train
train_206097024,val
train_3421587582,train
train_2287232428,train
train_3778113185,train
train_1526777010,train
train_61811259,train
train_2802508243,train
train_708898895,train
train_3498451264,train
train_3259551834,train
train_3006228291,train
train_3023910097,test
train_1958877247,train
train_2287136579,train
train_654392926,train
train_643521550,train
train_607299452,test
train_399193050,test
train_1524284250,train
train_2449675637,train
train_504835201,test
train_2327353613,train
train_1733702012,test
train_2312596979,train
train_1116343782,test
train_4141083946,train
train_1934632435,train
train_503869388,train
train_3614124990,test
train_3225117984,train
train_232751517,train
train_833764713,test
train_2802650162,test
train_802021102,train
train_364658282,train
train_217098604,train
train_3626476894,train
train_412074935,test
train_3711919709,test
train_2491074171,train
train_3825759619,train
train_98301593,test
train_112030992,val
train_2663600938,test
train_4173891545,test
train_761994207,train
train_2442928452,train
train_806513575,test
train_2500998627,train
train_3971259275,train
train_310896259,train
train_583520152,train
train_624283731,test
train_1418812608,train
train_281822199,train
train_3389330639,train
train_2500925011,val
train_1739273325,train
train_2064309819,train
train_2320915147,train
train_1537618943,test
train_2591650844,train
train_3784394441,train
train_3155038444,train
train_2814934063,train
train_2695536557,train
train_1256113454,train
train_520467508,train
train_1106537721,train
train_4119790350,train
train_2728419968,val
train_1478649212,test
train_2869439454,train
train_912801437,test
train_3081805557,train
train_3809931523,train
train_2952987569,val
train_3523967980,train
train_2953737424,train
train_1664499907,test
train_816699597,train
train_488119365,train
train_3599089446,test
train_2407818842,train
train_1765041994,train
train_796416850,train
train_1718710680,test
train_4183031325,train
train_3270834826,val
train_534851834,val
train_3707659706,test
train_3903620738,train
train_1629274723,val
train_3594148706,train
train_1591026850,train
train_755259745,test
train_3004857664,train
train_177999648,train
train_3978121215,test
train_38495461,val
train_2347697013,val
train_2427070200,train
train_3746791750,train
train_3235811784,train
train_4285929321,train
train_3583614537,train
train_3597811191,test
train_4019235405,test
train_1092037771,test
train_2529718997,train
train_1859089309,train
train_3911871182,train
train_2134335840,train
train_2893636089,train
train_757034243,train
train_2663828635,train
train_1216458932,test
train_2278991409,test
train_908079756,test
train_1491907624,train
train_3051753349,train
train_1491109987,val
train_1251012933,train
train_4098241837,train
train_1802523656,test
train_3963233813,train
train_3489862335,test
train_3134007800,test
train_2465402424,train
train_4013171575,train
train_3768010885,test
train_2338298996,test
train_3449578736,test
train_430898776,train
train_13919547,test
train_388479397,train
train_3354074302,train
train_2670762238,train
train_3595296377,train
train_3670469274,train
train_1617944572,test
train_68852032,train
train_2262735115,train
train_3778385187,train
train_4057871143,train
train_1259585693,train
train_1462389903,train
train_3593261092,train
train_406349944,train
train_1963882714,train
train_2776897247,train
train_1131680493,train
train_38277177,test
train_3481815443,train
train_396688401,train
train_137827501,train
train_4247292321,val
train_2109927313,test
train_2710843880,train
train_2044224389,train
train_1578116378,train
train_1119437357,train
train_2054903178,test
train_2715461733,train
train_2467054940,val
train_3971348555,train
train_275743421,test
train_1953454267,train
train_2222244393,train
train_3858242075,train
train_3318187133,test
train_638468018,train
train_2144713791,val
train_4103474654,test
train_1846901692,train
train_4043610826,val
train_874987500,train
train_2059417069,val
train_2541396454,val
train_2539832614,val
train_1738625251,train
train_4236099580,test
train_335694746,train
train_3832503849,train
train_2348536683,test
train_4030550476,train
train_506501285,train
train_273024413,train
train_2539875384,test
train_3393121659,train
train_2638302263,val
train_3985659020,test
train_3685948893,val
train_3569318030,train
train_956165758,train
train_145707973,train
train_1780483725,train
train_330174461,train
train_2900399588,train
train_1071515585,train
train_1050063034,train
train_147687399,train
train_639011448,train
train_3310190915,test
train_756446839,train
train_2754078757,train
train_3071918176,train
train_1645182345,test
train_1590005202,test
train_2596617364,train
train_1191124433,val
train_1533267321,test
train_3958237951,train
train_1388236085,test
train_2280573808,train
train_3986225753,test
train_1678357778,train
train_4294618216,train
train_2659321958,train
train_2334835797,train
train_2496451866,train
train_444477261,test
train_4263550405,test
train_1989092534,train
train_644611264,train
train_273425417,train
train_3485057717,train
train_3473379097,train
train_1834407379,train
train_97531094,train
train_4278082081,train
train_3720772488,train
train_1007590256,train
train_3426706991,train
train_2334936493,train
train_864141050,val
train_3612668669,train
train_1983528486,train
train_3038194531,train
train_3378198738,train
train_4024124598,test
train_284379673,train
train_2741884156,train
train_1775330437,train
train_3097020691,val
train_4110769993,test
train_337058529,train
train_2283676789,train
train_3916257963,train
train_1526583780,train
train_3474709256,train
train_1976260337,test
train_2161212001,train
train_2837677349,train
train_1638620442,train
train_3447449747,train
train_1601839095,test
train_2515193197,train
train_2213748250,train
train_1650453374,train
train_719813658,test
train_571427149,train
train_2658879445,train
train_3943566111,test
train_2225558922,train
train_1739077187,val
train_2117084582,test
train_1389389311,train
train_2520214787,train
train_3911014003,train
train_2901373320,train
train_3684962195,train
train_1873674461,train
train_3804703799,train
train_1113629960,test
train_166310359,val
train_2326717765,train
train_1610381429,train
train_1479109088,train
train_370235270,train
train_4079169091,train
train_719495468,val
train_1568518077,train
train_595734542,test
train_927687,train
train_3535890568,train
train_4061795341,train
train_56906470,train
train_1611440564,train
train_1038767026,train
train_4283898934,test
train_957290611,train
train_1034205591,test
train_2400048950,train
train_1172347508,train
train_1863744997,train
train_294230277,train
train_3256144328,train
train_3080711024,train
train_2981281918,train
train_3098760997,train
train_355892436,test
train_840359517,train
train_1735991265,train
train_1174770347,train
train_2257775682,train
train_3008493180,train
train_2201914871,train
train_4181243211,test
train_1100814948,train
train_3579646090,train
train_1583901459,train
train_1884039651,train
train_492714301,train
train_2146443016,test
train_242776411,train
train_2963966079,train
train_82674969,train
train_1371773823,train
train_1030616675,train
train_605133466,train
train_209300490,train
train_3452362708,train
train_495711152,val
train_2798092982,train
train_885176752,train
train_3215148192,train
train_3940419186,train
train_1107739401,train
train_763200458,train
train_4199441585,train
train_4104168979,train
train_2762621815,test
train_2262105730,val
train_3956486072,train
train_2921661771,test
train_222068711,train
train_3340090343,val
train_1212128151,train
train_608468328,train
train_4247942072,train
train_202412981,train
train_853990693,train
train_2403646199,train
train_2316253145,test
train_1419271811,test
train_2998205760,train
train_19069623,test
train_2781398083,train
train_2187852863,test
train_3855605518,train
train_4044141741,train
train_3526721909,val
train_3030631503,test
train_3419468751,test
train_3809881145,train
train_736310903,train
train_113122584,test
train_3441454206,test
train_3266968762,train
train_348739298,train
train_2931915089,train
train_3660183640,train
train_767822899,test
train_2976175116,train
train_1361889535,train
train_4046796059,train
train_789059444,val
train_1001441372,train
train_311182849,train
train_3641357576,train
train_531468740,test
train_894526102,train
train_3102186303,train
train_1764650948,train
train_2265745652,train
train_2786201635,train
train_193277703,train
train_1272509221,train
train_3109830513,train
train_666822714,train
train_496276977,train
train_1836502843,val
train_2614872794,train
train_150841277,train
train_1744311766,train
train_3592039825,train
train_2335068901,train
train_454415137,train
train_62759180,test
train_286702028,test
train_2346278642,train
train_3892983974,train
train_1888202656,train
train_2783240570,train
train_720521027,train
train_3744550434,train
train_3114089664,test
train_1887992203,test
train_3005991449,train
train_4020653619,train
train_2358518833,train
train_1601056665,train
train_1602893681,train
train_1444069023,train
train_2036826486,train
train_1409167119,test
train_257563836,train
train_4163585798,test
train_1341888517,train
train_3918745736,test
train_2771220322,test
train_4035142229,train
train_2619338771,test
train_2043992726,train
train_1282363663,train
train_1045617506,train
train_1638756522,train
train_582224348,train
train_610303862,test
train_1214552840,train
train_4101295791,val
train_1565713865,train
train_2122977119,train
train_3500331962,train
train_2451759182,train
train_3070329808,train
train_4096875255,train
train_1085270805,train
train_853046858,train
train_188151610,test
train_4257137841,train
train_4199947058,train
train_391924404,test
train_2748909005,train
train_2443498231,test
train_3649236059,train
train_938376852,train
train_1023826033,val
train_329061904,test
train_2759568795,test
train_1215764371,train
train_2940989903,val
train_1724951249,train
train_4179262963,train
train_901106334,train
train_2135704168,test
train_1219240331,val
train_3019977879,test
train_4040737333,train
train_1586886239,train
train_154147306,test
train_3950728911,test
train_4127880462,train
train_430578282,test
train_2864876417,train
train_2749419507,train
train_625358392,train
train_3881545855,test
train_2147846099,val
train_677908857,test
train_4032813586,test
train_570300471,train
train_2636497189,train
train_1630338089,train
train_1453335761,test
train_1012206555,test
train_3552869290,test
train_1810282872,train
train_3660458012,train
train_1626889862,train
train_172441244,train
train_2227303926,train
train_3807771638,val
train_3654354036,train
train_250620483,val
train_651310855,train
train_3060034176,test
train_2387427315,train
train_39638575,test
train_851990692,train
train_2612418826,train
train_3876508712,train
train_1263132979,train
train_3102839065,train
train_4180759647,test
train_2189109220,train
train_1857987688,test
train_1354360830,train
train_1661060716,val
train_4232478453,train
train_649619183,test
train_3239060665,train
train_1043947433,val
train_3407993045,train
train_1020436726,train
train_3432138627,val
train_3747937361,test
train_544777172,test
train_3786834337,train
train_2275982538,train
train_349402318,val
train_1456539795,test
train_287404335,test
train_1060085181,train
train_425949105,train
train_271741410,train
train_3175594201,train
train_1774060506,test
train_1012569092,train
train_2533303800,train
train_4127127678,train
train_1064607954,train
train_2797424882,train
train_2789453100,train
train_2228364772,train
train_2354117007,train
train_2616741105,val
train_2536555465,train
train_4178882316,train
train_3908607237,train
train_3776319002,train
train_2330514808,train
train_774269840,train
train_216877894,test
train_4197712123,train
train_10501813,val
train_2657415607,train
train_3349835466,train
train_1881748763,train
train_3351078479,train
train_254950587,train
train_4249481052,train
train_3403305036,val
train_2623880286,test
train_3948077666,train
train_2894169285,train
train_2590350015,train
train_2391906974,train
train_1878023095,train
train_2483309946,train
train_129698698,train
train_3419746647,train
train_2104563115,test
train_3285172794,train
train_2909754645,test
train_2593713915,train
train_394847922,test
train_578634056,train
train_755003837,train
train_1437532284,test
train_773710068,test
train_3838071050,train
train_3774968925,test
train_1284109199,train
train_1277567387,train
train_2084044484,train
train_2995869530,test
train_3470882559,train
train_1562371395,train
train_3411295014,train
train_1949149611,test
train_4089623866,test
train_791254714,train
train_2822900472,train
train_1798527968,train
train_2482651674,train
train_3947899190,train
train_2203857077,train
train_1016137542,test
train_305125151,train
train_1962752241,train
train_884791303,test
train_72998920,train
train_1955194639,train
train_622747636,train
train_2960623507,test
train_486455587,test
train_2167669212,train
train_1997621560,train
train_2194469939,train
train_2183661490,train
train_1559448184,train
train_2880800098,train
train_4147865566,train
train_868448536,train
train_4071413192,test
train_284725453,train
train_2964361567,train
train_4203830660,train
train_2281294926,train
train_4104178817,test
train_3389524592,train
train_773741316,train
train_2135431926,train
train_2039787872,train
train_671476491,train
train_2450277487,val
train_3529814187,train
train_1233334480,train
train_1195126472,test
train_2434647244,test
train_2264584728,val
train_928051538,train
train_3613530378,train
train_25649254,test
train_813716427,val
train_738155261,train
train_761719255,test
train_3758642579,train
train_2196844112,train
train_1328162672,train
train_2531216694,test
train_922813509,train
train_579393766,train
train_717804360,train
train_2748849507,train
train_4265678975,train
train_1344036851,test
train_2203133784,train
train_2852631389,train
train_920284861,train
train_908420933,train
train_720257832,train
train_936939747,train
train_2289614118,train
train_2214962973,train
train_1380243413,val
train_535430996,train
train_1760586720,train
train_2677277661,test
train_3796820482,test
train_756444791,train
train_2114711451,train
train_1818193598,train
train_4024830915,train
train_2918162950,train
train_1827504717,train
train_3814015820,train
train_1115064044,val
train_4091655323,val
train_604631752,train
train_1969520373,train
train_3436400941,train
train_1070875444,train
train_749552896,train
train_3086698828,test
train_498671796,train
train_290750343,test
train_2571048404,train
train_1160202231,val
train_3695725085,train
train_2485506553,test
train_2012409310,train
train_2146677820,test
train_3734037305,train
train_4056234023,train
train_31562298,val
train_3631880835,train
train_1292461567,train
train_3679288774,test
train_3572480709,train
train_1705579600,test
train_685266228,test
train_797665249,test
train_2527363655,test
train_4062201157,val
train_1081627741,train
train_2196899834,train
train_3886207090,train
train_1265825786,test
train_1024346798,test
train_94593386,train
train_3883284924,train
train_703677390,test
train_514346636,train
train_2704963801,train
train_4186171154,train
train_3409297259,train
train_1863456325,train
train_104952904,train
train_2181764184,test
train_3377174283,train
train_2637674835,val
train_328759829,train
train_2492542340,train
train_2685037341,train
train_1953634606,train
train_2643998036,train
train_3214034262,train
train_2537228956,val
train_3302095445,train
train_3645816004,train
train_3114113754,train
train_2340853706,train
train_2211057274,train
train_2207402328,train
train_2875308009,test
train_2732805077,train
train_822148329,train
train_4279868312,test
train_1017458791,train
train_374726004,test
train_131113982,train
train_439323222,train
train_1833257672,train
train_1646767365,train
train_3330432195,train
train_1455934832,train
train_372387637,train
train_1948269277,train
train_3219026795,train
train_2325077320,train
train_3366430093,train
train_516663932,train
train_2617858290,train
train_122632668,train
train_3110391688,train
train_1788875890,train
train_1885390573,train
train_1355270175,train
train_1844990827,train
train_1795985319,train
train_2178852681,train
train_2986942392,val
train_1688331998,train
train_2149302447,train
train_4124756225,train
train_3040815559,train
train_3795656638,train
train_2124236497,train
train_2039218064,train
train_59093589,train
train_1120090923,train
train_3091717189,test
train_3187651474,test
train_3712150762,test
train_3341165040,test
train_4216639529,train
train_3485107492,val
train_2677100375,train
train_3587411993,train
train_2119315713,test
train_2549656250,val
train_2212758843,test
train_3967841150,train
train_1464663964,train
train_434946210,test
train_1062957964,train
train_4124267548,train
train_4148861270,test
train_2438725351,test
train_2182309345,train
train_4201231801,train
train_3266336550,train
train_2439915591,train
train_1571298184,train
train_4233629640,train
train_3361690846,train
train_801126078,train
train_1107840349,train
train_3082376035,train
train_341657347,test
train_2661834719,train
train_961109404,test
train_1915993360,train
train_3602691225,train
train_1330945664,train
train_3238578922,test
train_1072722554,train
train_2316208205,test
train_433706452,train
train_1727470059,train
train_1941131050,train
train_2434193,train
train_310129243,train
train_3296487786,train
train_1660164655,train
train_4193006014,train
train_1718767748,train
train_2174159489,val
train_970708776,test
train_2126368055,train
train_341329498,test
train_1013348276,val
train_3204764093,train
train_1910135900,train
train_1233858806,test
train_4133225902,test
train_3946089258,test
train_2358842225,train
train_4254710401,train
train_983696291,train
train_1758903786,train
train_3927311015,train
train_1844994299,train
train_2261700881,val
train_2129241233,test
train_936576586,test
train_4203811144,train
train_1330974405,train
train_1829508320,train
train_3777120960,test
train_2292628458,train
train_4139904215,train
train_2573361306,train
train_3435207293,val
train_1589074615,train
train_1296524903,train
train_1567803105,test
train_2828848246,train
train_2047437241,train
train_3316876884,train
train_551652684,val
train_1234701081,train
train_536768093,val
train_3020446014,test
train_1515268509,val
train_3515629159,val
train_3560228585,train
train_3934255470,train
train_1236075269,train
train_4234568695,train
train_3955170571,train
train_2180786642,train
train_1228792257,val
train_2688732274,train
train_1429585174,val
train_306118460,train
train_898462994,train
train_4271767185,train
train_2448921702,train
train_3028267051,train
train_2703178025,train
train_2106691239,train
train_3034667359,train
train_1478384315,val
train_3663692632,train
train_1034191080,test
train_1837649196,test
train_2659537492,test
train_2307897736,train
train_1850899463,train
train_555628110,train
train_3863761097,train
train_3946087090,train
train_1041057287,train
train_1319980668,train
train_2314394714,test
train_3654098869,train
train_3937437939,train
train_3535110930,train
train_4135197658,train
train_3930902950,val
train_669958415,test
train_3751661348,test
train_2855329700,train
train_1037288310,test
train_3778923189,test
train_2398065496,train
train_1899898770,test
train_3378192076,train
train_3887526418,test
train_3733390587,train
train_2765626362,val
train_2907999856,train
train_2616933437,train
train_164809184,train
train_3865084374,train
train_3185663292,train
train_3328768810,train
train_1489322613,train
train_4268933839,train
train_1318178547,train
train_2486483844,test
train_2103455047,train
train_1638811354,train
train_915651456,train
train_2466200804,train
train_249567903,train
train_2012061040,test
train_1749769007,test
train_2045611962,test
train_2051717583,train
train_1840877240,test
train_3048513916,train
train_898772860,val
train_3791193157,train
train_1454617016,val
train_4135803813,train
train_706089476,train
train_552260985,test
train_3817463394,train
train_3801485995,train
train_2138022471,train
train_2627262318,val
train_2594944462,train
train_998669831,train
train_3946584852,val
train_3782432531,test
train_2709756303,val
train_2297918130,test
train_1949926993,test
train_3850801752,train
train_1121628948,test
train_3560675387,test
train_1008464193,test
train_2937316438,test
train_2811115166,test
train_1952293796,train
train_2784722522,train
train_3533869634,train
train_1414385957,test
train_2046420703,train
train_3350724434,train
train_695052723,train
train_3180824720,train
train_597149354,train
train_833904369,test
train_1805661226,train
train_1044162567,train
train_2774648570,test
train_442877987,train
train_555777962,train
train_1388148051,train
train_4031914591,val
train_938740983,train
train_2600643548,test
train_3934841463,train
train_3639374022,train
train_1535046174,train
train_233189922,train
train_2470852344,train
train_1768881373,train
train_3779430584,val
train_274799069,train
train_2429577566,train
train_2116740734,train
train_2308344468,train
train_3470334462,train
train_944070593,train
train_674425085,train
train_3181779284,train
train_3789517483,train
train_1670244805,train
train_2873659980,test
train_2603202929,val
train_2169547851,val
train_1692658759,test
train_3841955832,train
train_2268724867,train
train_2947917508,train
train_914652401,train
train_3612493106,test
train_1326520470,val
train_2084531008,train
train_3269019251,train
train_377301035,train
train_1593250562,train
train_1701862324,test
train_3866295287,train
train_2144058579,test
train_3921257673,train
train_3129639422,train
train_1909095598,train
train_101672665,train
train_2280403927,train
train_177965756,val
train_2376929390,train
train_4277673748,train
train_2525083639,val
train_2189020944,val
train_2255128830,test
train_131056969,test
train_366905830,test
train_1469169243,test
train_3479302020,train
train_2641209943,val
train_2819580772,train
train_3705288925,train
train_4022663119,train
train_3886485880,train
train_3239024411,test
train_2844717002,train
train_3814562139,test
train_2673394042,train
train_381544297,train
train_3387065879,train
train_455286484,train
train_2048127942,train
train_2351987000,train
train_901040194,test
train_409855776,val
train_4281917197,val
train_724410092,train
train_2823740522,train
train_56286768,test
train_3468709076,train
train_1019555861,train
train_2868516906,train
train_3039798619,train
train_269639409,train
train_3100846127,train
train_1595372903,train
train_3039243001,train
train_941096710,train
train_3994057220,train
train_1546406396,train
train_3371093064,train
train_586642697,train
train_2621849013,train
train_17278464,train
train_1223192201,train
train_2456276162,train
train_2514556108,train
train_468380451,test
train_3138791293,test
train_2503171761,val
train_4149928554,test
train_3436667054,train
train_2819377261,train
train_2569387637,train
train_1969739914,train
train_1470861408,train
train_767763075,train
train_3004377985,train
train_418897980,train
train_1560793278,val
train_1004589054,train
train_3753358230,test
train_1528635657,test
train_221172337,test
train_3815779129,val
train_997243066,train
train_1361460397,train
train_2089704333,train
train_261722856,train
train_998681118,train
train_1424829145,val
train_2109174539,train
train_1027989386,train
train_3809061300,train
train_1930027239,val
train_3419767282,train
train_497897366,train
train_650873796,train
train_452814050,test
train_1480338494,test
train_2882741384,test
train_3504382111,train
train_10286322,val
train_1474433087,train
train_324880452,train
train_3096112797,train
train_3167299883,train
train_2373300289,train
train_1151899548,train
train_568622705,train
train_3507638499,train
train_870167067,train
train_2166275064,train
train_854198934,test
train_1909279089,train
train_4030500046,train
train_4061800201,val
train_3378121318,test
train_1993518810,test
train_1569929804,train
train_2383436257,train
train_4286239268,train
train_4248414934,train
train_3802069875,train
train_2724373539,test
train_2933228453,train
train_2330963555,val
train_239849978,train
train_1375119620,train
train_3783876218,test
train_2932741562,train
train_1326272092,train
train_1806470370,test
train_4009730615,train
train_1623498022,train
train_1245418743,train
train_4086370253,val
train_3528814512,train
train_862364804,train
train_2172611824,train
train_2338964307,train
train_1609605948,train
train_2685171968,train
train_2643109250,train
train_2828231393,train
train_3181989684,train
train_2979929589,train
train_619297071,train
train_1606117471,train
train_4109048757,train
train_1142177512,train
train_3679990933,train
train_1514891344,train
train_1513549796,val
train_3960290209,train
train_247887619,train
train_1784150383,train
train_2605560315,test
train_1778175585,train
train_3774159682,train
train_2365149967,train
train_930513339,train
train_2917817015,train
train_3796436990,train
train_2429387952,test
train_4265322390,train
train_818562223,train
train_3738387991,train
train_1875066034,train
train_1713717502,train
train_419246294,train
train_2110542653,train
train_2719185123,val
train_228578981,train
train_3755300225,train
train_3393298560,train
train_2327350875,train
train_850786454,train
train_3489678996,train
train_353691984,train
train_443343552,train
train_1658685240,train
train_3883510639,train
train_2842734981,test
train_153609311,test
train_2904440967,train
train_477313996,test
train_3951806345,train
train_3456690471,train
train_1968824433,test
train_1148749168,val
train_119706899,test
train_576266310,train
train_514662788,train
train_32208584,train
train_3153016973,train
train_4187541417,train
train_1777649171,train
train_1485864811,train
train_2029263144,train
train_2612845574,test
train_1673464025,train
train_3187917812,test
train_1935654124,train
train_1424659126,train
train_1388891129,val
train_2907160614,test
train_2834080811,train
train_3838038876,val
train_419469334,train
train_3159928461,val
train_1950903579,train
train_2528334920,test
train_894773007,train
train_2348128412,train
train_866434091,test
train_4061410208,test
train_4268402778,train
train_1480852021,train
train_2686818880,train
train_913594188,test
train_254735147,train
train_1099864690,test
train_2455831838,test
train_914500858,train
train_3345710294,train
train_1021380081,train
train_31527834,train
train_2598791367,train
train_1990175637,val
train_1474163451,train
train_1455281279,train
train_1397414947,train
train_4197947696,train
train_1798488011,val
train_1645861079,train
train_2645773635,train
train_1215231474,train
train_2659851722,train
train_3807391854,test
train_711054444,train
train_3405942863,train
train_1251200453,val
train_3011057829,train
train_1752819417,test
train_1159300195,test
train_3279739803,test
train_2711780517,train
train_2666766145,train
train_1795803441,train
train_3012501582,train
train_692156700,test
train_2160809358,test
train_2041221256,train
train_1430245046,train
train_366493747,train
train_1169228691,train
train_1844608486,train
train_1323699952,test
train_2740453966,train
train_3329786921,val
train_3286719333,val
train_2615269941,train
train_903348982,train
train_2377858684,train
train_2932848618,train
train_2849735715,train
train_986859349,train
train_343764675,train
train_1980956248,train
train_3745486771,train
train_2190909112,train
train_1486076286,train
train_1357187258,train
train_380544224,test
train_1336746604,train
train_819374109,test
train_1866891296,train
train_397336284,train
train_1516658690,test
train_4107127874,test
train_1699510972,train
train_3135216580,train
train_1886046676,train
train_1090069629,train
train_1889663495,test
train_1660035541,train
train_1025926779,train
train_2313240511,train
train_1299101102,train
train_266542495,val
train_3566378708,test
train_572685081,test
train_1239658678,train
train_446671924,train
train_2480880453,test
train_1470862338,train
train_1613687575,train
train_2314221198,val
train_181102375,train
train_3858672654,train
train_2270766486,train
train_3042536671,val
train_1026160126,train
train_3801155079,test
train_630986936,train
train_1153431530,train
train_2046510377,train
train_625566324,train
train_1398003133,test
train_3063680560,train
train_3703087478,train
train_199130401,val
train_1075856694,train
train_4081104646,train
train_1146285530,train
train_3102552614,val
train_682158258,train
train_646813279,train
train_2651796659,val
train_3555725247,train
train_4116241623,train
train_2768961005,train
train_2416568905,train
train_3626806969,train
train_2940085807,train
train_3711375133,train
train_3747631681,val
train_3524162314,train
train_1747778748,train
train_1456815916,train
train_2793994834,train
train_2356906987,test
train_633464770,test
train_3604779798,test
train_1436593095,test
train_79179865,train
train_1242723053,train
train_374325575,train
train_2870388328,test
train_574318451,train
train_3950985944,train
train_3243826013,test
train_804658471,test
train_3327659595,train
train_1326438181,train
train_1651193448,val
train_3047902994,train
train_2785460726,val
train_591583743,val
train_1434598598,train
train_3854662912,test
train_2023058384,train
train_1585533401,train
train_3119532419,train
train_3172261220,test
train_1967720846,test
train_896689812,train
train_1764917682,train
train_87188006,train
train_2965624403,train
train_1543375816,train
train_2301503145,train
train_134322313,train
train_406151176,test
train_3837607576,train
train_4210833555,train
train_1366911356,train
train_4036050842,test
train_3891372660,train
train_3479963427,train
train_20426298,train
train_2299608698,test
train_3378257727,train
train_3410201577,train
train_314730032,train
train_3417446546,train
train_2166852279,val
train_3805328859,train
train_760136955,val
train_2012676576,train
train_1774201771,test
train_4180457104,val
train_1137330223,train
train_11180351,train
train_646626742,train
train_1666509395,train
train_1623202325,train
train_636056597,train
train_1304601162,train
train_1488450684,val
train_345099541,train
train_3394927501,train
train_1152133090,train
train_780872716,train
train_4139705106,val
train_3825813594,train
train_3309914088,train
train_1000653457,train
train_2641458701,train
train_2978419164,train
train_2137237302,val
train_4064455035,train
train_2992733115,val
train_3918784468,train
train_2923849460,test
train_1445254566,train
train_626830736,train
train_982379458,val
train_1234381237,test
train_3805367181,train
train_876086214,train
train_1430630186,test
train_1431408064,train
train_2496970001,train
train_416099925,train
train_4200300309,train
train_4266613084,train
train_2292660870,train
train_1541128327,test
train_2078337334,test
train_2323922002,test
train_1482485086,test
train_681657840,test
train_3001040116,test
train_2878149599,test
train_1688880432,test
train_1177638570,train
train_3414526202,train
train_3932109583,val
train_3980651300,train
train_1243273817,train
train_1798099015,train
train_2657887277,train
train_1126985677,train
train_2241560453,test
train_3013055580,train
train_3826440720,train
train_264319412,train
train_3856823731,train
train_3852524785,train
train_3082115623,train
train_1213476026,train
train_3769401228,train
train_689374251,test
train_2433215575,train
train_1548663553,train
train_467649018,train
train_2391879281,train
train_728255626,train
train_3854215320,train
train_1010043803,train
train_1213154637,train
train_319000217,train
train_1372595780,train
train_1648344576,train
train_4135778193,test
train_2998559497,train
train_2926618543,train
train_1156407843,val
train_1900643623,train
train_3962744211,train
train_1460317518,test
train_3536385657,train
train_3381731304,train
train_3746348628,train
train_868458379,train
train_3272267803,train
train_2459441329,val
train_605824775,train
train_603506205,train
train_3363034559,train
train_1258251589,test
train_3151005327,train
train_3991875758,train
train_3210343892,train
train_3614777663,test
train_3341109555,train
train_110859745,train
train_1110696560,train
train_1367120467,train
train_3201798165,test
train_1263924934,train
train_4265070359,train
train_1904352281,test
train_1552572312,train
train_2555997217,train
train_784603819,test
train_4061750790,train
train_165587202,train
train_382087127,test
train_470002061,train
train_2347992436,val
train_3435919051,val
train_1312626962,test
train_1399677258,test
train_2191026241,train
train_2071406463,train
train_1677762632,train
train_3643255838,train
train_4218151880,train
train_2186527082,train
train_1214784999,test
train_4172556635,test
train_1240650227,test
train_3436617016,train
train_1493578474,train
train_345354225,train
train_2404220818,train
train_301764669,train
train_3712392702,train
train_1320790304,train
train_1483411365,train
train_466977993,train
train_2034695925,test
train_3903027521,test
train_2842361701,train
train_3954675484,train
train_4261068376,train
train_2802575407,train
train_3916258742,train
train_3758535389,val
train_1001207739,train
train_623333284,test
train_1893892063,test
train_2685354692,train
train_1660655368,train
train_4057853372,train
train_3052127159,train
train_25475799,train
train_891280829,train
train_3431726861,test
train_2940174928,train
train_274271263,test
train_1198285781,test
train_1413561637,test
train_3413342897,test
train_1059477567,test
train_1071737547,train
train_2488689568,train
train_2221959828,train
train_178802319,val
train_2063621865,test
train_3541896979,train
train_1063306230,train
train_1163846796,test
train_1599752075,train
train_2454588595,test
train_3727286432,train
train_1112488054,train
train_4262333427,test
train_789691321,test
train_820125506,train
train_633287523,train
train_1990680608,train
train_2638340240,test
train_1385150840,test
train_2990784859,train
train_1700834731,train
train_571971394,test
train_2446614659,val
train_1439137232,train
train_704020082,train
train_3002937896,val
train_1111393330,train
train_1209485949,test
train_2285736045,train
train_702728845,val
train_250877577,train
train_777626447,train
train_2015509978,train
train_1226484637,train
train_2300833590,test
train_1735744156,train
train_3674131937,train
train_241469466,train
train_3935314898,train
train_85315718,train
train_3554091328,test
train_538062201,train
train_3525965748,val
train_3435013477,train
train_4275933155,test
train_417050646,val
train_314418966,test
train_3715236943,train
train_1570739004,train
train_754099419,train
train_3614622072,train
train_3198752125,train
train_1462378843,test
train_3880734745,train
train_168073910,train
train_1536905259,test
train_1542356102,train
train_749443117,train
train_4183029297,test
train_1387702006,val
train_3484898986,train
train_2693181292,val
train_2970276831,test
train_3519875878,train
train_37758027,train
train_566102721,val
train_3137802022,train
train_3097113446,test
train_3576573371,train
train_3842648750,train
train_3880383403,test
train_755457059,train
train_806985876,train
train_1303647083,val
train_786860500,test
train_4143966868,train
train_1178889637,train
train_2222652950,train
train_2401163738,test
train_1058683983,train
train_3001964915,train
train_825715525,train
train_717214218,train
train_3217085115,train
train_713836012,train
train_1761296074,val
train_2023772242,train
train_2793862103,train
train_1230686683,test
train_3670377032,train
train_599355851,train
train_3848128352,test
train_2639959852,train
train_2538751282,test
train_1789856167,train
train_1432945117,test
train_4143298844,train
train_3033563461,train
train_98311318,train
train_1902225163,train
train_666850776,train
train_3696396217,val
train_3576614501,train
train_1676243567,train
train_3532550507,val
train_1910016857,val
train_3509173705,val
train_2362689031,val
train_2258297475,test
train_1725424642,train
train_34366758,train
train_3942895494,test
train_261120063,test
train_3752293438,train
train_1977033011,train
train_2896901778,train
train_17497755,train
train_3419220923,test
train_4026112037,train
train_469543135,train
train_4148213728,train
train_4025540661,val
train_1402945963,train
train_684864700,train
train_1074605792,test
train_90830882,train
train_3963427946,val
train_467936510,test
train_3867184811,train
train_3861591236,val
train_2893314916,train
train_4186246464,train
train_13894151,test
train_3463739263,train
train_3628020090,train
train_1184975473,train
train_1927924972,train
train_864201550,train
train_2728078938,train
train_3024433890,train
train_2289456337,train
train_2992100940,train
train_2148801017,train
train_266137335,train
train_88436472,train
train_3372364970,val
train_228630681,train
train_4126715578,train
train_850116023,test
train_2439731824,train
train_2154300739,train
train_1027469877,train
train_2812751893,train
train_2082060769,train
train_3913636524,train
train_2222410941,val
train_3252614995,test
train_3566157384,train
train_3518539778,test
train_2488510284,test
train_1410347014,test
train_956744376,train
train_1479764505,train
train_2936578934,test
train_1426680949,train
train_3706403996,train
train_473472641,train
train_3719418971,train
train_1756025304,test
train_1997808959,train
train_4218490364,train
train_3740797430,test
train_3629791021,train
train_2481941857,train
train_2837452969,train
train_77364776,train
train_4132838266,train
train_3383449710,train
train_3730004566,train
train_709712976,train
train_3211795366,train
train_1104433299,train
train_845154408,train
train_1201057011,train
train_34820521,train
train_3333482635,train
train_3554012004,test
train_3555259741,test
train_747109963,val
train_65314115,train
train_2834253687,test
train_3183089740,train
train_3101172606,train
train_2024500122,train
train_3839389054,train
train_2937352159,test
train_582378833,train
train_2491752890,train
train_49584314,train
train_2329350215,train
train_624739279,test
train_2605726069,train
train_411417476,train
train_3848902075,train
train_1462484558,train
train_198373906,train
train_1831219597,train
train_1815147850,train
train_3783297163,train
train_3975273730,train
train_3952340036,train
train_3604303672,test
train_3527958463,train
train_1458185100,train
train_2633833217,test
train_1410996155,test
train_1062277934,val
train_835214606,val
train_1931149542,val
train_1324885653,train
train_1317596703,train
train_1469214423,train
train_3781179766,train
train_1234329773,train
train_1732938465,train
train_2663048643,train
train_53372040,test
train_154586791,test
train_954707076,train
train_2687262658,test
train_4250716993,train
train_496620773,test
train_3719182359,train
train_3395208027,train
train_4224141855,train
train_3063158734,test
train_1709752019,train
train_1995836519,train
train_1385023210,train
train_3989863821,train
train_941322764,train
train_2490092661,test
train_1643230157,train
train_788135941,train
train_3188696372,train
train_3770397438,train
train_2638398381,train
train_3725088370,train
train_1892696511,val
train_771554482,val
train_2251913187,train
train_1277831790,train
train_1027977874,train
train_1292079982,train
train_26652947,val
train_2760568590,train
train_3714515206,train
train_1380338571,test
train_1250679289,train
train_2813163206,train
train_2053868642,train
train_2814244351,train
train_2826113576,train
train_925942902,test
train_1056457683,val
train_3126711802,val
train_3479791148,train
train_396904596,train
train_3561717552,train
train_3017172184,train
train_1959294812,test
train_3730026387,train
train_1665366953,train
train_2840508723,train
train_789276139,test
train_1323768754,train
train_268438202,train
train_943609133,train
train_804189545,test
train_176407042,test
train_725369315,train
train_3356352978,train
train_1394289258,val
train_4252564848,val
train_678550744,train
train_2480394073,train
train_4257131933,test
train_1670462255,test
train_4015530577,train
train_4074716428,train
train_4243480334,train
train_2398344447,test
train_2371753544,val
train_2952557165,train
train_2461306403,train
train_3279663043,train
train_445088843,test
train_3715588334,train
train_1195027708,train
train_1843848092,val
train_3691205052,test
train_3374872312,train
train_4065750643,train
train_1691532552,test
train_4135494872,train
train_2807142309,train
train_2445730261,train
train_928473113,test
train_1873419172,train
train_3528412586,val
train_1923995513,val
train_607784103,train
train_1890865581,train
train_3212204957,test
train_626532460,train
train_229353819,val
train_163456278,test
train_2257927503,val
train_2231146453,train
train_904388421,train
train_3410476832,train
train_2678768983,train
train_3574336130,train
train_2399534497,train
train_143810349,train
train_891671301,val
train_1005466581,train
train_2705932532,train
train_1991009626,train
train_3395842,test
train_1361575124,train
train_607899199,train
train_986792683,test
train_3410835640,train
train_4107761202,train
train_631517909,train
train_1718495112,train
train_244878782,train
train_1136969496,train
train_1945984397,test
train_2427126863,test
train_446568604,train
train_316738669,train
train_4066714436,train
train_558827082,train
train_3867305505,train
train_1042623801,train
train_2652323010,train
train_775851344,train
train_937346710,train
train_1128737798,train
train_4256299025,test
train_635337083,test
train_3399118805,train
train_3477279899,train
train_969675434,train
train_3894827790,test
train_3677621829,train
train_3298150540,test
train_3377400837,train
train_2961828937,train
train_3205557720,train
train_1819728474,train
train_3658134664,train
train_3878285093,train
train_2414444928,train
train_1348820026,train
train_3390788347,train
train_141590871,train
train_2341979607,train
train_4047007148,train
train_3213832269,train
train_3234344022,test
train_2603306079,train
train_1923872874,train
train_4168582129,train
train_1526557432,train
train_4016384383,train
train_3937416122,val
train_2131510676,train
train_1785114491,test
train_2699039041,train
train_3717073392,train
train_1815667518,train
train_806446575,train
train_1806609254,test
train_1773295450,test
train_330547162,train
train_3158793705,train
train_4012461416,train
train_1837520086,train
train_3697182619,train
train_1565393734,train
train_4244857814,train
train_789465642,val
train_2241651220,val
train_1779706050,train
train_3995629528,train
train_2179449399,train
train_1343284872,train
train_4181726222,train
train_1183635311,test
train_3090449864,train
train_3469338298,test
train_2327313146,val
train_1796789933,train
train_2749115515,train
train_3142565996,train
train_1181461368,train
train_3737315514,test
train_1353955983,test
train_101920633,train
train_832388233,train
train_791833839,val
train_2305448044,train
train_981940147,train
train_3000574708,test
train_4226511680,train
train_2680549370,train
train_4165736475,train
train_1161089224,test
train_372545932,train
train_1978800172,train
train_4000922907,train
train_2118517501,train
train_3340794377,train
train_3238114170,train
train_2885889022,test
train_1107556091,train
train_1272378716,train
train_3450999594,train
train_3059913967,train
train_436387722,train
train_2529764965,train
train_3679754121,val
train_3605639334,train
train_3385671281,test
train_1629478805,test
train_1987973610,train
train_212606087,test
train_4253809561,train
train_2488260024,train
train_2582239755,val
train_775274440,train
train_915704478,test
train_2402004669,train
train_3804033973,train
train_1627421316,train
train_3303422447,test
train_59528318,test
train_2442106817,train
train_1511137440,test
train_2578726843,test
train_2779536705,train
train_1310402254,train
train_894245838,train
train_1263966784,test
train_685026320,train
train_3314587877,val
train_2457252050,val
train_2450721447,test
train_3177988195,train
train_707989566,val
train_3207885554,train
train_2775572,train
train_1142779970,train
train_3678536176,train
train_4207757329,val
train_1594287492,train
train_4151246143,train
train_3878748160,val
train_4105332863,test
train_3063210040,train
train_3006397311,train
train_1096059395,train
train_1410541504,train
train_3410986250,train
train_1977125752,val
train_616937439,train
train_3180859961,train
train_4139498740,train
train_3742343730,test
train_3558469949,test
train_3589270242,test
train_808522162,train
train_422839216,test
train_80908390,train
train_177622455,train
train_3286368722,train
train_612248208,train
train_2534367566,test
train_641560524,train
train_1663960191,test
train_1101620665,train
train_715935725,train
train_2718744386,train
train_556553946,train
train_1202231099,train
train_3607540808,train
train_2811833327,train
train_1665497995,test
train_4095494133,val
train_2384589114,test
train_2296885666,train
train_2622464823,train
train_465357523,train
train_1582976632,train
train_1254982279,train
train_1167590611,val
train_3880468766,val
train_789885897,test
train_2945838143,train
train_310325284,test
train_3996798114,train
train_3912859991,train
train_1269335118,val
train_2111748159,test
train_1536654672,train
train_1410891987,train
train_3878934657,test
train_4135403271,train
train_678627664,test
train_3024467494,train
train_3769802730,test
train_1521931249,train
train_2321172065,train
train_1038748868,train
train_1911936113,train
train_287217465,train
train_2737531604,train
train_1184852189,train
train_3237425774,test
train_3340814268,test
train_539793757,train
train_3189860282,train
train_1781793801,train
train_1693650508,test
train_319208928,val
train_2329897053,train
train_1452313517,val
train_1865292077,train
train_1370212969,train
train_3046333104,val
train_2086724264,train
train_3138803353,val
train_2744151062,train
train_3044502267,train
train_3139460883,train
train_3676816936,train
train_972361069,train
train_1401881074,test
train_1592324647,test
train_3836153490,train
train_184525747,train
train_997009021,test
train_3056813730,test
train_1191262237,test
train_3256954692,train
train_3714688322,train
train_1374145387,train
train_2692569829,val
train_1166853209,test
train_174163456,train
train_45734914,train
train_2324163907,train
train_1795353305,test
train_3625682355,test
train_3546841578,test
train_3112017859,test
train_1698683055,test
train_2078931849,val
train_3887475686,train
train_952349965,train
train_4169488418,train
train_3481660864,test
train_695053513,train
train_1968247152,train
train_184156616,train
train_3981419083,test
train_71412176,train
train_2943852984,test
train_964863856,test
train_2239869746,test
train_3878085386,test
train_3292004814,test
train_527917826,test
train_2905851092,test
train_2320263323,test
train_611239274,test
train_2950247114,test
train_2863705188,train
train_2528131157,train
train_1112263950,train
train_1866828103,val
train_64979366,train
train_2552330451,train
train_4145658043,test
train_1667787081,train
train_3345043772,train
train_2308117666,train
train_1790589612,train
train_2072953061,val
train_1871047680,train
train_832594863,train
train_2651778363,test
train_2627527966,train
train_961821294,train
train_3941806551,train
train_1313116473,val
train_1664677081,train
train_3045714956,train
train_1735434138,val
train_2099518922,train
train_395935092,val
train_1340554691,test
train_3093136002,train
train_1992380085,train
train_359703065,test
train_293196592,train
train_3388947886,train
train_2029562712,train
train_346803938,train
train_2579212522,test
train_2332216251,test
train_1132438934,train
train_4006326936,train
train_3162847402,train
train_1296264632,train
train_3709317560,train
train_3137411481,train
train_3349322010,train
train_4270573092,test
train_1034112357,test
train_3114899880,train
train_2891225845,train
train_540840396,train
train_3742653406,train
train_3108707687,test
train_433576572,val
train_3749487198,train
train_3135607945,train
train_3231262248,test
train_1448200876,val
train_3428409876,val
train_901684140,train
train_1937601239,train
train_1203830438,val
train_2988518820,val
train_1880929597,train
train_1522207134,train
train_1874456551,train
train_1210526827,val
train_1729429296,train
train_3247122960,train
train_2310363173,train
train_1094683118,val
train_860641303,train
train_1377183442,train
train_1754150265,test
train_2940618180,test
train_172227664,test
train_4274260119,train
train_1206402922,train
train_141205255,test
train_3809878679,val
train_361323737,test
train_1214655839,train
train_2852165598,train
train_2283347771,train
train_1394252073,test
train_2406391921,val
train_4182674456,train
train_3921001864,test
train_323026487,train
train_1252124859,train
train_1519485936,train
train_4046479071,train
train_391756421,test
train_1207529812,train
train_2532341979,test
train_3711742449,train
train_1517368886,test
train_3428160412,train
train_20840871,test
train_2356466469,train
train_1258404841,train
train_2078576963,test
train_2297589250,test
train_3447300518,train
train_3171223531,train
train_2106586822,train
train_3056131110,train
train_155883223,train
train_2759274861,val
train_895328091,train
train_3017236150,train
train_151926887,train
train_56845904,train
train_3694744999,train
train_1490561092,train
train_4171314185,train
train_1513986071,train
train_1914519360,train
train_2398391490,train
train_2155964736,train
train_2664616063,train
train_1047410607,train
train_2898485228,train
train_1010489969,train
train_285297353,train
train_3910652416,train
train_872391727,test
train_2342653116,train
train_2465941424,train
train_1532837864,train
train_1045115319,train
train_4255001230,train
train_4196673840,train
train_187062043,train
train_481633684,test
train_4242543229,test
train_3106772914,train
train_2191483137,train
train_3850571861,train
train_945690238,train
train_3201853055,train
train_657024444,train
train_3491989913,train
train_1605540675,train
train_2676733711,train
train_1560397554,val
train_4174098471,train
train_4121694130,test
train_3161754260,test
train_1608442882,test
train_3761712569,test
train_3909765783,test
train_3323098150,test
train_2465777270,train
train_2526208445,train
train_774486680,train
train_4219121509,train
train_2209220297,train
train_3588114346,train
train_947076286,val
train_3168234566,test
train_1977384257,train
train_2697981601,test
train_898433678,test
train_3052078048,train
train_1190485032,val
train_525980359,test
train_4219991565,val
train_1957988711,test
train_3125086496,val
train_3442284422,train
train_1409106246,train
train_2959072087,train
train_1549173015,train
train_3148372104,train
train_3237249594,test
train_1364885670,test
train_85919788,train
train_2671913656,train
train_2443100615,train
train_2371105215,test
train_3688161627,train
train_437747228,test
train_2915938924,test
train_1891446780,train
train_3896461146,train
train_3274406843,train
train_403017331,train
train_835240013,train
train_2153071047,train
train_4150606823,train
train_4048203182,train
train_1155707973,train
train_2868966188,test
train_861349498,test
train_1238453670,test
train_780989732,val
train_2946365434,train
train_3465066092,test
train_428736397,train
train_167997961,train
train_1703764615,train
train_2603985776,train
train_1926889612,train
train_1894925108,train
train_142259834,train
train_2445337082,train
train_1173071963,train
train_1303317168,train
train_2248985496,train
train_623257751,val
train_2520964801,train
train_1997669707,train
train_865113116,train
train_1333536433,test
train_836311219,train
train_26822064,train
train_112642090,train
train_3235559155,train
train_2924610122,train
train_1788619907,test
train_1594343409,train
train_2005379003,train
train_1291801594,val
train_2002514027,train
train_1342406971,train
train_3446928223,train
train_2675754520,train
train_414236555,val
train_2093317036,train
train_1289803361,test
train_2132078728,val
train_662235578,train
train_341687066,train
train_3100911188,train
train_1481108896,test
train_3017381283,train
train_1810899178,train
train_1739433013,train
train_1770734381,test
train_4004254841,train
train_1905351379,train
train_709873163,test
train_1257844220,train
train_539836894,val
train_2020806779,val
train_1684580804,test
train_1865540235,train
train_3650961754,train
train_989692481,test
train_2729160884,train
train_2855537106,train
train_1230696528,train
train_1260478439,train
train_1256952895,train
train_1653283042,val
train_2393407401,train
train_2675380104,train
train_2208626413,test
train_2628007233,val
train_2481095925,val
train_1239799696,test
train_1570967820,test
train_3043188706,test
train_643434754,test
train_4074318497,train
train_280192455,train
train_1636150446,train
train_1855534452,train
train_3807516223,train
train_1735643728,test
train_1877865292,test
train_231899822,test
train_3024613919,train
train_3432898912,train
train_52637937,train
train_368430234,train
train_3821487100,train
train_2747428428,train
train_341607971,train
train_2187617954,train
train_518341148,test
train_3969852884,train
train_2625921730,train
train_1312554382,train
train_78090217,train
train_330560290,train
train_59089053,train
train_3681333117,val
train_1821438258,train
train_253217794,test
train_3428480851,test
train_2890115266,train
train_2835475577,train
train_3926126713,val
train_1821702117,train
train_3655604720,test
train_779520875,train
train_3955019887,val
train_2289601601,test
train_985381138,test
train_3290275854,test
train_1400007583,test
train_1803797751,train
train_1141676885,train
train_3056617153,test
train_3174651373,train
train_3591990178,train
train_3991691726,train
train_2038571657,train
train_2817040488,val
train_4151725726,train
train_4243420357,test
train_967409024,train
train_3349359430,train
train_2593498699,train
train_2039592977,train
train_3975088828,train
train_1266313725,val
train_520822103,train
train_2537269269,val
train_3120875911,train
train_4190880674,train
train_4170123140,train
train_3995199110,train
train_177654789,train
train_1264121367,test
train_4163793990,val
train_701475816,train
train_90031968,train
train_2075871367,train
train_3984464538,test
train_1157363727,train
train_473385716,train
train_1683316367,train
train_4253798517,test
train_1990872666,test
train_1551002423,train
train_637161381,train
train_1773881450,train
train_3655322406,train
train_3247727266,test
train_26815533,train
train_3649138806,train
train_1623971378,train
train_1798447737,test
train_2348814033,train
train_3497882951,train
train_3219399405,train
train_4068902911,train
train_1157988275,train
train_3623244464,train
train_3027385477,train
train_949515627,train
train_3502863680,train
train_1016057973,train
train_1304499528,test
train_4011955071,train
train_3491901981,train
train_2653433514,train
train_3931655891,train
train_129957292,val
train_2649682349,train
train_2354951680,train
train_2399519286,train
train_1667932865,train
train_4241465161,train
train_3613014960,test
train_2729507625,train
train_2735482142,train
train_2333544608,train
train_1953986241,train
train_3886539113,train
train_2513230541,train
train_23503084,test
train_995960123,test
train_1877766363,train
train_2633020043,test
train_4184666216,test
train_3107721474,test
train_643717,val
train_152608197,train
train_2889620970,test
train_3774069220,train
train_2744987924,train
train_1116653964,train
train_2444027744,train
train_2920666320,train
train_25803842,train
train_1038603221,train
train_2240868695,train
train_4203480636,train
train_1574154865,train
train_2920867027,train
train_4161309658,val
train_496852400,train
train_3568389649,val
train_298786032,val
train_747740938,train
train_1064196397,train
train_1428900335,train
train_2358100521,train
train_3095376889,test
train_2487104464,train
train_1299590440,train
train_3094537263,train
train_1120047099,test
train_273002858,val
train_3606213816,train
train_867120130,train
train_2734596958,train
train_1924571743,train
train_3882746388,train
train_3075401754,train
train_2824179035,test
train_3587362083,test
train_3541926042,train
train_3779088446,test
train_3934337015,train
train_3052373051,test
train_1715063149,train
train_3304946457,val
train_3238013177,train
train_2039417878,train
train_2196871593,train
train_2759274653,train
train_293840683,train
train_704571453,test
train_3587589333,train
train_1271345077,train
train_2006218558,test
train_1607092636,val
train_1315079931,train
train_1237754167,train
train_1632450065,train
train_3642409435,test
train_2048941336,train
train_3946712857,train
train_570730730,test
train_709315099,val
train_2619308335,val
train_414802797,val
train_2344915245,val
train_284866419,train
train_3251099667,train
train_4221497388,test
train_1975719326,train
train_3932061605,train
train_884916894,test
train_3264647788,val
train_2052752888,train
train_389885569,test
train_1782598942,train
train_2861854125,test
train_3314474721,test
train_739358681,train
train_3668342417,train
train_2183678151,train
train_864041925,test
train_1469750694,train
train_66741793,train
train_1075327604,train
train_1478931043,test
train_622129664,train
train_2774264958,train
train_3039915401,train
train_2477885397,test
train_1007652298,train
train_3039418650,train
train_2057344502,train
train_1944685321,train
train_3692626898,train
train_2203645429,test
train_2255798292,train
train_44502240,train
train_2274014318,train
train_3266959299,train
train_309343035,train
train_369801432,train
train_763105836,test
train_3426060416,train
train_1665093785,train
train_1626889398,test
train_560123349,train
train_731880757,test
train_1127942057,train
train_630020554,train
train_647061299,val
train_2037557811,train
train_2566437159,train
train_3831050532,val
train_2544632827,train
train_868185841,train
train_820958352,test
train_3107189409,test
train_1378326860,test
train_2434172846,train
train_1831606454,train
train_2448569600,val
train_3671173710,train
train_1077532171,train
train_3484946153,train
train_717418543,train
train_3759644397,train
train_994422991,train
train_1564220645,val
train_114939732,train
train_1628158766,train
train_1763921654,train
train_390468577,val
train_1133767193,train
train_1837238537,train
train_945993633,train
train_1788524608,train
train_338593614,train
train_2480761949,val
train_1072644563,train
train_4179102634,train
train_3067741824,train
train_3880192371,train
train_4271440123,train
train_1498096424,train
train_2090336910,test
train_111871059,train
train_2552035427,val
train_879975945,train
train_1859864960,train
train_416640140,test
train_3864341392,train
train_3318395331,val
train_2804233875,train
train_3544770416,train
train_3832103819,train
train_1278236126,test
train_3275578322,train
train_2956920939,val
train_518620329,train
train_2965180080,train
train_61834822,train
train_1659349788,test
train_1582171036,train
train_2370489692,val
train_2732815595,test
train_3649193521,train
train_3258977948,train
train_718919006,train
train_3335898197,val
train_2606278088,test
train_2652042219,train
train_139584756,train
train_2061463338,train
train_2316994232,train
train_2552899621,train
train_1995257694,train
train_138939448,train
train_231845289,train
train_1983912166,train
train_3401246194,train
train_3902094624,test
train_3508414283,train
train_4284769420,test
train_1090478874,val
train_2212250828,train
train_3647070982,train
train_220652370,train
train_562380105,train
train_421796262,train
train_3990088467,test
train_3608044064,val
train_2180796630,train
train_3498776127,val
train_990799540,test
train_2619299964,train
train_2042252057,train
train_1278959747,train
train_3400316852,train
train_704588595,train
train_3466902659,train
train_2306773500,val
train_3004932105,train
train_3380862646,train
train_1634723309,test
train_1325906438,train
train_2354057209,train
train_4166393407,test
train_608037340,train
train_2126996919,test
train_1002969285,test
train_4201440953,train
train_3425512268,train
train_879306231,train
train_3952490172,test
train_443787474,train
train_1007193805,train
train_3806239111,train
train_4099831920,train
train_2710211037,train
train_3812893879,train
train_246152977,train
train_3812876516,train
train_2411860849,train
train_3213158570,train
train_3489043687,train
train_678924403,val
train_931707478,test
train_2227382238,train
train_4223951707,train
train_2296581057,train
train_2548327910,train
train_2501219681,train
train_2300193253,train
train_1478000026,train
train_2860634952,train
train_3298561049,train
train_1041915421,val
train_1544054479,train
train_3833873211,train
train_366184210,train
train_2325457554,train
train_296085715,train
train_1888062245,test
train_2332537637,train
train_181642781,train
train_2296416137,train
train_3128357727,train
train_3549128200,train
train_1971995494,test
train_4286202852,test
train_3123428476,val
train_2743017919,val
train_4078240451,train
train_651650495,test
train_1722309248,train
train_2133183136,test
train_3297426080,test
train_3078656268,val
train_3003807994,test
train_545577069,train
train_969230931,test
train_2412800160,val
train_3197900532,train
train_979769426,val
train_564131899,val
train_1762065436,test
train_1155870843,val
train_3104192032,test
train_535841138,train
train_1990747372,train
train_2469516077,train
train_3622801450,train
train_2942717859,test
train_4274443420,train
train_3852128705,test
train_3520254115,val
train_2333274438,test
train_145164040,train
train_3688622610,train
train_2359866920,train
train_1903768298,train
train_3942959422,test
train_3350812613,train
train_2730349423,train
train_1474389719,train
train_387726735,train
train_81718756,train
train_555768854,train
train_3897428214,train
train_4231654590,train
train_2289833651,val
train_4220944816,train
train_1727950681,train
train_3220898691,val
train_5411338,train
train_381425360,train
train_233888254,test
train_25389508,train
train_2275755003,train
train_3921439127,train
train_1286268457,train
train_1354706219,val
train_4270145275,train
train_1077066684,test
train_1361931190,test
train_3839787398,train
train_4150489284,test
train_2625614143,train
train_2728024722,test
train_2646892179,train
train_2565894383,val
train_1588027285,train
train_2014756510,train
train_1796020549,train
train_1774334037,train
train_3184244542,train
train_1688163345,test
train_1897709362,train
train_456751012,test
train_4031707160,test
train_4051865283,train
train_1166355421,test
train_2574387577,test
train_3244613785,train
train_2867163206,train
train_1116962944,train
train_927426348,test
train_2005215286,train
train_303149329,train
train_2902736490,train
train_2585708358,val
train_3795937792,test
train_3529048992,train
train_3410558364,train
train_1617634246,train
train_1637791361,val
train_781272726,train
train_1547225651,train
train_2918364385,train
train_4284889202,train
train_855327856,train
train_75234812,test
train_3934735783,train
train_2590516286,val
train_3937059231,test
train_2393716046,val
train_2193028122,train
train_2834448264,train
train_2854924378,test
train_2829311242,test
train_2018235992,train
train_1810772318,train
train_3856846235,test
train_3025929890,test
train_2025549108,test
train_2922696264,test
train_1889635330,train
train_2373094044,train
train_1393474264,train
train_1593322689,test
train_1621911417,test
train_778085922,train
train_3421534822,train
train_1587667041,train
train_1199327070,train
train_813731848,train
train_1147615336,train
train_4155823525,train
train_508946898,train
train_3227415372,train
train_1442510256,train
train_2489470286,test
train_1685481950,train
train_3684766683,train
train_960951660,val
train_132290134,train
train_4174661706,train
train_2691155086,train
train_3473542523,test
train_1117469047,test
train_1729570806,train
train_1981203312,train
train_4199252005,train
train_548139611,train
train_3295668213,train
train_1853266775,train
train_1814858374,val
train_2993555064,val
train_1737672135,val
train_2735713915,train
train_4262833848,train
train_1652404078,val
train_1102384653,train
train_2548394465,train
train_3722285029,val
train_1702982321,train
train_2711527717,test
train_3143448237,train
train_1534449335,train
train_3616841597,test
train_3928023859,train
train_267405163,train
train_876665638,train
train_3054129331,train
train_1176820784,val
train_2334196892,train
train_1037468102,train
train_659739120,train
train_1861058077,train
train_2615383787,train
train_3689639948,train
train_3305829182,test
train_1811927205,train
train_3337601131,train
train_631510733,train
train_3769244888,train
train_795964177,train
train_3809112661,train
train_2832703106,train
train_1001967871,train
train_2648140025,train
train_3204576812,train
train_2587417704,test
train_1232277415,test
train_3219152785,test
train_425114771,train
train_3612001607,val
train_3667756610,train
train_2260207911,train
train_3713513021,train
train_1916682515,train
train_3607339742,train
train_2018082441,train
train_4093155370,train
train_2406981596,train
train_1354392971,train
train_374337004,test
train_1625412801,test
train_2542630910,train
train_4144729182,train
train_445405962,train
train_1385983493,test
train_2545373947,train
train_3323190660,test
train_1719511680,train
train_85566682,train
train_968298886,train
train_1832438242,train
train_3410730175,val
train_1867073614,train
train_741750401,train
train_1106505348,train
train_3272447720,train
train_2376300347,train
train_855900294,train
train_3123468195,train
train_685594361,train
train_2329119397,train
train_630065856,test
train_2541160494,test
train_614563310,val
train_3814815356,train
train_2481624849,train
train_3179623792,test
train_3232109378,train
train_4063935782,val
train_4071389067,train
train_390431533,test
train_2663568385,test
train_3096779148,test
train_1108580671,test
train_931662080,train
train_882135382,test
train_1515645237,test
train_4075000663,train
train_2344746744,train
train_2196808066,train
train_1916150761,train
train_3154142270,test
train_463563905,test
train_1819136823,train
train_2477854904,train
train_308734330,train
train_2552263875,train
train_569219299,test
train_2558349981,val
train_221843486,val
train_4021577039,train
train_4123730685,train
train_35171381,train
train_3101541083,train
train_2849800756,train
train_3184197900,test
train_356344566,train
train_1520514513,train
train_379025585,test
train_3608663166,train
train_2470812322,train
train_3582330494,train
train_1812730090,train
train_1837245963,train
train_1802058287,test
train_584687131,train
train_1714368602,train
train_1789512220,train
train_3175579556,val
train_2874274069,val
train_4091790877,train
train_1033998242,train
train_684221517,train
train_177600798,test
train_8181513,train
train_1207279180,train
train_3236494284,train
train_2712325747,test
train_1123596933,test
train_278611041,train
train_2638824647,train
train_769160794,val
train_1936565820,train
train_871799288,train
train_1229663940,train
train_4200531334,train
train_3581366147,train
train_3630287480,val
train_1327496388,train
train_4037768651,train
train_1521704259,train
train_911572792,train
train_2980898338,test
train_2622803951,test
train_3109932124,train
train_4098372741,test
train_2713087697,train
train_2275845071,train
train_2848298126,train
train_1201891555,train
train_3619321673,train
train_16386586,test
train_1812742080,train
train_3640578318,train
train_3679433648,train
train_4233335116,train
train_4201975811,train
train_1737614854,test
train_2541308902,test
train_3016139897,train
train_51633402,val
train_125153043,train
train_2614562512,train
train_472525522,train
train_1446056860,test
train_730146782,train
train_2824834037,val
train_663914417,train
train_3954996680,val
train_1399438618,val
train_2069953395,train
train_3958025844,test
train_485150756,train
train_3874240597,train
train_1008169190,train
train_3630936139,train
train_1295082421,train
train_3710409746,train
train_2833367313,train
train_3662052251,val
train_2823547817,train
train_1356749544,train
train_1259981825,train
train_1381454307,train
train_2945970590,train
train_1371416659,test
train_3480877149,train
train_3027716295,train
train_2326733522,train
train_3948675165,val
train_415430157,train
train_2689941075,val
train_4285061404,train
train_1634987190,train
train_595847435,train
train_875862443,test
train_2002913562,train
train_2612248673,train
train_3867452728,train
train_2678717124,train
train_322115214,test
train_1347920134,test
train_3357201726,train
train_748615116,train
train_3609540429,train
train_1294401561,train
train_590339832,train
train_2519066630,train
train_3570051929,train
train_2072687623,train
train_2347348314,test
train_2801250536,test
train_1195528686,train
train_3938799470,train
train_166029983,train
train_3538342341,test
train_3466537045,train
train_2995467697,train
train_2719796106,test
train_361314372,train
train_2260111278,test
train_2820841539,train
train_3433289823,train
train_829480748,test
train_4088626787,train
train_4164524071,train
train_3416466458,train
train_2286780751,train
train_1001272474,test
train_2508300258,val
train_3002199868,train
train_2230550875,test
train_1298274482,train
train_2130799655,train
train_655460866,test
train_890593665,test
train_1102810526,train
train_3559036113,test
train_1821709565,train
train_556843240,train
train_1580013939,train
train_2612195580,test
train_2371570918,val
train_1278772241,train
train_1182806700,train
train_3154676147,train
train_2386976228,train
train_631571074,train
train_3929765566,train
train_665114372,test
train_445817771,train
train_4081561394,train
train_2417225946,train
train_3081629061,train
train_1257767947,train
train_577345215,train
train_380075901,train
train_3230106292,train
train_3164075496,train
train_3406819019,val
train_4102324234,test
train_4126525064,train
train_439225753,train
train_639440957,val
train_1238914099,train
train_3519225954,train
train_3211276247,train
train_3846149282,train
train_738328440,train
train_197033444,train
train_566887966,train
train_2030554343,val
train_1801490048,train
train_3370528070,train
train_3298437916,train
train_2036100881,train
train_1054329739,test
train_959831513,train
train_1372224284,train
train_1491826285,train
train_938415932,train
train_4242844180,train
train_3833234445,test
train_3516253232,train
train_2538702279,train
train_3487724923,train
train_1477567054,train
train_1952195376,train
train_3766319387,test
train_1711798018,train
train_3658160388,train
train_1276547245,test
train_3875379306,train
train_3001135984,train
train_3998581315,test
train_888798045,train
train_1060767444,train
train_2054201926,test
train_2073656817,train
train_3386310673,train
train_1109400004,test
train_1116319109,train
train_294471856,test
train_2612315758,train
train_2378403020,test
train_3751589721,train
train_3150473634,test
train_1560579155,test
train_82476166,train
train_4082498474,test
train_1932000901,test
train_76561078,train
train_2589156613,train
train_3060042113,train
train_1551984809,train
train_1299609414,train
train_1872689170,val
train_3254410314,train
train_396394645,test
train_564939182,train
train_3002538553,train
train_4033008270,val
train_2511545491,train
train_1449731282,train
train_3144547310,train
train_2657687628,test
train_1818798804,test
train_1807209027,train
train_741855878,train
train_3747517193,train
train_1088802171,train
train_537168091,train
train_3950918355,train
train_1671729512,test
train_694823933,train
train_2165364184,train
train_872816880,train
train_1225257994,train
train_2292726163,train
train_2042167397,train
train_320960219,train
train_4273635886,train
train_582120357,test
train_3424106526,train
train_2202815896,train
train_1334607875,train
train_3775621726,val
train_1533892478,train
train_3757879175,train
train_2240548395,train
train_3175266145,train
train_3799993401,test
train_3858687448,train
train_214478823,val
train_1676438253,train
train_286373664,train
train_3287247,train
train_2041937727,train
train_3696148858,train
train_154956045,test
train_2976421790,test
train_977927106,train
train_946312203,train
train_1946229607,train
train_1801910002,train
train_3755015405,train
train_1543699099,train
train_73829602,train
train_2867438526,train
train_2699941765,train
train_4259455095,train
train_737100211,train
train_833998802,train
train_3388341645,test
train_2172967167,train
train_4006635081,test
train_3600825315,train
train_3144745792,train
train_46142358,train
train_2998451639,test
train_4226986836,train
train_346284771,train
train_1965745226,test
train_3301031972,train
train_3110949178,train
train_2633277918,train
train_360178112,train
train_2093263665,train
train_1349709497,val
train_1227624740,train
train_4079491921,train
train_408229003,train
train_1689205039,train
train_338630884,train
train_1075062798,train
train_3532349793,test
train_2503877720,train
train_4110034451,test
train_2594776934,train
train_3027171267,test
train_250139717,train
train_2156970214,train
train_2672297260,train
train_563800209,train
train_1954067281,train
train_1435393151,train
train_3538508475,test
train_3253166748,train
train_2529762995,train
train_1976469621,test
train_447008796,train
train_1449550587,train
train_1941882643,train
train_3426513992,train
train_2040081110,train
train_2033539330,train
train_2096247277,test
train_2801947584,train
train_2821283618,test
train_197359469,val
train_2929735654,test
train_4226270632,train
train_3752992484,train
train_410033747,train
train_2566883003,train
train_3388307553,train
train_1938245708,val
train_947932989,train
train_940886834,train
train_3837207515,test
train_2789206922,train
train_2004841294,val
train_504592404,train
train_856110584,test
train_323971882,train
train_1114665005,test
train_2860426778,train
train_1923225006,train
train_3554392967,train
train_1394537206,val
train_975623513,train
train_3705337413,train
train_2987661053,train
train_3021559543,train
train_774135505,train
train_2037474455,train
train_2895188772,train
train_2878082872,test
train_250775972,val
train_2620260691,train
train_680463922,train
train_2107191197,train
train_1657508558,train
train_2394576597,train
train_1663338226,train
train_3012538957,train
train_3413238111,train
train_3068007886,train
train_3519336184,train
train_2553064129,test
train_1786989153,train
train_2210776189,test
train_2227859828,train
train_2243253256,train
train_3383459042,train
train_1852661055,train
train_20565053,train
train_1365034763,train
train_1080676392,test
train_662727227,train
train_3075839652,train
train_1318689006,test
train_3061025212,train
train_155075900,train
train_1090609379,train
train_3907462499,test
train_169733471,train
train_750606411,train
train_980552735,test
train_2020454079,train
train_4271719007,train
train_3038474963,train
train_4259265805,train
train_2200512592,train
train_4198115389,train
train_1019047349,test
train_1414967232,train
train_1199009239,test
train_331194711,train
train_4008286784,train
train_3648491997,train
train_819795136,train
train_2379988409,train
train_3997376662,test
train_2476656927,train
train_354256073,train
train_1543462641,train
train_3610612695,train
train_497301154,train
train_1731392151,train
train_2191123877,train
train_1645095897,test
train_1270173220,train
train_3939536090,train
train_1574441706,train
train_2311607048,train
train_3548702585,train
train_2146806770,train
train_2904113697,test
train_2117549226,test
train_3168205311,train
train_1699906038,train
train_3534764813,train
train_743832145,train
train_605371801,train
train_2316761279,train
train_2996988782,train
train_871560287,train
train_2936404786,train
train_663253172,test
train_4205566865,train
train_2825331820,train
train_1425026566,train
train_10300515,test
train_197769535,train
train_2513708601,train
train_3831233507,train
train_3359862817,train
train_1652119096,train
train_78938491,train
train_1768130109,test
train_2202026741,test
train_1540205200,test
train_1746116551,train
train_266751518,train
train_3199740129,val
train_3266736681,train
train_2147121915,test
train_1851060032,val
train_3516428703,train
train_3694267504,val
train_3015913007,train
train_4058244488,test
train_3431290770,train
train_1830143482,test
train_1197468131,test
train_1099694911,test
train_4100454281,train
train_751285919,train
train_119549491,train
train_89647500,test
train_3544265366,train
train_2560634134,test
train_3422584886,train
train_2046332539,test
train_3944013151,test
train_2916855567,train
train_2496965141,val
train_2793598441,train
train_1144145055,train
train_1357595682,train
train_1413957305,train
train_3360072502,train
train_571938770,test
train_1621517102,train
train_2755004953,train
train_2159393534,train
train_2832747885,train
train_468834165,train
train_2894171037,train
train_3706699164,train
train_1866688264,val
train_3379273153,val
train_4263542341,train
train_995556421,train
train_139537018,test
train_4180225891,train
train_1346233951,train
train_591279927,train
train_3850761097,train
train_1089891258,train
train_2943571825,val
train_1230812267,train
train_817053636,train
train_3612922519,train
train_3064964077,test
train_457954396,test
train_1772181874,test
train_473735907,train
train_604986049,train
train_1884186177,train
train_3530384427,train
train_3025070727,test
train_4129108326,test
train_1911668805,train
train_2117171313,train
train_2014880255,train
train_1341115131,train
train_2886086696,train
train_3039163406,train
train_635194314,train
train_978366812,test
train_1455623679,train
train_1618379615,train
train_110231849,train
train_3087359210,train
train_1230988407,test
train_2722604674,train
train_1040521384,val
train_1246092123,test
train_1154499027,train
train_2086750735,train
train_2977435948,train
train_2423087842,test
train_2970890048,train
train_590819811,test
train_1643562750,test
train_1063573357,train
train_3262000361,val
train_1531873456,train
train_3280941656,train
train_1931815019,train
train_62846177,train
train_2669597482,train
train_3769337648,train
train_1408461799,train
train_3891274135,test
train_389456334,test
train_3586109716,test
train_3083046401,train
train_813852942,train
train_3931611890,train
train_1273500223,train
train_3569261808,train
train_1590610315,train
train_1735352405,train
train_3152016959,train
train_3883125392,train
train_3586909807,train
train_1251160456,train
train_1112485367,train
train_1877459666,train
train_1881093879,train
train_2856003063,train
train_1331296321,val
train_2754666748,train
train_1044628708,train
train_2055282780,train
train_3669209845,test
train_1426650191,train
train_1540889923,train
train_211794714,train
train_1818970128,val
train_2665339203,val
train_2088628697,train
train_2447049230,train
train_3847605606,train
train_3274062281,test
train_618767318,train
train_2862713201,test
train_2583451782,test
train_1811158101,train
train_1463609655,train
train_3320065150,train
train_3294141693,val
train_3818798970,train
train_300527645,train
train_1270295949,train
train_3738814377,val
train_1175058034,train
train_1880769978,train
train_1013325239,train
train_1803567488,train
train_2310148173,test
train_1097550061,train
train_2579529237,train
train_1350468748,train
train_892188014,train
train_822407994,train
train_3099336972,val
train_190979476,test
train_3690558882,train
train_1889859980,train
train_1327733158,val
train_862864956,train
train_3249198936,train
train_863866023,train
train_1118650552,train
train_4129455418,train
train_2180674709,train
train_3543014761,test
train_320788464,train
train_2164211999,test
train_3036630084,train
train_2917234304,train
train_3791342306,train
train_3783997370,train
train_279286908,train
train_2923258132,train
train_3159718870,train
train_2307247793,train
train_4162512496,train
train_1754095711,train
train_2135599386,val
train_2396565433,train
train_3215748032,train
train_4063036715,train
train_2829521104,train
train_260696695,train
train_1106617994,train
train_564344796,train
train_2024782240,train
train_3083779394,test
train_3913869013,test
train_2047507853,train
train_2910620594,train
train_3951507364,train
train_235430692,train
train_3704978123,train
train_1549316072,train
train_2236862031,test
train_862531311,train
train_863137792,train
train_4063355593,test
train_3481515685,test
train_1996647206,train
train_2757428531,train
train_2118923787,train
train_3543556775,val
train_543935887,train
train_3069136324,train
train_95201212,train
train_1118147925,train
train_1108437287,test
train_398181303,train
train_893545738,train
train_30062764,test
train_3175858219,train
train_1865087347,train
train_869737991,train
train_3968132157,train
train_80072737,test
train_1162032368,train
train_1470952843,train
train_1236433423,train
train_2245070646,test
train_4283553367,test
train_2625341194,train
train_3101919960,train
train_3099148429,test
train_4173374701,train
train_3011976758,val
train_4214794601,train
train_3570479312,test
train_3238336617,train
train_1791615819,train
train_2961035218,val
train_660107926,train
train_3576182994,train
train_3306786670,train
train_3844659885,train
train_3636207957,train
train_18386365,test
train_1174605619,train
train_2798564886,train
train_1206509401,train
train_2070419749,val
train_3680814205,train
train_1831970168,train
train_1918265898,train
train_3449460318,test
train_3612586337,test
train_1494164996,train
train_826720293,train
train_429108540,train
train_578046702,train
train_2354816326,test
train_2415164870,train
train_3455239998,train
train_948011134,train
train_3422929946,train
train_4121420285,train
train_1915020144,train
train_3905559936,train
train_3744697578,train
train_72720803,train
train_3736473817,train
train_816628108,train
train_1621476268,train
train_2130010369,train
train_3145813848,test
train_3007550671,test
train_347053459,val
train_4111791348,train
train_1531282106,train
train_1222188217,train
train_2954084829,val
train_2349449716,train
train_2927338861,train
train_3783671867,train
train_4204298729,test
train_618056092,val
train_2317288464,train
train_308996975,test
train_4212311687,train
train_2922400595,test
train_479869909,train
train_3365654772,test
train_3596545373,train
train_4134786370,train
train_3556769241,test
train_1079718750,train
train_3825046482,train
train_1020436407,test
train_2519291466,train
train_3112062479,train
train_3485549025,train
train_1455061225,test
train_3647681836,train
train_747360513,val
train_1663195995,val
train_3386756028,train
train_2925544114,train
train_2525541038,test
train_1618416225,train
train_501527700,test
train_709064886,train
train_342144940,train
train_342651075,train
train_2256825226,train
train_2335674199,train
train_1983473161,train
train_261002785,test
train_4242829135,train
train_1189865249,train
train_847247733,test
train_2144470875,val
train_4077859018,train
train_420396090,train
train_2936004815,train
train_3296159135,train
train_3990013621,train
train_2985626822,train
train_2531131468,train
train_451372310,train
train_2530587397,val
train_1760703972,train
train_1931559900,train
train_704280923,train
train_2589632767,train
train_1430234882,train
train_4064947764,train
train_4262357707,test
train_132014334,train
train_2982289347,train
train_1996430577,train
train_1268118837,val
train_1101647028,test
train_3766687685,test
train_485375973,train
train_3165784086,train
train_3830739904,train
train_1410317402,test
train_2106345431,train
train_665119799,train
train_61534081,val
train_2172426001,val
train_906914488,test
train_1759615163,train
train_2447642391,train
train_3437196278,train
train_3602345541,train
train_750601432,train
train_1755410089,test
train_3206144768,val
train_1917607402,train
train_2640918643,train
train_2967792384,test
train_2675153303,train
train_2188839076,train
train_803605409,train
train_3669359231,train
train_2113862233,train
train_69645467,train
train_270606343,test
train_3012550134,test
train_1075782829,test
train_2926727935,test
train_3899476801,train
train_2257199687,train
train_3566117367,train
train_2766312373,train
train_3577767938,val
train_3311673210,val
train_193445313,train
train_3399518551,train
train_570714777,train
train_4162385277,test
train_1151186123,train
train_3120459397,train
train_2976133794,train
train_679746676,train
train_1506335038,test
train_1872897222,test
train_3233948981,train
train_443958437,train
train_2239459344,val
train_818314268,train
train_947478545,val
train_1395782248,train
train_1514837750,train
train_837513604,train
train_2076763844,train
train_4039497756,train
train_2169451066,train
train_2314272522,test
train_742888193,val
train_2882234937,val
train_3463819423,train
train_1070904466,train
train_175230312,test
train_656164834,val
train_933494396,test
train_3914586021,train
train_3193049953,train
train_2571266617,train
train_2835781156,train
train_828377116,train
train_2553308917,val
train_196456496,train
train_2193184046,train
train_2937245351,test
train_3503540965,train
train_3216538620,train
train_1887921479,val
train_178100289,train
train_2853373881,train
train_2280246783,val
train_848321965,test
train_1602572510,train
train_370088079,train
train_193792916,train
train_381219319,train
train_1931459725,train
train_2009571693,val
train_2691409194,train
train_3028527344,train
train_779073443,test
train_2384763368,train
train_4061988159,train
train_3369714307,train
train_3405014841,train
train_1634833003,test
train_2011626673,train
train_3540982919,test
train_3867444373,test
train_201856674,test
train_23536934,train
train_1651143542,val
train_3402693191,train
train_2234021757,train
train_728411534,test
train_560703229,train
train_847216882,train
train_1214711349,train
train_4258920333,train
train_2375952912,train
train_345798680,val
train_373558729,train
train_3619956022,train
train_680944778,train
train_3474395080,val
train_1036373061,train
train_1240737277,train
train_269799697,train
train_2243840682,train
train_447478066,val
train_2173601616,train
train_759525465,train
train_4179871082,train
train_2921037997,train
train_716300096,train
train_3052564437,test
train_3370780929,train
train_2126008165,train
train_574540438,train
train_1624112584,val
train_543954089,train
train_2411487677,train
train_3372182027,train
train_1184289466,train
train_554019856,val
train_3773820707,train
train_1473537628,test
train_923075037,train
train_700000105,test
train_383219687,train
train_332895949,test
train_3921929037,train
train_1723240331,train
train_2637317264,val
train_2693326656,train
train_984032832,val
train_3114989385,train
train_704667402,train
train_541225282,train
train_3974138981,train
train_1337901649,train
train_4168875475,val
train_3600176569,train
train_4240659190,train
train_2048244342,train
train_558528049,train
train_2080699120,val
train_2108922556,train
train_4012511085,train
train_1361129810,test
train_347246773,test
train_133834726,val
train_644516847,train
train_2276438708,test
train_1898331644,train
train_629698871,train
train_1771711744,train
train_4001101855,train
train_3529301428,train
train_3367450685,val
train_801712648,train
train_1342083023,test
train_3822437853,val
train_443838130,test
train_683061852,train
train_4120626376,train
train_2268634997,train
train_3687993384,val
train_2302438414,test
train_2740072996,train
train_3682735964,train
train_97549505,train
train_4292222220,train
train_948125544,train
train_3911749656,train
train_2946392079,train
train_1407134436,train
train_1784820399,train
train_3123482942,train
train_678772307,test
train_33320904,train
train_3890524688,train
train_589389261,train
train_2479991839,train
train_1373149002,train
train_4072610178,test
train_2927927906,train
train_2579605758,test
train_3877515619,train
train_979063662,test
train_2386617429,test
train_1551895204,train
train_3051462006,train
train_3759484861,train
train_2590088316,train
train_1301120777,test
train_1264101701,train
train_18699725,val
train_918698062,train
train_3071708946,test
train_3640248078,train
train_1052810813,train
train_2016221292,test
train_4019812149,train
train_983112771,train
train_481620656,train
train_4199021100,train
train_564008774,train
train_556683867,train
train_2030548572,train
train_2528376593,test
train_114761904,test
train_558203136,train
train_3862254817,test
train_3481020113,train
train_114594590,train
train_550485957,train
train_586047622,train
train_1740878703,train
train_92765207,train
train_3276706262,train
train_3563710829,val
train_772898532,train
train_1326645459,train
train_3559274956,train
train_4154402774,train
train_2399466634,test
train_1936082812,train
train_3325407026,train
train_4105978226,train
train_2469553492,train
train_2581443663,train
train_1342570670,train
train_464625655,val
train_1224177214,train
train_1097776268,train
train_2780936723,train
train_1198317904,train
train_2671058817,test
train_2823515419,train
train_1857345978,train
train_1109053807,test
train_3654596048,test
train_394819320,train
train_4117098142,train
train_2737901526,val
train_3393609370,test
train_2251727688,test
train_1336367748,train
train_681137138,val
train_594735237,train
train_2921972011,train
train_685173284,test
train_2015494134,train
train_1569846146,test
train_3979129442,test
train_2337383154,test
train_400086650,train
train_1927816645,train
train_3188286640,train
train_2799857677,train
train_2895822630,test
train_2125109392,test
train_1235408031,train
train_1475710807,train
train_2021920837,train
train_3849605427,test
train_1577017745,train
train_532289455,train
train_900719807,train
train_2157557059,train
train_3333970643,train
train_1351341847,test
train_2320668457,train
train_1693277829,train
train_3499059170,val
train_3638406146,test
train_2660254774,train
train_3147356820,train
train_627263900,train
train_3870170619,val
train_4139437520,test
train_282333829,test
train_3596170261,train
train_1101239360,train
train_2929639614,train
train_2850423532,train
train_3186317134,train
train_2697515398,train
train_1548587622,test
train_2325565983,train
train_2312845983,test
train_1990904699,train
train_2339311768,train
train_1873732461,train
train_1490940390,train
train_3121169010,val
train_440575274,train
train_1008876697,train
train_2706083260,train
train_2444787487,train
train_411863059,train
train_2734564444,train
train_2415452111,val
train_1054741440,test
train_141033189,train
train_3792988510,test
train_3999530505,test
train_3066475180,train
train_1226616307,val
train_268805751,test
train_2770901594,train
train_697243088,train
train_1518599283,train
train_2482521360,test
train_815173502,val
train_2341594838,train
train_2531375523,train
train_3261761655,train
train_4283969547,test
train_1975656945,train
train_921294749,train
train_3485013261,train
train_3200308818,train
train_2906844685,train
train_2317912745,val
train_944970109,train
train_692690780,train
train_3024280986,test
train_541842836,train
train_2126366131,train
train_1405130454,test
train_1619193911,train
train_3859888400,train
train_1019963663,train
train_858363172,train
train_2744756938,train
train_471852639,test
train_3998776303,train
train_2543179041,train
train_3567094173,train
train_951539587,train
train_4171006897,train
train_2984291125,train
train_1112875090,train
train_2929287455,train
train_1432394018,train
train_2453436368,train
train_2123409452,train
train_1970059858,test
train_1833762547,train
train_1256352405,train
train_4062110244,train
train_3524755997,test
train_2932951986,train
train_2567713643,train
train_526644923,test
train_2034044577,train
train_1248508311,train
train_3691031547,train
train_2791070721,train
train_2831495025,train
train_921688511,train
train_1006858350,val
train_2044075971,train
train_734940443,train
train_3316942431,train
train_2387035392,test
train_2131391567,train
train_444752808,train
train_16132637,train
train_2618064697,train
train_1702048436,train
train_2794496772,train
train_3131984297,val
train_1541459814,train
train_3788210198,train
train_1833409571,train
train_485336870,train
train_3747179246,test
train_2395820328,test
train_19491375,train
train_3106050687,test
train_2831331577,train
train_4226884901,test
train_999343934,train
train_2206541187,train
train_2712886314,train
train_54942459,train
train_1540915891,val
train_22635569,val
train_4161009603,test
train_652807500,train
train_1441852544,test
train_663760780,train
train_4201950631,val
train_3650921444,train
train_3342742673,test
train_296828326,train
train_2203095095,train
train_3674319361,test
train_1155374178,train
train_777555424,train
train_2385333706,train
train_2386467108,test
train_4280407716,train
train_3444160429,val
train_3674027037,train
train_2407154713,train
train_1926051576,test
train_3537544978,test
train_1648519843,train
train_1646609516,train
train_454185237,train
train_2459881582,test
train_987074750,train
train_3112905364,train
train_697302572,test
train_2733395045,test
train_696620569,train
train_2848683509,train
train_4195493748,train
train_4055251876,train
train_737943878,train
train_3031058265,val
train_3842075095,train
train_501619439,test
train_64369767,train
train_360443818,train
train_1642231819,test
train_1722253742,train
train_3901301295,train
train_2803064908,train
train_1962047292,train
train_3984973402,val
train_3737645286,train
train_3711275017,train
train_3542519052,train
train_2508814366,train
train_3319173288,train
train_776210967,train
train_1084469814,train
train_4156565810,train
train_1029471304,train
train_1518106687,train
train_1315609486,train
train_3788732937,train
train_1999622935,train
train_741317498,test
train_1061337929,train
train_3055714055,train
train_2731474405,train
train_4259445209,train
train_136028056,train
train_2481279023,train
train_4231829674,test
train_958238827,train
train_4016802070,train
train_778186330,val
train_2074239380,train
train_526948393,train
train_952569291,train
train_424002158,train
train_3319543486,val
train_2859598461,train
train_3510883773,train
train_2865342616,test
train_3444105032,test
train_641810434,train
train_1946798092,test
train_3854148104,test
train_1705077150,train
train_104387367,train
train_2435064733,test
train_1900091627,test
train_127090228,val
train_1943530167,train
train_328844229,train
train_4159546918,val
train_2241134521,val
train_2291833895,train
train_1010398399,train
train_241259446,test
train_3960172945,test
train_2381232619,test
train_3915858873,train
train_3352557796,test
train_1764303317,train
train_1259369042,train
train_474731571,test
train_2952793081,train
train_265452922,test
train_123361185,train
train_4231564899,train
train_369946848,train
train_2488109526,test
train_2808479093,train
train_3487572569,train
train_2166590500,val
train_127429722,train
train_3078381199,train
train_1858165812,train
train_3728623564,train
train_2764809753,train
train_401938564,train
train_1247424670,train
train_2489277868,train
train_360080232,train
train_4187166313,train
train_2023820821,val
train_2021138864,train
train_3517071901,train
train_489348034,test
train_2713325333,val
train_1152285444,train
train_3804601533,train
train_709746325,val
train_1285771401,test
train_2845716562,val
train_1204638239,test
train_2497164008,test
train_771663145,test
train_1521896435,train
train_2802718665,train
train_309175062,train
train_680436439,train
train_1889874908,train
train_2137713061,train
train_876603643,train
train_4066250990,train
train_574936258,train
train_2968805240,test
train_1269317347,test
train_2494838367,train
train_1832736646,train
train_4034938348,train
train_2452897945,train
train_664339299,train
train_90742791,train
train_3174143439,val
train_2542831527,train
train_3121193951,train
train_4075489438,val
train_4266843657,test
train_1043706319,train
train_138861103,train
train_410428101,train
train_930082724,train
train_3256543232,val
train_771049230,test
train_1525645860,train
train_212741308,train
train_4257447802,test
train_576641908,test
train_3559558808,train
train_1258127071,test
train_952139294,test
train_2822153035,test
train_1696903345,test
train_1850931892,train
train_4231666385,train
train_4139517233,train
train_299824201,train
train_1638131807,train
train_3446316013,train
train_1046448568,train
train_1053524389,train
train_2148139000,train
train_1144482141,train
train_2293119895,train
train_3827320597,train
train_1031330510,train
train_1912536535,val
train_2834235133,train
train_868663735,test
train_3198457335,train
train_800781654,test
train_3883967276,train
train_2668897905,train
train_1700184581,train
train_1392851178,train
train_3919638542,train
train_1201903674,train
train_4028980534,test
train_2006667994,train
train_3313559725,train
train_744777001,train
train_2827655811,val
train_2636587969,train
train_4063579498,train
train_3431600488,val
train_1177446200,train
train_3312232868,train
train_3264403685,train
train_227769081,train
train_4004757115,train
train_1537954844,train
train_1901996499,train
train_4257840466,train
train_892995062,train
train_2738278680,test
train_2820835416,train
train_1074412229,train
train_3715677525,test
train_3183827525,val
train_2637142769,test
train_902153882,train
train_55159423,train
train_3256865328,train
train_3088959799,test
train_455008498,train
train_1965022238,train
train_432611255,train
train_1787704493,val
train_4007374415,train
train_2947688596,train
train_3626308878,test
train_1034182272,test
train_754178899,train
train_2998627649,train
train_2681444479,train
train_2904843101,train
train_1954677822,train
train_1307504895,train
train_4152380959,train
train_3287984607,train
train_2777586973,train
train_2781309154,train
train_883900695,train
train_1464496640,train
train_162803001,train
train_1217431872,train
train_1175801434,train
train_4207001239,test
train_4183704017,train
train_777094442,test
train_283465252,train
train_3453241025,train
train_3122595366,train
train_4180153902,test
train_831103743,train
train_1090536099,train
train_3799081457,train
train_1882915141,test
train_709064958,train
train_1400047013,train
train_3298984327,val
train_1546751036,train
train_2685594274,train
train_3882840215,train
train_698653694,train
train_1624543433,train
train_2291856852,train
train_3902313622,train
train_4058576648,val
train_2588696693,train
train_3042616951,train
train_3873095329,train
train_347807047,test
train_1260859496,test
train_2302471727,train
train_286468130,train
train_3015487282,train
train_1588290384,train
train_2831770592,train
train_3634694167,train
train_3340905435,train
train_2691835797,train
train_1263427530,val
train_1721450968,test
train_1539237873,val
train_1860173389,train
train_380150241,val
train_436478421,val
train_3751115172,test
train_1384939823,train
train_152477918,test
train_2199727977,train
train_3135278062,train
train_2037523553,train
train_3227306976,train
train_1021119469,train
train_174626836,test
train_4236024135,train
train_3556365342,train
train_4140935935,train
train_3901859980,train
train_623546295,train
train_2917392781,val
train_1951510014,train
train_1465189932,train
train_2183904998,train
train_1509228178,train
train_993188081,train
train_4230504640,train
train_3851411652,test
train_1501230985,train
train_1896875601,test
train_2309291849,train
train_1955183733,train
train_3813502066,train
train_3994433628,train
train_2654977299,test
train_2266574005,train
train_4203591002,train
train_3598710032,train
train_306058114,train
train_1019676873,train
train_2927086930,train
train_1870146827,train
train_2258329131,val
train_3788814112,val
train_220118440,test
train_610978136,train
train_2068722353,train
train_1085112949,test
train_3123700839,train
train_732960346,test
train_1181213156,train
train_4152106660,val
train_2552312219,val
train_3660395076,train
train_1988620426,train
train_1984631193,test
train_285473479,train
train_531638442,train
train_1752849291,train
train_2516167839,train
train_133493955,test
train_3625678804,train
train_1496501644,test
train_2735065524,train
train_3951476567,train
train_3741679948,test
train_3145313078,train
train_881494813,train
train_3031235277,train
train_2676250474,train
train_2305477593,val
train_3338374613,train
train_1171752721,train
train_1031144395,test
train_2865605743,train
train_1681743588,train
train_3016010915,train
train_2778800457,train
train_1408020612,train
train_436655715,train
train_2015537172,train
train_2108530164,train
train_12979365,test
train_2421003669,train
train_3838453903,train
train_3875463706,train
train_1530309331,test
train_627860064,train
train_3700117794,test
train_2839649688,train
train_730295273,train
train_2258884711,train
train_2529992947,train
train_439046122,train
train_2924920360,train
train_3793351575,train
train_94287605,val
train_412266008,train
train_678059816,train
train_2843876157,train
train_1702396743,train
train_1947048683,train
train_3517065759,train
train_576808242,test
train_1972874194,test
train_3054956519,test
train_2775742138,train
train_3281335331,train
train_447269474,train
train_64987513,test
train_4248356200,train
train_2958084425,train
train_2383298250,train
train_2611031020,val
train_3406055332,train
train_1721646568,val
train_1846374061,train
train_784842827,test
train_493873236,train
train_21994872,train
train_1203829705,train
train_1196698468,train
train_120804728,train
train_425048811,train
train_3692194433,train
train_1181757241,test
train_235935804,test
train_2418932142,train
train_2609879565,train
train_1381625889,test
train_2104401442,train
train_3721605783,train
train_3051283324,test
train_3461164448,train
train_2172917277,train
train_197836564,train
train_1755882191,train
train_674254895,test
train_2352696598,train
train_1299356640,train
train_4287997787,val
train_2631987098,train
train_1673826544,train
train_3555363470,train
train_1077196264,train
train_244380795,train
train_1402376683,train
train_1087316564,train
train_1168684970,test
train_2159084270,train
train_3543526868,train
train_2603575620,val
train_760962227,test
train_2950143891,train
train_998778087,test
train_2527735686,train
train_286510567,test
train_3292489057,train
train_3691998169,train
train_2504712389,train
train_3895295862,train
train_3486600899,train
train_767573916,train
train_899971785,train
train_3461015855,train
train_2647302788,train
train_2040317333,train
train_3270632649,train
train_2905875577,train
train_1195275393,train
train_1338689336,test
train_853030012,train
train_1343802486,test
train_2586335821,train
train_1454619127,train
train_3851171713,val
train_4063398487,train
train_3615979429,train
train_925857969,test
train_221802664,train
train_1009654769,test
train_1623562517,train
train_2964682134,train
train_4125145069,train
train_1086750387,train
train_1256014366,train
train_3942192362,test
train_2802464786,val
train_1226956020,test
train_91405444,train
train_3546911738,train
train_154076652,test
train_1284182841,test
train_4080335308,train
train_1280734901,train
train_2172511083,train
train_1443360503,train
train_3438195111,test
train_2173338714,val
train_1602104591,test
train_1176979627,train
train_3233729713,train
train_991089390,train
train_541723311,train
train_3652812553,train
train_1948134329,train
train_3646653286,val
train_4001179870,train
train_2591474183,test
train_1404107741,val
train_4246134441,test
train_2834776851,train
train_681385722,val
train_1580953273,test
train_1512738071,train
train_4118542018,train
train_2121180399,train
train_1597766027,val
train_3208392688,train
train_51240575,train
train_2291550919,train
train_4005680040,train
train_108169842,train
train_245967020,test
train_865746276,train
train_3349251833,train
train_1823895699,val
train_1796348010,train
train_113472922,train
train_3719402390,train
train_417261045,train
train_1507733818,train
train_3233808058,train
train_2796566809,test
train_929411119,val
train_2163271280,train
train_4040109767,test
train_1248486568,train
train_192979451,test
train_86617310,test
train_1089765047,train
train_2622383359,train
train_1113565922,test
train_2433377235,val
train_984464091,train
train_688024231,val
train_4105355395,train
train_4287379294,train
train_1104017929,val
train_1670171510,test
train_1737624902,train
train_4084569444,train
train_3833371768,train
train_1683564540,train
train_580680223,train
train_3825914537,train
train_1960681133,train
train_226142184,train
train_1071571164,train
train_2214816664,test
train_1958953346,train
train_1288407846,train
train_315193891,train
train_1902722948,train
train_3424907658,train
train_926143325,train
train_4145697433,train
train_2314215954,train
train_3560119876,test
train_368435217,val
train_399267310,train
train_2174376851,test
train_3629721875,train
train_3443798869,train
train_970735232,train
train_2508721923,train
train_1419713774,train
train_3934798471,train
train_4149247737,train
train_2846157370,train
train_2285321448,test
train_737444418,test
train_436254773,test
train_3586882844,val
train_3236987903,test
train_4256822526,test
train_1543906633,test
train_895396448,test
train_74914373,train
train_1847595366,train
train_1298752376,train
train_750237451,train
train_621571440,train
train_1878679742,test
train_3978436397,val
train_4232860961,train
train_2111308412,test
train_366576052,test
train_2491259075,train
train_1698686805,train
train_429332580,train
train_3509331109,train
train_85470451,train
train_2553619997,train
train_2808680624,test
train_2486862881,train
train_335780032,train
train_2760574660,train
train_1704978454,test
train_1352213621,test
train_4231297351,test
train_4273216579,test
train_3550539933,test
train_1034209212,train
train_2617217555,train
train_800677398,train
train_3074821520,test
train_1036048652,train
train_692756093,val
train_2863452397,val
train_364971095,test
train_2345967319,train
train_4232319965,train
train_2104909523,test
train_3145737441,train
train_4220997347,train
train_1372447206,val
train_379342962,train
train_2697205398,train
train_3543586071,train
train_724128699,val
train_2180065808,test
train_2553259737,train
train_2086850980,train
train_2907085539,train
train_1374408802,train
train_3144097341,train
train_1798656329,train
train_1027866385,train
train_504292473,test
train_3195564642,test
train_1429464350,train
train_798196682,train
train_553807666,train
train_780301162,train
train_3023834127,train
train_228400557,test
train_363928772,test
train_692549082,train
train_4053748246,train
train_2799577143,train
train_1605001917,train
train_3598708422,train
train_2891918323,train
train_1761148474,train
train_2911836858,train
train_37401297,train
train_357365673,train
train_4057450694,train
train_3647045,train
train_2187802394,train
train_4066096848,train
train_985702314,test
train_1047131702,train
train_2215864841,train
train_1699969976,test
train_2238311179,train
train_3379726749,train
train_3272104616,train
train_797536258,train
train_2028522333,train
train_2586013575,train
train_1779299281,train
train_847735686,val
train_532389543,train
train_232042928,train
train_3205075970,train
train_673116554,test
train_1541820872,train
train_1943466047,train
train_2966076779,test
train_1831844180,train
train_3947674902,train
train_2435476985,train
train_2881678222,train
train_1405171508,val
train_2248541107,train
train_2973763765,test
train_233727226,train
train_4239032732,train
train_4198557646,test
train_496847971,val
train_2351598325,test
train_1743353316,train
train_3426404020,train
train_22524678,test
train_3783965554,train
train_1740078172,train
train_2777890742,train
train_2988314132,train
train_2480000517,train
train_3686203021,val
train_3814673366,train
train_2254527140,train
train_1409122516,train
train_2062077201,train
train_3725820504,test
train_643318468,test
train_2067371060,train
train_290243432,train
train_1731374251,test
train_3725174709,val
train_310405645,train
train_3202363576,test
train_4095954881,train
train_3405163214,train
train_2834429502,train
train_4111667725,test
train_2768337506,train
train_3710175498,test
train_86364035,train
train_3513879526,train
train_389976803,train
train_441369125,test
train_1243721965,train
train_2010707051,train
train_3405779938,test
train_1930236544,train
train_3507731710,train
train_3506406004,test
train_2078625559,train
train_3695110338,test
train_3029012040,train
train_3612242046,train
train_326726596,val
train_4130293355,train
train_3116364807,train
train_3390268240,val
train_936865613,train
train_1334238439,train
train_1961497444,train
train_1361965593,train
train_1303632285,test
train_119883068,train
train_506652217,test
train_1158555530,train
train_2575472540,train
train_880041580,train
train_686550288,train
train_3581848168,train
train_1130854190,test
train_3739967120,test
train_2906902484,train
train_1855249215,train
train_381568716,train
train_2375162891,train
train_2193468166,train
train_1834726971,train
train_4264364778,val
train_526569647,train
train_3724076800,val
train_2646616247,test
train_2692126404,test
train_1664607987,train
train_3048454745,train
train_1689931921,train
train_3335337784,val
train_4040576869,test
train_4177671757,train
train_528394457,train
train_2497678568,test
train_4163693024,train
train_1379556215,test
train_3147346620,train
train_1093260522,val
train_978692335,test
train_2821900983,train
train_427085928,test
train_3994867733,train
train_1951068964,train
train_530611718,train
train_2414976614,train
train_1683957519,test
train_832320505,test
train_1840332487,train
train_1902282658,test
train_2901905293,train
train_1445525920,test
train_3644852414,test
train_2161405066,train
train_866049164,train
train_2342132898,train
train_360846823,train
train_1741830072,train
train_2418225388,train
train_1643572360,val
train_1359948092,train
train_2898212571,train
train_2125533569,train
train_1501294870,train
train_3949867017,train
train_2321614650,train
train_3523076910,train
train_712686122,train
train_2880242346,train
train_262755510,train
train_3414538010,val
train_3783620522,val
train_3299024145,test
train_3701955929,test
train_3494712639,train
train_3875462176,val
train_857564826,train
train_4291595630,train
train_1966173475,train
train_3447057713,val
train_1957485877,val
train_3406999737,train
train_3389467451,train
train_1603892274,train
train_2191506101,train
train_3337316615,test
train_3071775755,train
train_683071252,train
train_3152568123,test
train_2042551639,val
train_2727056260,train
train_23932910,train
train_779610129,train
train_1644315505,test
train_4046776713,test
train_3705362014,train
train_2384025380,test
train_2420224720,train
train_473931220,train
train_3643179875,train
train_4239433039,train
train_1416732314,train
train_3669524774,train
train_2576701068,train
train_1727195683,train
train_3071392783,train
train_174533514,train
train_2519734284,train
train_1100245836,train
train_3674966222,test
train_1875005573,train
train_1321021779,test
train_1088047343,train
train_394562168,train
train_795772169,train
train_2171866717,val
train_4269032555,test
train_487676624,train
train_2016127138,test
train_3086078918,train
train_1345649171,train
train_942393904,train
train_1124166247,val
train_3977334097,train
train_612716048,train
train_2283981374,test
train_2531984805,val
train_3814126796,train
train_1134884705,train
train_2238310920,train
train_1479600641,train
train_453011805,train
train_1761594626,test
train_3678784756,train
train_2640870552,train
train_2839464006,train
train_1469076277,test
train_1566625805,test
train_1254316111,train
train_1747829683,test
train_1983573294,train
train_1296711926,train
train_3499851644,train
train_386183773,val
train_4091828774,train
train_1823278423,train
train_565162607,train
train_3276294387,train
train_454941918,train
train_201426843,train
train_18597875,train
train_9159764,val
train_3722811765,test
train_442506847,train
train_3814740262,test
train_413612040,train
train_3756477860,val
train_3712187874,train
train_1714000459,train
train_2177277696,val
train_3906290197,train
train_4076463223,train
train_1759245390,train
train_2395519617,train
train_1292410305,train
train_3258209421,train
train_2505991060,test
train_3678061025,train
train_59596076,test
train_510526172,train
train_2333651730,train
train_3267286668,train
train_971154013,train
train_2731515237,train
train_513047651,test
train_1311790265,train
train_1754155946,train
train_1086163229,test
train_1098756040,train
train_3408665832,train
train_3514539321,train
train_3392705279,val
train_2835173656,test
train_595436076,train
train_2460739393,train
train_1679732896,train
train_941959345,train
train_3802582694,test
train_705022505,train
train_1115710166,val
train_767102330,train
train_1301571760,test
train_2693244565,test
train_4166358012,train
train_524624312,train
train_2751055011,train
train_3335610237,train
train_3834703479,train
train_684229881,train
train_871788963,train
train_3828113820,train
train_2746419015,train
train_841692959,val
train_1245693675,train
train_484630322,train
train_3676261743,test
train_2273244474,train
train_3677053747,train
train_1417906547,val
train_2111136913,test
train_2020063432,train
train_3772456399,train
train_2878851339,train
train_2960135822,train
train_4284526905,test
train_2680742165,train
train_2940867281,train
train_994727005,test
train_3076904924,train
train_4062318687,train
train_1806274412,train
train_3273514511,train
train_1577835733,train
train_804388602,train
train_1286292860,train
train_1531588553,train
train_1141051504,train
train_4096167566,train
train_3603035749,train
train_3713070752,val
train_1473264068,train
train_570016701,train
train_3408111079,train
train_114085756,train
train_1214433846,train
train_3651984649,test
train_2532953722,train
train_3884647552,train
train_483183815,train
train_1273358316,train
train_752055021,train
train_3276068311,train
train_3476664720,train
train_493467157,train
train_3150910186,test
train_3802206980,val
train_1964599551,val
train_1548980216,train
train_2460001195,train
train_1387758757,train
train_1220919197,train
train_1529139771,test
train_359531076,train
train_1181248197,test
train_413909925,train
train_2883460410,train
train_1053380033,train
train_813499690,train
train_3806978624,train
train_1056799704,train
train_923169017,val
train_398564608,test
train_2697402166,train
train_1343196371,train
train_4202669240,train
train_226631891,test
train_79576086,train
train_3654927758,train
train_3270832852,train
train_4289215162,train
train_219923207,train
train_2294024568,train
train_3477492567,train
train_594344786,train
train_3481884359,train
train_1093294608,train
train_1605945449,test
train_2835221229,train
train_1980270208,train
train_1740095310,test
train_1749444787,train
train_3953757093,val
train_2562687759,train
train_261439910,test
train_495814306,train
train_3736006560,train
train_938926690,train
train_4198005107,train
train_1714461223,train
train_2630305252,test
train_2851836923,val
train_183778557,train
train_2721030710,test
train_1492147682,train
train_2687053814,train
train_3616756606,train
train_1253484092,train
train_339248773,train
train_3781417721,train
train_3450611748,train
train_1244951136,test
train_452568557,test
train_2369724383,train
train_4101097542,train
train_1165410768,train
train_1050812973,train
train_963444446,train
train_884890389,test
train_2836222345,test
train_1277990971,train
train_433534487,train
train_417704775,test
train_2498956705,train
train_3425476117,train
train_735026659,train
train_746901507,train
train_877188520,train
train_3960087499,train
train_2736754646,train
train_3672884036,train
train_3240472423,train
train_3144366839,train
train_3271827152,train
train_3640180688,train
train_2329028418,val
train_3338907184,train
train_3608446304,train
train_1169229058,train
train_3584304146,train
train_980888778,test
train_3127216204,train
train_2541644299,train
train_2929996207,train
train_998519723,test
train_612473352,train
train_3580486655,train
train_1793318833,train
train_1328021124,train
train_2919333796,train
train_3568363330,val
train_1091273671,train
train_4072058526,test
train_1210040144,train
train_2806137365,train
train_2614828072,train
train_3501400079,train
train_3714087359,train
train_3444306580,train
train_1447952964,test
train_2728351,test
train_2118539527,train
train_211053745,test
train_897848402,train
train_915338493,train
train_2225710029,train
train_662853946,test
train_2081013235,train
train_1419795104,train
train_3864437992,train
train_1825308317,train
train_2074257179,test
train_528702544,test
train_2063030686,val
train_353594891,train
train_75351581,train
train_242856641,train
train_184413811,train
train_2552213829,test
train_2671271894,test
train_81380140,train
train_1239109891,train
train_3459570760,train
train_968823646,train
train_985579008,train
train_3113254999,val
train_3071010034,test
train_409388823,train
train_1164304703,test
train_2390567902,train
train_2260680339,test
train_4091109590,train
train_3455642368,train
train_1587652921,test
train_1456650843,train
train_1504621834,train
train_730505802,val
train_2645479590,train
train_365850213,train
train_130854284,train
train_3009304575,train
train_223835656,train
train_3389153976,train
train_883854478,train
train_1269363351,train
train_4148439431,val
train_2757810249,train
train_4257299737,val
train_2183677420,val
train_2522455535,train
train_4863421,train
train_3282649358,train
train_348922647,train
train_93447273,train
train_3478715817,train
train_2877702432,test
train_2981969643,test
train_3900830092,train
train_2344885693,train
train_3584399802,train
train_3241671325,test
train_2994432595,test
train_2480012134,train
train_783949322,train
train_3961911264,train
train_1808017426,train
train_3168947168,test
train_1087539245,train
train_1579826439,train
train_3078163196,train
train_3263177330,train
train_559553296,train
train_578748751,train
train_2928059404,train
train_1890076674,val
train_3942485711,train
train_598686012,train
train_753768028,train
train_2540668007,train
train_3244424589,train
train_1117395015,train
train_518570998,train
train_370336176,test
train_945151768,test
train_1663980811,train
train_1193845109,train
train_1522570468,train
train_1908852566,test
train_528229760,test
train_3681544001,train
train_1020755811,train
train_2494143504,train
train_1728471330,train
train_2848561396,train
train_3364865935,test
train_2698644258,train
train_1591104350,train
train_1276986242,train
train_2050355015,train
train_3463353664,test
train_950214428,test
train_4225971458,train
train_1627031913,train
train_1001762455,test
train_730574107,train
train_462421564,train
train_1135229552,val
train_4054986184,train
train_2907226078,val
train_3235855765,train
train_1906548158,train
train_1328097264,train
train_3208748417,train
train_3675965337,train
train_395051171,train
train_1702027645,val
train_742920196,train
train_188661866,train
train_1082056342,test
train_1751020705,train
train_129743910,test
train_2568927866,test
train_3178780323,train
train_2419365922,train
train_819803876,train
train_3319841779,test
train_109979667,train
train_1921451175,test
train_2621081796,test
train_2154049916,val
train_4220506435,test
train_148003207,train
train_3192836924,train
train_680563089,train
train_2453487374,train
train_2377146244,train
train_3405650858,train
train_1748171701,train
train_1310328543,val
train_3026453668,train
train_325327065,train
train_2216336237,test
train_744458263,test
train_2423539741,train
train_3548659437,train
train_4009578158,train
train_3357035530,train
train_1394680434,test
train_3892457877,train
train_2960536609,train
train_1149371320,train
train_2230621526,train
train_3642606932,train
train_4008498513,train
train_2245211087,train
train_4250494803,train
train_3747191953,train
train_3764873619,train
train_3535066268,train
train_3639013819,test
train_3964038669,train
train_639777642,train
train_3884951093,train
train_3399831472,val
train_1212876514,test
train_2583788175,test
train_2923956593,train
train_614964261,train
train_581026061,test
train_580639524,train
train_1149665327,train
train_2581044243,test
train_1027065437,val
train_1462352752,train
train_416491102,train
train_1264624348,val
train_3532310293,train
train_1070240185,train
train_1494212344,train
train_2691955606,train
train_1810227284,train
train_1456347191,train
train_450051543,train
train_1310039277,train
train_1129389694,val
train_1407993461,train
train_4104889914,train
train_1638605360,train
train_1267786042,test
train_3668358404,train
train_3947101901,train
train_4058448482,test
train_4231298363,test
train_703040513,train
train_2689063600,test
train_3072404865,train
train_2936323341,train
train_4273917910,test
train_3928134180,test
train_1105011674,train
train_1770220823,train
train_2881579783,train
train_3093956082,train
train_503811516,train
train_339596993,val
train_290455082,val
train_43249395,val
train_4221730107,test
train_2278509958,test
train_3241085284,train
train_579165481,train
train_3682043189,val
train_2259186951,test
train_2454007176,train
train_3491392837,train
train_160534059,test
train_3434424025,train
train_3630987777,train
train_2766692125,train
train_849207826,train
train_294829068,train
train_4293652851,train
train_3815077485,train
train_1526195575,test
train_856084697,val
train_3657698991,test
train_341249615,train
train_1831498823,test
train_827706145,test
train_2312297106,train
train_3008125303,train
train_2185848906,train
train_1993758170,train
train_718670407,train
train_1911316834,train
train_2075710252,train
train_916518448,train
train_4100619349,train
train_117897702,train
train_4102960628,test
train_3936746631,train
train_1649580706,train
train_384343578,test
train_474577094,train
train_2771134023,test
train_936024693,val
train_2724595883,train
train_2210071607,test
train_600113229,train
train_4108284855,train
train_1972348058,train
train_3563578565,train
train_1273135306,train
train_118697074,train
train_1117779697,train
train_1463059254,train
train_832450566,train
train_3810645974,train
train_3808457662,train
train_485477407,test
train_646600349,train
train_3998154540,train
train_353877543,train
train_3956522897,train
train_1221967908,train
train_3028842982,train
train_2153944527,train
train_3226556167,train
train_3237721314,train
train_1329440892,test
train_3855552650,val
train_1830776072,train
train_109066266,val
train_3653157196,train
train_3229392337,test
train_3661511201,train
train_2274091041,train
train_4039731280,train
train_2406837703,train
train_1638941829,train
train_3975678403,test
train_1862295578,train
train_2536516014,train
train_67411622,train
train_946548299,train
train_3773972148,test
train_3892276103,val
train_2385113404,val
train_1974573008,train
train_89591030,train
train_1064776843,test
train_36339473,train
train_520278351,train
train_3494783391,train
train_4217311361,train
train_3888149873,test
train_2701228512,train
train_2812821746,train
train_3842160708,train
train_3118692549,train
train_2358888198,train
train_3285204111,train
train_269080636,train
train_3239149216,test
train_3791712033,train
train_332521215,train
train_1892311299,train
train_2136985144,train
train_2221426567,test
train_3215335798,val
train_811100137,test
train_2361997442,train
train_2686752962,train
train_3447197982,train
train_3881352562,val
train_1217495101,train
train_2525092192,train
train_2205967347,test
train_1648335025,train
train_1250291339,train
train_69823973,train
train_2249428809,train
train_3052439570,train
train_3391563598,train
train_3685589275,train
train_4119253789,test
train_536026157,train
train_1630742171,train
train_135534307,train
train_1185364207,train
train_3275970973,train
train_3354585859,test
train_2855397847,train
train_4224487314,val
train_3605468147,test
train_4290571908,test
train_3488936349,val
train_153554712,test
train_1007689915,train
train_1394769492,train
train_4210802774,train
train_1521507810,train
train_1056832029,train
train_1833691462,train
train_1647008554,train
train_2041682151,train
train_1414450464,train
train_2816335538,train
train_2927777581,train
train_1176449441,train
train_1574459142,train
train_4005028096,test
train_3328717958,val
train_274475091,train
train_1211058368,train
train_3002964487,test
train_424837019,train
train_2860813930,val
train_3301792790,train
train_2613031398,train
train_2710338125,test
train_1175865161,train
train_822790514,train
train_1280220978,test
train_2648530396,train
train_4158394028,test
train_465777969,train
train_2836494610,train
train_2121816171,train
train_3665527367,test
train_2331402912,val
train_4148225616,train
train_1181080596,val
train_1561856024,train
train_1432463213,train
train_595175079,train
train_3354986359,train
train_3858950552,test
train_590231388,train
train_157598688,test
train_1879840264,train
train_2706016686,test
train_4034650968,test
train_2873900178,val
train_2118725934,train
train_3349737488,train
train_3289613561,train
train_3809416075,train
train_30908928,train
train_1909289475,train
train_1601395199,train
train_2293797750,val
train_127506011,val
train_3002862391,train
train_226112794,train
train_2465520267,train
train_902012491,train
train_759881158,val
train_2735314214,train
train_671581744,test
train_2724232300,train
train_2909843111,train
train_3987413646,train
train_3009849463,train
train_3382674806,train
train_3645123152,train
train_1673660532,train
train_1438541148,val
train_3838707458,train
train_2518862130,train
train_647111685,train
train_3228711259,train
train_2541462564,test
train_2724041072,test
train_468451127,train
train_675983017,train
train_2054269794,train
train_241204929,val
train_2957438881,train
train_919428912,train
train_13672904,test
train_3702354104,test
train_3115308262,train
train_2629018026,train
train_2193000950,train
train_458626317,train
train_1258500296,train
train_285141857,train
train_2141964660,test
train_18130084,train
train_3221912816,test
train_4287026954,train
train_2884695138,val
train_3568230105,train
train_4072300740,train
train_2259883032,train
train_670639699,test
train_378997795,test
train_1366857424,train
train_3077324247,train
train_662295241,test
train_123960860,train
train_1166150534,train
train_2454293055,val
train_2053589180,train
train_2204550718,test
train_1638450832,train
train_1270534859,train
train_3521334414,test
train_3328914104,test
train_4265417650,train
train_3910854934,train
train_3656090860,train
train_523434566,train
train_83767725,train
train_789333295,train
train_2997111901,train
train_1027114293,val
train_1162894992,train
train_373224631,train
train_2935723182,test
train_1564616217,val
train_4334718,test
train_3710890942,test
train_2815913867,train
train_1722483624,test
train_2953105686,test
train_1987440511,test
train_1792753322,val
train_3500654464,test
train_956584173,train
train_1344878739,train
train_3812258243,train
train_3854694423,train
train_3798720994,test
train_3725310713,test
train_3712381717,val
train_3084633116,train
train_3967525139,train
train_919361466,train
train_1998139985,train
train_2078523022,test
train_2383415605,train
train_472528597,train
train_3465048930,train
train_2206112655,train
train_2848840315,test
train_4159299766,train
train_3711036384,train
train_158293110,test
train_3936157310,val
train_2878026949,test
train_95102453,train
train_486704146,train
train_3000106323,val
train_4283625477,train
train_3515427645,train
train_1143189221,train
train_3860521805,test
train_2730244836,val
train_1714666943,train
train_4049988554,train
train_4059237243,train
train_3395349010,train
train_2324379594,train
train_2414694095,test
train_1961967337,train
train_1991934310,train
train_1108336334,test
train_1870118961,train
train_1321883782,train
train_2546415228,val
train_370242186,test
train_1162221285,train
train_1744357725,train
train_3455174146,test
train_1718111903,test
train_2204854715,train
train_4003567154,test
train_4209407016,train
train_4290916112,val
train_3378630193,train
train_1634879265,train
train_3687084875,train
train_2954346820,train
train_248818742,train
train_4038738489,val
train_944302560,test
train_2095066661,val
train_759982759,val
train_1911029025,train
train_4030416043,train
train_3608003469,test
train_4050206063,val
train_2391161451,train
train_2387753807,train
train_602423927,train
train_2231498489,test
train_2586760624,val
train_3912394235,test
train_1416662974,train
train_3684396189,train
train_3318524762,train
train_518067135,train
train_1153365541,train
train_4258670803,train
train_3517510767,test
train_3544995555,train
train_720716255,train
train_2722256462,train
train_1903888801,train
train_2922686139,train
train_2311158854,train
train_1225784982,train
train_4240095430,train
train_3546083498,train
train_2249177924,train
train_2995914375,train
train_1142086820,train
train_457446751,test
train_1665453877,test
train_2296946515,train
train_2517149652,train
train_1643051237,train
train_2300977928,train
train_3810452166,train
train_120583569,test
train_2085843276,train
train_2523248394,train
train_1771361937,train
train_2359690067,train
train_1254601165,train
train_1194316978,test
train_425137311,val
train_3273425672,train
train_4032887072,train
train_856159880,train
train_2277634706,train
train_3412473422,train
train_3131839334,train
train_760148421,train
train_3772569546,train
train_2347322245,train
train_3593881517,train
train_1494078862,test
train_3778483304,train
train_1891249981,train
train_1976814467,train
train_2512410750,train
train_20723777,train
train_3625252048,train
train_1817722658,train
train_934581593,train
train_666310691,train
train_3182784609,train
train_2105354224,test
train_3114429112,train
train_2277863279,train
train_2733440473,train
train_2181096049,train
train_2953889303,test
train_4038854341,train
train_1419977018,train
train_3607427749,train
train_3673802767,train
train_2066712363,val
train_2972005862,val
train_2852402669,train
train_65068596,train
train_1992873299,val
train_908998,test
train_2094248288,val
train_3035127267,train
train_4246864314,val
train_2200603553,train
train_595612322,train
train_794079018,train
train_1592239513,train
train_3765122781,train
train_2856566816,train
train_1996626560,train
train_4175761083,train
train_9544348,train
train_4257873274,val
train_3387923729,train
train_1883605989,test
train_3198754730,test
train_2090922372,test
train_539174875,train
train_2614651568,train
train_3717412427,train
train_94624737,test
train_426994012,train
train_1310694957,train
train_1943245796,train
train_2634286731,train
train_1939723295,train
train_1987416953,train
train_908940351,train
train_1081931791,train
train_3132774775,train
train_2802785641,test
train_2816678859,val
train_1924007875,train
train_718119106,test
train_2422154288,train
train_2219755175,val
train_1256952043,train
train_2044306000,train
train_2887867820,test
train_3322216111,val
train_3026971282,train
train_1874278675,val
train_1932392577,train
train_3421629673,val
train_3893399499,train
train_2678280505,test
train_3903725610,train
train_227236291,train
train_752479449,val
train_1996635211,train
train_2115752379,train
train_691041440,train
train_1866966227,val
train_2331808950,train
train_1522322334,test
train_160794200,test
train_1930129406,train
train_615732547,test
train_989190235,train
train_2377621459,train
train_4069658958,test
train_3172622125,train
train_4221853212,test
train_535763330,train
train_457877609,test
train_2427492123,train
train_3636167029,train
train_1865992274,train
train_2880915559,test
train_2823868766,train
train_1867213352,test
train_2884525191,train
train_2911070846,train
train_208073458,train
train_2767216329,train
train_2992657661,train
train_2956253761,train
train_3521650421,val
train_3844555549,test
train_4144995528,train
train_1710545554,train
train_2277711141,train
train_315505078,train
train_768546135,test
train_1035429011,test
train_1568529584,test
train_687755518,train
train_439944660,test
train_4011758097,train
train_387341921,train
train_1955605667,val
train_710743154,train
train_521828536,test
train_3817132078,val
train_1466235757,train
train_1335623683,train
train_2902702651,test
train_3156194756,train
train_1503251767,train
train_2135981354,train
train_1047071374,train
train_4242937486,train
train_257139349,val
train_463141836,train
train_2494441632,train
train_2733627591,test
train_2350461185,test
train_1982962911,train
train_1374857241,train
train_1986182742,train
train_1373942162,train
train_3740187989,train
train_2841216112,val
train_2658780777,test
train_4169828245,train
train_2654008584,train
train_1835268339,train
train_646723792,train
train_3535352952,train
train_3751292542,test
train_383363634,train
train_2545746433,train
train_1032986852,train
train_361535949,val
train_1796758926,train
train_2136410307,train
train_1319813882,test
train_3666439398,train
train_1165995677,train
train_1153672401,train
train_2045980820,train
train_2900997432,train
train_651457263,val
train_803936286,train
train_3622812004,train
train_4207841315,val
train_3499462668,train
train_2214891149,val
train_2832161902,train
train_1919371250,train
train_3405275395,train
train_2574210849,train
train_2302221232,val
train_2845343774,train
train_2207326322,val
train_2454555374,val
train_3076387099,train
train_2893123996,train
train_3903410467,train
train_2295343152,train
train_4264226281,train
train_494405797,train
train_2157089089,train
train_2793307557,train
train_1718777957,train
train_2957595430,test
train_1947831128,train
train_475344422,train
train_1604424454,val
train_907596322,val
train_2226801890,train
train_2518217560,val
train_3871621251,train
train_3266137956,train
train_1701465235,train
train_2113020097,train
train_3610816523,train
train_3405782673,train
train_1941850107,train
train_2113554964,test
train_1928451553,train
train_1012061633,train
train_4260772792,train
train_1505602291,train
train_1914826199,train
train_3287582256,test
train_3473245256,train
train_1103197947,val
train_2067185062,train
train_3629873369,test
train_2061618493,test
train_2921097111,train
train_407357117,test
train_1456401714,train
train_2698247028,test
train_2542478416,test
train_3091509941,train
train_3243701461,train
train_1908536094,train
train_4124967798,test
train_4013439429,train
train_2084831093,test
train_2087208047,train
train_1825429894,train
train_4155754495,train
train_1572485642,train
train_1797129489,test
train_3843570006,train
train_1749322479,train
train_3881179447,train
train_1596018219,train
train_1045493536,train
train_2307996108,train
train_356509462,train
train_4263609049,train
train_2337366958,test
train_1136005569,train
train_26924643,train
train_1186281708,train
train_2729358485,test
train_1147852158,train
train_1246572991,test
train_1076833439,test
train_4225386186,train
train_488563414,val
train_272635232,train
train_3017747929,train
train_742619611,val
train_2618801107,train
train_286092141,train
train_1310892568,train
train_1169701174,train
train_1154217347,train
train_3738949967,train
train_2621558583,val
train_1049431051,train
train_3980650530,train
train_740019260,train
train_1766333123,train
train_243958242,train
train_4180954652,train
train_2086641637,train
train_1811061338,test
train_284834537,train
train_2309945136,train
train_1220788249,train
train_994018125,train
train_3304282996,train
train_1256119302,train
train_91049279,test
train_3978871229,train
train_3923617837,train
train_2641847112,test
train_61756466,train
train_3980754834,test
train_1184779212,train
train_3835291007,train
train_4025640017,train
train_958149554,train
train_1266286721,train
train_2208541913,train
train_4268807371,train
train_2490678015,train
train_26921525,train
train_859021168,train
train_1966927418,train
train_4057805739,test
train_1164747439,train
train_1295973460,train
train_1889203732,val
train_3313499467,train
train_1358367394,test
train_2199372711,train
train_1074364931,train
train_2399237501,test
train_569339064,val
train_476013554,train
train_1294791401,val
train_4292413539,train
train_1794820467,test
train_677659721,train
train_1904312420,train
train_1826832194,train
train_28514922,test
train_3071236321,train
train_1963521129,train
train_264368438,test
train_3151379830,test
train_669309314,test
train_1107499473,train
train_739348319,test
train_2498723841,train
train_2662861466,train
train_1948987247,val
train_3982974369,test
train_145923030,train
train_2275217849,train
train_87681822,train
train_2474024132,train
train_2558752130,test
train_1429319973,train
train_3808512180,train
train_186728419,train
train_2156147550,train
train_3893145472,test
train_4189460816,train
train_1501701075,val
train_170551652,train
train_1447192932,val
train_1289230075,train
train_4274952105,train
train_3630841917,test
train_134908967,test
train_3119751659,train
train_1316968604,test
train_3565089656,train
train_1086399354,train
train_666946279,train
train_3653164556,train
train_3087233573,train
train_2156031410,test
train_4086229010,train
train_283631508,train
train_2921149256,train
train_2028171512,train
train_1039095307,train
train_219504178,train
train_3015774714,train
train_2617644869,train
train_2074530066,train
train_2833165362,train
train_2324715334,train
train_3196186760,train
train_476140098,train
train_444713842,train
train_2479098627,train
train_3002296048,train
train_109078855,val
train_2753534142,train
train_97924430,test
train_1919356562,train
train_1055608488,test
train_4189619250,test
train_3561748876,test
train_4194983712,train
train_3848404146,train
train_2671703356,train
train_2332344243,test
train_1731815347,train
train_790083043,val
train_1055548891,train
train_1579528040,test
train_987687397,test
train_1861860217,val
train_1420228920,test
train_4064246493,train
train_324722145,train
train_2281665183,train
train_4071737082,train
train_1380848373,train
train_1039971953,train
train_1423119969,train
train_2884528116,test
train_2149687414,train
train_4049723728,train
train_1714629975,train
train_1252383802,test
train_2669144444,train
train_1764635954,train
train_2704346682,train
train_2029562141,train
train_2880774929,train
train_195139947,train
train_3038515231,train
train_2599598513,train
train_2075082651,train
train_1514682148,train
train_4247942030,train
train_1202677477,train
train_583797223,train
train_631881912,train
train_2649777791,val
train_2190579573,train
train_3256559642,train
train_3657202018,test
train_4014998707,train
train_2166943512,train
train_144600023,test
train_389511343,train
train_2407448416,train
train_824406050,train
train_480894425,val
train_2959850456,test
train_85695123,train
train_190111315,train
train_3727530453,train
train_2467863001,train
train_1187740025,val
train_1909423994,val
train_2324551157,train
train_656385918,test
train_1112442005,test
train_2202623017,train
train_3565772490,train
train_2618541852,train
train_2716241557,train
train_4047555989,train
train_2526410039,val
train_1711378466,val
train_2945621379,val
train_725313284,val
train_3156880273,train
train_1042647890,test
train_3061658398,val
train_1700897367,train
train_3330613611,train
train_3062601533,train
train_1949988059,test
train_3032242203,test
train_3711719094,train
train_2356097542,train
train_1989512110,test
train_1805142235,val
train_1389058325,test
train_3372308803,train
train_3750841713,train
train_64753959,train
train_1470506083,train
train_449589705,val
train_2890561395,train
train_550102947,test
train_1072427985,train
train_3579302795,train
train_126355496,test
train_36947311,test
train_309428459,val
train_3088193012,test
train_1257621306,test
train_2508755959,test
train_4247501822,train
train_546884193,train
train_1563345821,train
train_3190426289,test
train_527094653,train
train_2932373363,train
train_3045435390,train
train_2491924537,test
train_1569930350,train
train_544056532,test
train_3978637766,val
train_2761508353,train
train_985270715,train
train_3565860518,test
train_532627371,train
train_475516319,train
train_780863295,test
train_1527680237,train
train_818478179,train
train_84581024,test
train_3285563951,test
train_888469911,test
train_1659227489,train
train_1358561112,val
train_3383937433,val
train_748415307,train
train_3360989004,train
train_4117879162,test
train_2689605755,train
train_3412310048,train
train_4081709283,test
train_2827804475,train
train_182034939,test
train_2849221953,test
train_3919969537,train
train_4137909102,val
train_2528996600,train
train_77947208,train
train_2425427582,train
train_687993678,train
train_3133294037,val
train_3137659164,train
train_2797951236,train
train_1640708897,train
train_1848200917,test
train_3812226225,train
train_1208869417,test
train_1187841016,train
train_1294572856,train
train_2859895264,val
train_81352027,train
train_159388135,train
train_2584877774,test
train_1459333617,train
train_2707731344,train
train_2917591627,test
train_3710260761,train
train_3657119757,test
train_385800853,test
train_762769874,train
train_1116093912,test
train_1940632631,train
train_3010742042,test
train_2844550622,test
train_3723855717,train
train_2667985975,test
train_899344728,train
train_1374193074,train
train_4149851899,train
train_1819580980,train
train_1877141758,train
train_663948849,val
train_1351078306,val
train_2312670997,val
train_4262738264,test
train_1556735360,train
train_2878253542,train
train_890569082,test
train_2887145594,train
train_3617277197,train
train_694399511,train
train_4226238351,train
train_2246793715,train
train_3856469748,test
train_1507109924,train
train_1539663884,test
train_2899704227,train
train_1558565526,train
train_147039179,train
train_2507414927,val
train_1217335117,train
train_3650486590,test
train_2055538634,train
train_1288895609,val
train_1004591235,test
train_2915487188,test
train_2933308440,train
train_1658366434,train
train_1032419711,test
train_421816105,test
train_1827480785,train
train_2188846652,train
train_3656685075,train
train_1271861682,train
train_3065290614,train
train_2531151627,train
train_3513028143,val
train_878780296,test
train_3136708270,train
train_1535476339,test
train_1203924371,train
train_2429643966,train
train_2923692531,val
train_3140563840,test
train_2291298539,val
train_2295727473,train
train_2704763742,train
train_3760839674,train
train_3912094864,train
train_592611428,train
train_3099437730,train
train_3157944729,train
train_1520289828,train
train_1323351146,train
train_1763922059,train
train_4074037333,train
train_1189949692,test
train_3787136840,train
train_1309576111,train
train_1601991592,train
train_3957743951,train
train_23663822,train
train_1717656388,test
train_3281762896,train
train_2506439736,test
train_3572562586,train
train_3298276808,val
train_2971251485,train
train_2710511017,train
train_3599713514,train
train_2438414511,train
train_863602133,train
train_2083787513,train
train_1718278667,train
train_3166922592,train
train_2964045127,train
train_779520769,train
train_3623718303,train
train_319335895,train
train_3108984297,train
train_1854141549,val
train_3087797817,val
train_812396702,train
train_2599690731,train
train_2150689456,train
train_948199342,train
train_2899198428,train
train_16606995,test
train_1030565775,test
train_704708073,train
train_1942209644,train
train_3749955502,train
train_2345031110,test
train_3243285417,train
train_1807239115,train
train_1613478705,test
train_4074879430,train
train_4017496923,train
train_1429797156,train
train_1048665527,train
train_1821908796,val
train_472671248,test
train_952343981,train
train_1869153780,train
train_3681087630,train
train_4267778918,train
train_1837965443,train
train_2812442440,train
train_376093582,test
train_204765486,train
train_3519658145,val
train_407527097,test
train_531532892,val
train_3344630314,train
train_550664468,test
train_3668378158,train
train_4223688912,train
train_2278982039,train
train_2809978496,train
train_2604148185,train
train_2860218642,train
train_3042115262,train
train_2020903478,test
train_4194396226,train
train_611948683,test
train_898943418,train
train_3022463165,test
train_222930793,val
train_833895521,test
train_1458933053,train
train_4282331229,train
train_3949355563,train
train_1325761027,train
train_1045583123,train
train_179852409,val
train_1036424146,train
train_2267889137,test
train_1318035381,train
train_4177447080,val
train_2489211626,test
train_765823388,train
train_3163289473,train
train_799363063,train
train_2976193896,val
train_241998394,test
train_3920100135,train
train_437717851,train
train_549311674,train
train_3215382846,train
train_2203253743,train
train_123708235,train
train_3911267459,test
train_1854467603,train
train_2661183350,val
train_2977659991,train
train_3843335964,train
train_2979974702,train
train_4127755243,test
train_1563730227,test
train_211842509,train
train_1841368245,train
train_3397507732,train
train_3381620440,train
train_2214360920,train
train_580107475,train
train_2133053875,test
train_4019901161,train
train_3939658324,test
train_1382621881,train
train_106555062,test
train_2451758778,train
train_1930490615,train
train_2066020280,train
train_2121509737,train
train_1024034764,train
train_3598326839,val
train_2176798540,train
train_2306578526,train
train_1303494512,val
train_4265884653,train
train_3307007102,train
train_3079920326,train
train_2313083685,train
train_3638008884,test
train_3213838956,train
train_1159295868,train
train_819688267,test
train_696851414,train
train_4286895880,val
train_2352527721,val
train_1769508842,val
train_4217728604,train
train_1765722951,train
train_2526110709,train
train_3487368619,train
train_3697023502,test
train_2842188975,test
train_4110011825,train
train_3938323603,train
train_2609699197,train
train_3255270010,train
train_2279925563,val
train_3022743106,train
train_1493925698,train
train_3603224618,train
train_3157395612,val
train_260970840,val
train_117381220,train
train_894358873,train
train_1066583882,train
train_2069761199,val
train_2923757323,train
train_1195145974,train
train_4195171290,val
train_637860796,train
train_857485163,train
train_2933418129,train
train_2845480992,train
train_1377593974,train
train_1348648183,train
train_3320559351,train
train_4291793569,train
train_568877022,train
train_4005876457,train
train_4204936083,train
train_534630555,train
train_3233068605,train
train_3374686020,train
train_2478921211,val
train_794478049,train
train_2476174738,train
train_787378662,train
train_933908241,train
train_353691936,train
train_3424672118,train
train_3055551411,train
train_1450700111,val
train_1093267500,train
train_2986446502,train
train_2970276070,train
train_789678463,train
train_1660320565,train
train_703969175,test
train_878211883,test
train_932187993,test
train_1082842942,test
train_1757679059,train
train_834699999,train
train_3653591340,train
train_2948165449,train
train_2606575559,test
train_2233764339,train
train_3752762912,train
train_830792094,train
train_2979954665,test
train_2595861940,train
train_3949196391,train
train_3347288996,train
train_3733607493,train
train_2045038097,train
train_1458278472,train
train_2888979065,train
train_289928969,train
train_1406791846,train
train_2582667765,train
train_1581737517,train
train_4150578390,train
train_1119587076,train
train_2915864414,train
train_424882435,train
train_3697166963,train
train_1021682973,train
train_3657076566,train
train_1712400700,train
train_1158252701,train
train_1680815829,train
train_2335515391,train
train_2648443083,train
train_792701674,train
train_3120360765,train
train_639682085,train
train_2550335510,test
train_1035029515,train
train_917428888,train
train_246985913,train
train_3442294376,train
train_2037987558,train
train_1966387856,train
train_3173603888,train
train_828797371,train
train_859490431,train
train_3488651977,train
train_1147405041,train
train_3132251772,train
train_1466669793,train
train_3970860296,test
train_3223148626,val
train_601163629,train
train_3371614390,test
train_1797572588,train
train_1821837110,train
train_3246861100,train
train_216243666,train
train_3195775448,train
train_3506084724,train
train_1196801594,train
train_1641198444,train
train_2052288573,train
train_1005605263,train
train_838965779,train
train_1189549200,train
train_3377849721,train
train_95230727,train
train_809411137,train
train_3134169829,train
train_1230651010,test
train_2884866346,train
train_698212721,train
train_915304139,train
train_982666646,test
train_2950797415,train
train_3351248344,train
train_517675309,train
train_2646893995,train
train_1642491796,train
train_2629377165,train
train_2184763987,train
train_3579417246,train
train_3513945974,train
train_528357636,test
train_1147828034,test
train_3770650045,train
train_3213656133,train
train_769115990,train
train_125564387,val
train_1449192440,test
train_3077942942,train
train_3228135424,train
train_4179691234,train
train_3769291714,train
train_3128277668,train
train_4269276050,train
train_3940385534,train
train_3406249871,train
train_2521010044,train
train_737458712,train
train_3870736156,train
train_2489522070,train
train_2649123681,test
train_2187811725,train
train_3650163590,train
train_623208014,train
train_2259092119,train
train_2214028611,train
train_1599890233,train
train_525048682,train
train_712329971,val
train_3106138408,val
train_3551292805,train
train_863458039,train
train_464142616,train
train_1649455383,train
train_1838474421,train
train_2106366359,val
train_2403181438,test
train_1111225612,train
train_2879182040,train
train_3872732849,train
train_1143470207,train
train_2562036524,train
train_2398505861,train
train_1240803356,train
train_430222341,val
train_1746192586,train
train_4029458328,train
train_2493407517,val
train_3731599615,test
train_1947512444,train
train_64398029,train
train_2901574975,val
train_1583667374,test
train_1598501324,train
train_1580769172,train
train_1671268363,train
train_3755737508,train
train_1993306144,train
train_2165967702,train
train_2805960789,train
train_3748638690,train
train_1290902271,train
train_6304173,test
train_783257925,train
train_3632257309,train
train_3109351957,test
train_559751141,train
train_3130762168,train
train_1107688797,train
train_232393507,train
train_3785748481,train
train_2578665172,train
train_2044627016,val
train_476138594,test
train_1293004971,train
train_1579554075,train
train_2058585564,train
train_4214328043,train
train_1994415800,train
train_3835997582,train
train_3603239009,train
train_3349731651,val
train_714830040,train
train_2248311796,val
train_4292121182,train
train_3915378607,train
train_3481823466,train
train_631352955,train
train_1797349310,train
train_1831437987,test
train_2053538347,test
train_1726089886,test
train_3146628382,train
train_1086352645,train
train_1590248844,test
train_1160450240,val
train_2959725574,train
train_2334342089,test
train_2727496353,train
train_3103316026,train
train_2399820503,test
train_1205778136,train
train_3759615612,train
train_1944332013,train
train_2140669175,train
train_2618088821,train
train_687154603,train
train_3483732886,val
train_786894078,val
train_511142102,train
train_3193058230,train
train_3740333965,train
train_2252586152,train
train_1878870548,train
train_1681819636,train
train_1166421184,train
train_225941371,train
train_2727322499,test
train_2052336109,train
train_658190542,train
train_1130742324,train
train_2488038529,train
train_4235498663,train
train_1772073323,train
train_336177807,test
train_2229512438,val
train_1062581092,train
train_4178245624,train
train_171792273,train
train_1073122513,test
train_1499633505,train
train_98856416,test
train_729898673,train
train_903283426,train
train_1403530371,test
train_742888211,train
train_2769782917,train
train_1280676096,train
train_4160924531,train
train_2828391981,train
train_1205995076,train
train_2655218618,train
train_678480026,train
train_465055448,train
train_1187084861,test
train_858395208,train
train_3172442381,train
train_2961338276,test
train_447337020,val
train_3313146802,test
train_866720147,train
train_1593565550,train
train_2383288882,train
train_3698268077,train
train_1414655801,train
train_107408797,train
train_2826962161,train
train_4136772972,train
train_3662993631,test
train_3442726421,train
train_47661067,train
train_444299226,train
train_2339025099,test
train_626568090,train
train_647625529,train
train_2651172982,train
train_524360256,test
train_553131816,train
train_2064375249,test
train_723108769,train
train_1530584352,train
train_3643954029,test
train_2557784744,train
train_4107050371,train
train_2208221904,train
train_2775712288,train
train_563561141,test
train_1506002495,test
train_2009633102,test
train_512335640,test
train_2281278204,train
train_3736075754,train
train_3203070291,train
train_1065866736,train
train_2049371047,train
train_2331201860,train
train_1134978723,train
train_407031269,train
train_3625054661,train
train_3166358410,train
train_948915039,train
train_1832329708,train
train_578929035,test
train_3922602529,test
train_2427521628,test
train_4260044750,train
train_3867692441,train
train_4137094413,train
train_1456582303,train
train_3038373893,train
train_1496363911,train
train_107312092,train
train_2344463199,train
train_2945207725,test
train_717851508,val
train_3246980385,train
train_539315507,train
train_3596124466,train
train_1352092532,train
train_3343615285,train
train_4084772239,train
train_2615897346,test
train_3050999638,train
train_3029038047,train
train_1534989662,train
train_4246152366,train
train_4082765343,train
train_3558052507,train
train_1101200021,test
train_398197005,train
train_4091085667,test
train_2553746891,test
train_1656681741,test
train_1915376122,val
train_2011584560,train
train_1017707148,train
train_1910428789,val
train_2198997448,val
train_3494407208,train
train_1117038294,train
train_4165358870,val
train_2803467339,train
train_1917188632,train
train_3058694204,val
train_1422100530,train
train_46290018,train
train_2643153468,val
train_1518152019,test
train_162841204,test
train_1297759567,test
train_1468106184,train
train_566629079,train
train_4110457830,test
train_1453266121,train
train_370764966,test
train_364678535,train
train_1037698435,val
train_3865282447,train
train_4208567739,val
train_566082565,train
train_1584223902,val
train_2857195861,train
train_1044861196,test
train_3047118331,train
train_3442664377,train
train_3859218523,train
train_2503576652,train
train_2055286118,train
train_2860058334,train
train_2126280844,test
train_4147343300,test
train_3004960478,train
train_2099416888,train
train_4143175294,train
train_3055382487,train
train_3888174778,test
train_2219649462,train
train_2120988211,val
train_2076600858,train
train_2106965345,val
train_758427320,train
train_2721214569,train
train_909999756,test
train_2510469354,test
train_3696894733,train
train_2365662388,train
train_3942301052,val
train_3041402304,train
train_547400844,test
train_1968167638,test
train_2910264727,train
train_3761120415,train
train_1037235514,val
train_3943683166,train
train_2795977503,train
train_156238926,train
train_799556748,train
train_1948970190,test
train_2891093406,train
train_319723148,train
train_1501672829,train
train_686490213,train
train_1455343671,train
train_540491800,test
train_579166701,train
train_1794806095,train
train_44640417,train
train_2614701622,train
train_689473031,train
train_4200157980,train
train_317795630,train
train_3509628452,val
train_3149947430,train
train_106957881,train
train_358597951,train
train_1643513946,val
train_3078579219,val
train_721741341,train
train_1930023820,train
train_3096617588,train
train_580703821,train
train_2499047073,train
train_3602647642,train
train_3653927405,train
train_3022038801,val
train_2484750812,train
train_2230151146,train
train_2791568621,test
train_3703420818,train
train_279600952,train
train_2190972254,train
train_2134686977,train
train_3671580311,train
train_2985233422,test
train_1311954566,train
train_4019719016,train
train_4253011463,train
train_2179805747,train
train_3190806265,test
train_2448362448,val
train_2053490150,train
train_1697151198,train
train_244106829,train
train_3181829535,test
train_995770825,train
train_4025231428,train
train_2219492751,train
train_2476652138,train
train_4032051158,train
train_347917157,test
train_1923440842,val
train_1088573634,train
train_1764357950,test
train_4262375807,train
train_36309833,test
train_2773907365,test
train_430712245,train
train_3222992162,test
train_3522284327,train
train_600248559,train
train_647500047,train
train_1843113760,train
train_1106581512,train
train_571336936,train
train_3652910315,train
train_2559748861,train
train_4068658257,train
train_1687584201,train
train_2136316400,train
train_790964701,train
train_2557838986,train
train_3120047743,train
train_3700499630,train
train_1778787696,train
train_3995431954,train
train_562608471,train
train_1694334770,train
train_3114598994,train
train_1678535797,train
train_2570846869,test
train_1445745056,train
train_3816312559,val
train_1789860585,train
train_3229284292,train
train_893745489,test
train_2122087002,train
train_2741800834,test
train_3911334027,train
train_1723356410,train
train_2252692883,train
train_4220964327,train
train_1035889078,train
train_614891412,train
train_3240709016,test
train_3881110672,test
train_979590880,train
train_2366857843,train
train_3498607318,train
train_967335012,test
train_3294578577,train
train_2559002791,test
train_196432360,train
train_163778673,val
train_4245460900,val
train_1658776927,test
train_3358181694,train
train_1861408010,train
train_1448927649,train
train_1337838911,test
train_166815451,train
train_2020264687,train
train_389659505,train
train_3770327038,test
train_346029177,train
train_1790673756,train
train_3355635780,train
train_3244894232,train
train_3278703159,train
train_2472469703,train
train_635836155,train
train_4175302414,train
train_3761774747,train
train_11875636,train
train_174545108,test
train_3214331140,train
train_3120538600,train
train_2044120387,train
train_2340723329,train
train_1480806010,train
train_1589876249,train
train_2063679704,test
train_2405856770,train
train_2462780006,train
train_4163052277,val
train_271218291,test
train_2793039567,train
train_3831223463,val
train_2216166082,train
train_491239537,test
train_853236315,test
train_2949504712,train
train_3628821160,train
train_2352791579,train
train_1248094001,train
train_3415301506,test
train_2088771917,test
train_1253371631,val
train_3888640102,test
train_2174298906,train
train_2420269402,train
train_4217087739,train
train_2957221975,train
train_3134055298,train
train_4070924526,train
train_1721342163,train
train_1464131444,train
train_626902258,train
train_2174087894,train
train_1486993941,train
train_3208338379,val
train_1081317190,test
train_4105929562,train
train_1936368808,val
train_1339370180,train
train_1774249647,test
train_470962256,train
train_490281509,train
train_3380120805,train
train_1290043719,val
train_1836609334,train
train_2434717312,val
train_2292963312,test
train_4003793101,train
train_4085226353,train
train_542742596,test
train_2089782657,train
train_1111964110,train
train_728588542,train
train_4147432493,val
train_3107357328,train
train_1290755474,train
train_486863369,test
train_1853500626,train
train_2552004294,train
train_3313173830,train
train_1342257515,train
train_406708730,val
train_585077021,train
train_2605151697,train
train_646522662,test
train_3524468610,train
train_3664690627,test
train_1804905538,train
train_13891408,train
train_1891705997,train
train_1424522934,test
train_3294251881,train
train_2584653285,train
train_3746443538,val
train_3747415870,train
train_2770588561,train
train_1952839149,train
train_3368928035,val
train_4136672791,val
train_3016009757,train
train_3942498244,test
train_3891969439,train
train_3245621520,train
train_2485628928,train
train_3730523616,train
train_3240977606,test
train_1013343086,train
train_4243340733,train
train_2859591959,test
train_3149124037,train
train_3216669995,train
train_2499511114,train
train_3239520242,val
train_157059612,test
train_1229777979,train
train_429048106,train
train_2129232482,train
train_112262185,val
train_1432694192,val
train_1171695657,train
train_2439761240,train
train_1555328315,train
train_658389546,train
train_2867123010,train
train_211804617,train
train_2496065662,train
train_2059606338,test
train_1236998665,train
train_2661766651,train
train_3401109499,train
train_3825992222,test
train_2605973208,test
train_3371230510,train
train_4130317121,train
train_2667412771,val
train_1656548565,train
train_3173805759,test
train_3383152467,train
train_1687034020,test
train_3130811491,train
train_80917336,train
train_1293850979,train
train_3494431043,train
train_1730148932,train
train_797321119,train
train_1498915620,train
train_2386127166,test
train_1842519717,train
train_3558664974,test
train_468191895,train
train_2163084576,test
train_3109363649,train
train_2058577656,test
train_3654106098,train
train_4239270063,test
train_3501418066,train
train_2630333029,train
train_3392597530,train
train_1522436210,train
train_2950633785,test
train_678925163,test
train_2981290662,test
train_4210736982,test
train_2081946985,train
train_4208522096,test
train_4217455461,test
train_1682539684,train
train_3677419683,train
train_550717263,train
train_3177261909,train
train_1626482139,val
train_236029887,train
train_2271751392,train
train_454578717,test
train_2969460148,train
train_2416455739,train
train_358244722,train
train_2876099954,test
train_1345749733,test
train_3366721885,test
train_1400959881,train
train_1065814110,val
train_2111722112,train
train_2716402305,train
train_1296987485,train
train_4225858188,test
train_2948923021,train
train_1318161284,train
train_701649537,test
train_1781100133,train
train_3011299229,train
train_880831035,train
train_867728247,train
train_1261111358,test
train_316320108,train
train_2705848134,test
train_518547082,train
train_1651221736,train
train_3616892154,val
train_2036692085,train
train_2646212050,train
train_1335431882,train
train_1583259699,train
train_2285628872,train
train_738560888,train
train_3442285513,train
train_1779951599,train
train_146767960,train
train_2418629111,test
train_215468503,train
train_4192540605,test
train_719030837,train
train_2603063532,train
train_316511863,val
train_4222150237,val
train_3248846420,test
train_3821867433,train
train_1892258039,train
train_674434125,val
train_1787495996,train
train_3175636342,train
train_2187053413,train
train_375922753,train
train_1555133673,train
train_639186488,train
train_1032399645,train
train_940687735,test
train_4092710717,test
train_920881817,test
train_3876376796,train
train_1622396395,train
train_4058240345,val
train_2310781320,train
train_2398889923,val
train_3263683549,test
train_2405192124,train
train_2572773207,val
train_923298626,train
train_1672868597,train
train_1906572301,train
train_1002175784,test
train_754954579,train
train_3864382521,train
train_2242416806,test
train_3263635135,train
train_1359787838,test
train_3574192210,val
train_268250660,val
train_2893982,val
train_2213677936,val
train_1220327711,val
train_1009212104,val
train_3017380335,train
train_4186793404,train
train_2431378107,train
train_880338666,train
train_1459623652,train
train_3462601479,train
train_3170008702,train
train_1568647008,train
train_873208449,train
train_2916784762,test
train_935558620,train
train_1261446829,test
train_1449487371,val
train_4025775408,train
train_701746270,train
train_720772463,train
train_192570027,test
train_3079449343,train
train_2691971460,test
train_41460886,train
train_2631466767,train
train_1267160239,train
train_3852410725,train
train_4095909857,train
train_2521038478,train
train_1977468330,test
train_4222006408,train
train_1156101530,test
train_971182026,train
train_4289809506,train
train_3874817103,test
train_616973635,train
train_522982411,test
train_2169688018,test
train_264644523,test
train_860027362,train
train_4142808846,val
train_4205969771,val
train_2821220577,train
train_3586028750,test
train_149197818,train
train_962314436,train
train_2697294401,train
train_2004911660,test
train_1461929817,test
train_3847849064,train
train_3707410965,train
train_2931745508,train
train_2937710066,train
train_2329961706,train
train_4204199015,train
train_1092857763,train
train_3726487216,train
train_2834708614,train
train_133048496,train
train_4190163927,train
train_2892142848,train
train_2612609186,train
train_1130295606,train
train_1836334489,train
train_1331906253,train
train_591372248,train
train_1578122360,train
train_3949002802,train
train_2998890049,train
train_32928775,train
train_210204308,train
train_2073151758,train
train_3081508651,train
train_53720583,val
train_904254461,train
train_680657160,train
train_634755416,train
train_1049431436,train
train_80000914,train
train_3702809305,train
train_3425623986,train
train_1422840148,train
train_2111217484,train
train_4036441178,val
train_485829569,train
train_1301803937,train
train_3522290416,train
train_1570069885,train
train_2772831374,train
train_3001664171,val
train_3961118475,train
train_981278215,train
train_3549308899,train
train_2706666842,train
train_1913076489,train
train_1192347106,train
train_688537390,train
train_3547917739,val
train_1101815028,val
train_575729418,val
train_3815976572,train
train_1392704759,train
train_3380764088,train
train_2077964662,train
train_2554588206,train
train_1748288129,train
train_2938049200,train
train_3867354529,train
train_3629978224,train
train_722294539,test
train_3546049590,train
train_4030407242,test
train_1394784918,train
train_4234844238,train
train_1422576706,val
train_4108000669,train
train_2209233152,test
train_3996858440,test
train_3590235199,train
train_1012017831,test
train_492895252,train
train_2821259049,val
train_997480032,train
train_2556105662,train
train_2645272538,train
train_3801972705,train
train_2917489869,train
train_91729241,train
train_2005660717,train
train_250017382,train
train_3292447549,test
train_3933838487,train
train_1737418010,train
train_2301856497,train
train_3587366442,train
train_977475692,train
train_3263112358,train
train_2646493097,train
train_1782342453,train
train_2851418445,train
train_1926246953,test
train_2648004517,train
train_644115819,train
train_3540380953,train
train_3461067879,train
train_956526898,train
train_4098902058,train
train_2791847582,train
train_288549189,train
train_3549968080,val
train_3282855788,train
train_3025947928,val
train_676388830,train
train_2583115748,test
train_873016852,test
train_2760463807,test
train_1548356037,train
train_2433612760,train
train_3753570429,train
train_3913984231,train
train_1753869912,test
train_1561458167,train
train_1502800346,train
train_2592547475,train
train_3380624448,train
train_1488640230,train
train_189874713,train
train_3279687091,train
train_604943176,val
train_1103768819,test
train_3490075882,test
train_386017548,test
train_670048472,train
train_1185775511,test
train_4023746772,train
train_2447269911,train
train_1849584405,val
train_600783638,train
train_2621691705,train
train_711058213,val
train_998336288,test
train_1727272224,val
train_3184132286,train
train_3115325040,train
train_4260470992,test
train_1174253106,test
train_752420413,train
train_2614432578,train
train_1789518874,val
train_19417841,test
train_708013502,train
train_446983233,train
train_3875840799,train
train_2061939768,train
train_651297682,train
train_2869609870,train
train_3307756846,test
train_3870517212,train
train_4294325542,train
train_3318287485,train
train_2353839187,train
train_2918651006,train
train_2857030040,train
train_3444076430,train
train_3911746714,test
train_177496620,train
train_3691068358,train
train_718534347,val
train_2715014546,train
train_1256465470,train
train_818312092,val
train_3680569832,train
train_2051863883,val
train_4058602874,train
train_2117467628,train
train_2665935032,train
train_112848637,train
train_3763744608,val
train_100758130,train
train_965544587,train
train_2256284311,train
train_2676002101,test
train_2630940711,test
train_3537393960,train
train_2924796930,train
train_4180842117,train
train_254798019,train
train_481999629,train
train_3356168922,test
train_1942870786,test
train_3872641225,train
train_2952959229,train
train_3862283038,train
train_3056755390,train
train_1585479422,train
train_941001949,train
train_1584995517,test
train_290023354,train
train_2297882211,test
train_2039866786,train
train_3328292550,train
train_10461925,train
train_778816150,train
train_2738599763,train
train_534046076,train
train_1042223752,train
train_103298535,train
train_1471816503,train
train_968104947,train
train_1880040487,train
train_4260765798,test
train_4223864799,train
train_177556499,train
train_906286,train
train_4054010633,train
train_3992324075,val
train_2673917815,train
train_3929760506,train
train_1118894319,train
train_613002007,train
train_1044895849,val
train_3072320167,train
train_2024470692,test
train_1072796718,test
train_4121217710,train
train_493547686,train
train_3957225145,train
train_2867388227,train
train_3784366386,train
train_2514254948,test
train_3449836033,train
train_3594126095,train
train_262275901,train
train_1003085444,train
train_316445972,train
train_3583464668,train
train_364433842,train
train_6978966,train
train_2081396219,train
train_776790674,train
train_1242800775,train
train_2244885766,val
train_595396207,train
train_4012138707,train
train_662677408,val
train_3879345509,test
train_596077369,train
train_2149732474,train
train_1834233432,train
train_1061253707,train
train_2034561720,train
train_2018903173,test
train_859579006,train
train_81671273,val
train_4212240914,train
train_965228462,train
train_128664522,val
train_345961323,val
train_3178204110,train
train_813821772,train
train_3628384932,test
train_3502886431,train
train_3885242179,train
train_3083194503,train
train_2052193435,test
train_2951764056,train
train_2232633229,val
train_252979907,test
train_2532661518,train
train_3441169166,train
train_1526910931,val
train_4018956072,val
train_2196235074,train
train_1476867743,train
train_3198409771,test
train_3204913999,val
train_635211124,train
train_3855895690,train
train_2332963737,train
train_832570940,train
train_3938031595,val
train_1335193367,train
train_1849734564,train
train_2978773193,train
train_2725124775,train
train_4016372009,train
train_2746199767,test
train_4193519286,train
train_1427668351,test
train_54785241,val
train_2203354320,train
train_82140075,train
train_715877938,test
train_1213287531,train
train_4169792935,train
train_1825220784,train
train_4096943034,train
train_4211943857,train
train_774662302,train
train_208996983,test
train_2610930931,train
train_379054020,train
train_2899625274,test
train_1938455589,train
train_1476263111,train
train_2498672245,train
train_2865926569,train
train_2114671117,train
train_3130680059,test
train_2489447916,train
train_1915022545,val
train_4023802522,train
train_287676654,test
train_3788230821,train
train_2163813131,train
train_1291704227,train
train_3103955327,test
train_548982238,train
train_4028315009,train
train_4277958290,train
train_848574048,test
train_362648413,train
train_3737531498,train
train_3574291998,train
train_2110410507,train
train_3605165071,train
train_3970776767,test
train_3862248409,train
train_2007626966,test
train_14978190,train
train_1927642442,train
train_1512485715,train
train_3570613994,test
train_3741611327,train
train_1601238489,test
train_3306710447,train
train_3081589401,train
train_392751937,train
train_4234624579,train
train_4248829581,train
train_3085401237,train
train_3116378924,test
train_1041890432,train
train_578370557,val
train_4286926801,train
train_488446469,train
train_362663050,test
train_2208504994,train
train_4032939672,train
train_690349007,train
train_3609291871,train
train_2252325265,test
train_2855557790,test
train_3751560459,test
train_2373935469,train
train_971623114,train
train_1499221316,train
train_1432292977,train
train_1927305274,train
train_1694844592,train
train_3345088316,val
train_1206963201,train
train_1812999961,train
train_3786013987,train
train_1643520212,train
train_4223947683,train
train_826136339,train
train_3053140302,train
train_2424255770,train
train_1035942482,test
train_2503095685,train
train_3346233518,test
train_571128789,test
train_4218640804,train
train_517697036,train
train_437991816,train
train_4244874295,train
train_1998674468,train
train_3604945954,val
train_4207548107,test
train_1705034132,test
train_635512657,train
train_1653581852,train
train_2072099738,train
train_3380720542,train
train_1956305534,test
train_1383791735,train
train_3165734692,train
train_3098304499,test
train_2752117079,train
train_2649294003,test
train_977264771,test
train_94573830,test
train_3783601581,train
train_3046196729,train
train_2364058310,train
train_624792372,test
train_755305863,train
train_2631622919,test
train_754258745,train
train_3047438286,train
train_2720927248,train
train_1789525304,train
train_2912759892,train
train_1725799239,test
train_2068933095,train
train_2940463201,train
train_1382436092,val
train_2174349363,train
train_2568522711,train
train_2047463409,train
train_718322781,train
train_2904315002,train
train_1232493780,train
train_4134910691,train
train_3836908930,train
train_1438094743,train
train_2314188707,train
train_2618598699,train
train_2600672157,test
train_4161947025,train
train_2988863042,train
train_2928280372,test
train_2044827496,train
train_1692615430,train
train_14613081,train
train_1862403947,train
train_1987799709,train
train_3681996992,test
train_1017177311,test
train_2056399053,train
train_1212347499,test
train_1131830802,test
train_4099484977,train
train_3039150839,train
train_2785246246,test
train_876364696,test
train_2838679872,train
train_1612105644,train
train_4003609264,train
train_1696417060,train
train_3718156826,train
train_3509250399,train
train_2966251053,train
train_2626398702,train
train_2709351068,train
train_3041139526,test
train_3655335271,train
train_3891103008,train
train_611477285,train
train_4843543,test
train_1095742104,train
train_2259097320,train
train_4196323045,train
train_2592510518,train
train_410288387,val
train_2881692190,train
train_2583112984,train
train_3248280640,train
train_2350692768,train
train_2918032299,train
train_3954841026,train
train_2505856215,train
train_983190024,train
train_2586375547,train
train_1570123580,train
train_3214211682,train
train_1191513972,train
train_1955166652,train
train_1542212684,test
train_421250858,train
train_882529833,train
train_2075598628,train
train_677399001,train
train_3727010165,val
train_1599681399,train
train_177144190,train
train_3374368633,train
train_2288826638,train
train_882128930,train
train_1117202447,val
train_4189201372,test
train_751011819,train
train_4133864437,val
train_743124470,train
train_1718093226,test
train_514768269,test
train_737364350,train
train_1459295979,train
train_720968764,train
train_3266996536,train
train_2200227749,test
train_1992019142,train
train_2964086256,train
train_1446216827,train
train_421909744,test
train_995561842,train
train_140400919,test
train_3652840310,train
train_1662416038,train
train_2949644148,train
train_3076792168,train
train_3530740450,train
train_318728397,train
train_2993558950,test
train_3501585693,train
train_3892028635,train
train_718380210,train
train_3872324637,train
train_1315528521,test
train_250077427,test
train_2067911839,test
train_347833101,test
train_3449179875,train
train_3741464291,train
train_2915778555,test
train_1497313458,train
train_1018768105,train
train_1910983319,train
train_2956705524,val
train_698387032,train
train_3177496709,val
train_301240114,train
train_1678313393,val
train_120270797,test
train_863562903,train
train_1413352170,train
train_1989400259,val
train_2160661809,train
train_3484158949,train
train_944901673,train
train_3624821631,train
train_2749111014,train
train_2216223832,train
train_805245661,test
train_7382918,val
train_3159243756,test
train_1710687997,test
train_262201569,val
train_3790921618,val
train_2023798084,test
train_1290123124,test
train_2444831477,train
train_82702319,train
train_2794515317,train
train_1568753793,train
train_237119049,train
train_303073611,train
train_3506259608,train
train_2379327432,test
train_815631944,val
train_4261293867,test
train_1635265624,val
train_3112298412,train
train_3352359904,train
train_3286831105,train
train_3838556050,train
train_2903388968,train
train_2083379746,train
train_19562926,train
train_3563121127,train
train_1651778544,train
train_1731039978,train
train_1811475302,test
train_694347418,test
train_1076631487,train
train_1961845161,train
train_4259212169,test
train_2199885192,train
train_861489044,train
train_2642066500,train
train_4092440049,train
train_52278905,train
train_582320951,train
train_2762648244,train
train_2001441545,train
train_459792222,train
train_1162951799,val
train_2009704304,train
train_3857507923,test
train_2976273100,test
train_1877018386,val
train_3342059966,train
train_3119828078,test
train_413879832,train
train_3759582233,train
train_1397142929,train
train_1128459161,train
train_4241873333,val
train_2385917244,train
train_915531812,test
train_2780372797,train
train_1388484165,test
train_1170468845,test
train_4005071057,test
train_3392613289,train
train_1832318270,test
train_1125192456,test
train_3885474958,train
train_2111859122,train
train_1827018278,test
train_2202907208,train
train_747830420,test
train_1318211616,train
train_1665250625,train
train_3907635102,train
train_3027391139,train
train_3239132914,train
train_3617469656,train
train_2415162279,train
train_2503941753,train
train_349737935,train
train_4114976896,train
train_1580355342,train
train_1536253315,test
train_3896765275,train
train_3610268055,test
train_935952718,train
train_884251254,train
train_3072648698,train
train_233926415,val
train_2212078285,test
train_2665904761,train
train_2668910239,train
train_2093689294,train
train_2514007354,train
train_3035141351,test
train_624436524,train
train_84186017,train
train_2483283096,train
train_2168709363,train
train_1338722075,train
train_2371203989,train
train_1797707089,train
train_3317592885,train
train_474699983,train
train_1232777799,train
train_3476037766,train
train_1349696405,test
train_1654281243,train
train_3707469677,train
train_1945151785,train
train_1750065022,train
train_1420395733,test
train_1977530761,train
train_1522885244,train
train_853951529,train
train_1572129204,train
train_1293972698,train
train_2352940409,train
train_3507527478,val
train_565689406,train
train_3854773613,train
train_3984150540,train
train_3234552667,train
train_4271849129,train
train_3040965243,train
train_772803378,train
train_3638890019,val
train_1450726680,train
train_566236222,train
train_2025999710,train
train_2676933492,test
train_2906044506,train
train_1007173353,train
train_1169840648,train
train_331269043,test
train_1600164837,train
train_2225546107,train
train_883390311,test
train_2576755812,train
train_3101618796,test
train_753210772,test
train_1293029813,test
train_293535406,train
train_2356133019,test
train_2332872319,train
train_1130274962,train
train_2929683293,train
train_2280899292,test
train_4064959932,train
train_3102276918,train
train_282573307,train
train_1314033029,train
train_2363287856,train
train_4451125,train
train_598015509,train
train_4119333588,train
train_1296222435,test
train_1901637320,test
train_3645163169,train
train_3392105808,train
train_1632616700,train
train_3528350351,val
train_4095590104,train
train_2434873146,train
train_1655547854,train
train_2573982175,train
train_2240637962,test
train_3097670386,test
train_552488875,train
train_2155227434,val
train_3576968986,train
train_1408566497,val
train_1605452686,train
train_1433629444,train
train_2562841727,test
train_2485040824,train
train_2608772223,test
train_1298215111,train
train_123265101,val
train_161026192,train
train_3839785791,test
train_3065536428,train
train_2608699197,train
train_241827445,val
train_1795876570,train
train_1403038470,train
train_4281607382,train
train_2868779529,train
train_2267551410,test
train_2777328572,train
train_1660751773,test
train_2884424284,train
train_1900144790,train
train_1170782124,val
train_2633099892,val
train_3558252318,val
train_964147772,train
train_3716518661,train
train_4127188091,train
train_1952234735,test
train_1502660407,train
train_3682581947,train
train_3099715241,val
train_3987538452,test
train_3898974406,train
train_1716475317,train
train_630902281,train
train_4218928145,test
train_1274604998,test
train_2700507707,train
train_1440895544,test
train_1664977679,test
train_997861304,test
train_1879169748,train
train_1320767977,train
train_531059422,train
train_2652488499,train
train_3956585389,train
train_358434470,test
train_1029986924,val
train_3124372786,train
train_1309703467,train
train_3922632308,train
train_2579643622,train
train_2745874524,val
train_2435417275,test
train_1684818897,train
train_3018123747,train
train_4110660051,train
train_3789457155,train
train_2575216753,train
train_4094447966,train
train_169350436,test
train_2196924268,test
train_2966645795,train
train_2859466731,train
train_3385977645,train
train_993186717,train
train_2057063082,train
train_3002955302,val
train_962185061,val
train_3998710906,test
train_1014636193,train
train_261504849,train
train_3234377023,train
train_3886622260,test
train_348193733,train
train_1142393920,train
train_4180594410,train
train_1650055331,val
train_850211919,train
train_2749611109,train
train_4148791584,test
train_24066862,train
train_3186090923,train
train_2796852849,train
train_2704036725,train
train_1055536562,val
train_3311211201,train
train_3673070085,train
train_194536717,test
train_42343706,train
train_1706535298,train
train_3915347371,train
train_3358338299,train
train_3379788178,train
train_35082895,train
train_960287981,train
train_1468476048,val
train_3475778996,train
train_574546213,train
train_1360488065,test
train_432893561,test
train_2927242150,train
train_690562650,test
train_3986214449,train
train_3883355963,train
train_1444098716,test
train_997865532,train
train_1579312129,test
train_2476860491,val
train_1974896791,train
train_1478963796,test
train_2368099612,train
train_3784459889,val
train_3617675468,train
train_2166420144,train
train_2011325679,train
train_1489038277,train
train_3649093754,test
train_1385681670,test
train_2137815821,test
train_1374576416,train
train_3298120632,train
train_3332372078,test
train_511977847,test
train_676535442,train
train_3874494980,train
train_1281606072,test
train_1205555975,val
train_3362476500,train
train_3296048151,train
train_719566953,train
train_1407823457,train
train_2149564768,train
train_1151601226,train
train_506880066,train
train_1982083012,train
train_244763076,train
train_2090016411,train
train_1267426801,test
train_3865302461,test
train_1513019401,train
train_4009339084,test
train_1402245251,train
train_3942117917,train
train_1880378266,train
train_377900052,train
train_1477249313,val
train_2002013424,test
train_2959875074,train
train_2835814630,test
train_437123271,test
train_3316981265,test
train_2437161332,test
train_114867106,test
train_203710976,train
train_1677970136,train
train_2173587257,train
train_3215073962,train
train_3868700779,train
train_1702034738,train
train_3703355764,train
train_3664690880,test
train_2673406123,train
train_2128100112,train
train_3254239061,test
train_208589774,train
train_2582237536,test
train_2435555804,val
train_1506774112,train
train_3938855083,train
train_3919972373,train
train_3327496026,test
train_106726804,val
train_67634146,train
train_3579593959,val
train_792553996,train
train_1550061097,train
train_1289248591,train
train_1441529101,train
train_949658061,val
train_4026107649,train
train_2328772500,train
train_2062962971,train
train_1112585739,train
train_3158987103,train
train_3928182808,train
train_3305141669,test
train_3821036878,train
train_3084628220,test
train_3490047499,train
train_737538088,train
train_2685430229,train
train_1938566453,train
train_804618939,train
train_3423057749,train
train_2773258509,val
train_155074917,train
train_1128509623,train
train_3129080852,train
train_559743983,val
train_1972198698,train
train_2973241168,val
train_2758537997,test
train_2093604755,train
train_1363552120,test
train_4234996512,train
train_3294910730,train
train_1142220547,train
train_2168222675,train
train_1076615905,train
train_2802384414,train
train_3087599499,train
train_3357878785,train
train_1620445281,train
train_3056305121,test
train_2953690871,train
train_2868748879,train
train_2323306906,test
train_1243559460,train
train_3974447060,train
train_2666563636,train
train_1026612194,train
train_1666918802,train
train_3629169590,train
train_3820113741,train
train_4032623668,train
train_3353330034,train
train_3771626835,train
train_1870905116,test
train_3344708279,train
train_3238341699,train
train_2902586608,test
train_1642454560,train
train_25555851,train
train_2763856379,test
train_2809461117,train
train_2043556667,val
train_495896649,test
train_2212043415,train
train_1155118371,val
train_37449089,train
train_2900548171,train
train_3065845595,val
train_875501470,train
train_627703368,train
train_1096820507,train
train_339450841,train
train_1279620528,test
train_692200017,test
train_3408461976,train
train_1941784372,train
train_537146367,val
train_471996410,train
train_2224975713,train
train_2103568687,train
train_1204497525,test
train_1432719060,test
train_2700150846,train
train_1913737677,train
train_2924054158,train
train_3820897621,train
train_2294647698,train
train_1184106017,test
train_3032658114,train
train_1345023576,train
train_2901616627,train
train_1795694766,train
train_3428046068,train
train_2947748644,train
train_3080666089,val
train_503176887,test
train_475863829,train
train_912854713,train
train_807460400,train
train_2861834875,train
train_1856078535,train
train_1897900473,val
train_1949833897,train
train_3731185947,train
train_3139380940,train
train_2192021039,train
train_1102125632,test
train_3882082466,train
train_2512084352,train
train_895390934,val
train_1356348600,test
train_1889845936,test
train_1038776532,test
train_1492413650,test
train_2999160527,train
train_1095344850,test
train_3009980524,train
train_2094339987,train
train_2598903787,test
train_1003554842,train
train_2820177883,train
train_779369116,train
train_3343452918,train
train_1022377712,train
train_2058039915,train
train_122774642,train
train_4241764579,test
train_1625513302,train
train_373547389,train
train_3234389027,val
train_2046639361,train
train_1741904134,val
train_884659935,test
train_1669495813,train
train_3216999862,train
train_928469576,train
train_438324324,train
train_1570768738,test
train_4259998856,train
train_1653651347,test
train_4184269378,test
train_1258576958,val
train_832667082,val
train_2239468359,test
train_239777921,train
train_610248302,train
train_483481769,train
train_1137106868,train
train_498188103,train
train_3180887122,train
train_1156981521,test
train_3515045766,test
train_952103791,train
train_1577911513,val
train_1750332166,train
train_3384398536,train
train_2527695285,val
train_2027587628,train
train_2256844686,test
train_1309289735,train
train_3459731002,train
train_1150090840,train
train_2591707079,train
train_2997354311,train
train_104159149,val
train_3475188104,test
train_180830324,train
train_1649490938,train
train_3611335767,val
train_2219664025,train
train_3611219748,test
train_3935972528,test
train_664416720,train
train_2072203538,val
train_240569722,train
train_3217103605,train
train_4023304344,train
train_2145631894,train
train_2238612823,test
train_562203939,train
train_1964108397,train
train_185348797,train
train_523481015,test
train_3162978192,train
train_106036402,train
train_194115606,train
train_3677835897,train
train_2271516576,train
train_4230621514,train
train_3743285622,train
train_208074744,val
train_1941593591,train
train_4015358268,test
train_2067217052,train
train_1299430237,test
train_780136397,train
train_3781008737,train
train_2642455336,train
train_2334699778,train
train_2427372063,test
train_1659872699,train
train_3528069780,train
train_840905151,test
train_316232808,test
train_4269701127,train
train_1851795686,val
train_3278854923,train
train_1488783766,train
train_4042228747,train
train_184185812,train
train_980670169,train
train_3963335183,test
train_114135462,train
train_3432986374,test
train_3689840828,test
train_3929343207,test
train_3684416097,train
train_2464002692,train
train_107951421,train
train_3146013182,train
train_1798478700,test
train_1275862058,train
train_2285984976,train
train_146835681,train
train_4090714155,train
train_3716442965,train
train_2189606035,val
train_4069725017,val
train_3233139180,test
train_162207553,train
train_3316538698,train
train_3488995325,train
train_2137699777,train
train_144055358,test
train_3783107608,train
train_3508337354,train
train_3550667148,train
train_3902907960,train
train_1017656670,train
train_3073170553,train
train_1753375877,train
train_2460621948,train
train_3426503436,train
train_4239246783,train
train_1867402613,train
train_374915499,train
train_1773297074,train
train_923443060,val
train_130371455,train
train_594154759,train
train_650536622,train
train_1390326895,train
train_2722675425,val
train_3700484523,train
train_2712062810,train
train_3960153612,test
train_1015373833,val
train_4072577667,train
train_1565850857,test
train_1570720351,train
train_1225846092,train
train_8559025,train
train_1764388603,train
train_110230050,train
train_2373790253,train
train_1756876676,train
train_1117280235,train
train_2418600893,val
train_432854591,test
train_2321179888,train
train_139926268,train
train_2647285412,train
train_3462048990,val
train_1473844208,train
train_1613487408,train
train_2066535325,train
train_1747380421,test
train_4275236628,test
train_3447283041,train
train_2211381197,train
train_136573913,test
train_2255217317,val
train_87130598,train
train_2632514485,train
train_1543798491,test
train_233464664,train
train_837940442,train
train_3859651678,train
train_2283849789,train
train_578456215,test
train_326059127,train
train_913614970,train
train_1022879484,train
train_941865760,test
train_3743200932,train
train_3017365319,train
train_951867766,train
train_1025268477,train
train_2131385473,train
train_20549253,test
train_2683288956,train
train_1884573088,test
train_1910633195,test
train_3117309590,train
train_2631028943,train
train_3737300062,train
train_4240065803,train
train_3478781925,train
train_536261160,train
train_325617681,train
train_793601875,train
train_1697831536,train
train_2015041803,test
train_2013415965,train
train_1178533783,train
train_2491147070,train
train_2135263728,train
train_1174073061,test
train_2425849570,train
train_1262923140,train
train_3538783331,train
train_3442906999,train
train_2796403022,val
train_1533728096,test
train_955358308,test
train_825268100,test
train_218882727,train
train_2466119341,train
train_222750418,train
train_3936687428,val
train_1717634739,val
train_2389715173,val
train_1877277803,test
train_2320005530,val
train_1100308849,train
train_2765497796,train
train_195673712,train
train_3948853892,train
train_2125228913,train
train_783184786,train
train_4137152790,train
train_3023690797,train
train_739989009,test
train_1252443107,train
train_4122332771,train
train_638435435,train
train_1037178227,train
train_4100605562,train
train_4144825444,train
train_3495192983,test
train_2193125104,train
train_2246681288,train
train_180043922,val
train_2450522655,val
train_4046442509,train
train_1250448902,val
train_2020331195,train
train_3421660365,val
train_1947104125,test
train_1063149950,test
train_1218378310,train
train_3273610179,train
train_1625216720,train
train_2070877015,train
train_4021352993,val
train_1582455428,test
train_1738704297,val
train_3466524571,train
train_1973739441,train
train_2646390451,test
train_3988215819,train
train_3641890570,train
train_2418631583,train
train_2103398759,train
train_1215619731,train
train_3660346103,train
train_4029034448,train
train_3293138555,train
train_4025410094,train
train_2303796699,train
train_1431591409,test
train_2538712674,test
train_2326597888,train
train_4001501178,train
train_3696705081,train
train_43556578,test
train_1570629625,test
train_2877201,train
train_870455986,train
train_671780430,train
train_3795670199,test
train_3135357479,val
train_318767180,test
train_1168233767,train
train_3896516341,train
train_262552775,test
train_2140785007,train
train_2013156166,train
train_1605119265,test
train_4211633248,test
train_30488954,train
train_3946185755,train
train_2980313750,val
train_632967175,test
train_2878500251,test
train_3586608409,test
train_1952799344,train
train_3900702069,test
train_99395779,train
train_1470010678,train
train_397285818,train
train_263259418,test
train_3832192762,train
train_2531777612,train
train_2951774976,train
train_699071917,train
train_2723547896,test
train_4128149323,train
train_988300130,test
train_2618590184,train
train_3411190656,train
train_3151055924,train
train_2540480191,train
train_3763288677,test
train_1298098271,test
train_2261744957,train
train_3458637912,train
train_2460404138,val
train_4088960510,val
train_4130389297,train
train_214142463,train
train_2319893226,train
train_1937546792,train
train_3653012320,train
train_1757884919,train
train_695342705,train
train_3546416442,test
train_3537485089,val
train_1026884481,train
train_855928038,test
train_894330374,test
train_4135403742,test
train_3394197205,train
train_2157908991,train
train_3229599603,train
train_1968102686,train
train_3616441390,train
train_153285332,val
train_1301516829,test
train_3521032284,train
train_39702554,train
train_3928383941,val
train_3921733863,train
train_359139965,train
train_2871123156,train
train_989887922,train
train_608860650,test
train_2369259845,test
train_2589676583,train
train_1407847169,train
train_3180218149,train
train_167555083,train
train_1259572064,val
train_4123511755,train
train_284262195,train
train_2031509033,train
train_3880539643,train
train_1617728512,val
train_1614402138,val
train_1151045536,test
train_64037085,train
train_2429631527,val
train_4112723635,test
train_2129594600,train
train_3146048584,train
train_2587718540,train
train_3064213933,test
train_1020260882,train
train_1825818746,train
train_2634205738,train
train_3055138439,train
train_3535086667,train
train_4208062667,train
train_289422856,train
train_3556479937,train
train_3874580026,train
train_1329909739,test
train_2937433253,train
train_2974056514,train
train_3838978688,train
train_2613409691,train
train_2015823801,train
train_1027462393,train
train_1805257176,train
train_1362335578,train
train_4063251834,train
train_898285049,train
train_305338087,train
train_2687804111,train
train_3308273659,train
train_3169817728,train
train_437304872,test
train_2955621591,test
train_1717144231,test
train_4273015959,train
train_800893418,test
train_562717296,train
train_857748877,train
train_2438088778,val
train_3205019634,train
train_788509253,test
train_1646248573,train
train_625499802,test
train_4097067578,test
train_3403399582,val
train_1196044110,train
train_1996940194,train
train_3875802020,train
train_1073270861,train
train_3612755965,train
train_4240616638,test
train_1792335742,train
train_2219479309,train
train_86445331,train
train_99529497,train
train_4143459995,train
train_1407709304,train
train_1518993761,train
train_1278426385,train
train_2456589775,train
train_1724898406,train
train_2134363188,train
train_1769283879,train
train_3950950365,train
train_2717076975,val
train_2799571415,train
train_56283015,train
train_1900233238,test
train_3247918077,test
train_1255710063,train
train_993659034,train
train_3014622194,train
train_3055985129,train
train_2698110273,test
train_4227639078,train
train_2392220271,train
train_3597621814,train
train_3214697705,train
train_883083421,train
train_44709323,train
train_3904614457,train
train_1361896238,train
train_3129517250,test
train_4144408014,train
train_1860582807,train
train_4058839268,train
train_3993196332,test
train_19837351,train
train_1344105135,train
train_3606524661,train
train_3363951906,train
train_3633220204,train
train_3874883815,train
train_455874687,train
train_180981666,train
train_1589905297,test
train_494466262,train
train_2145342896,train
train_1795347488,train
train_3453169943,train
train_1361575137,train
train_2820339029,train
train_1979132729,train
train_1929313907,train
train_1047742962,val
train_1812153533,train
train_1677310554,train
train_918844053,train
train_1989850035,test
train_4275131418,train
train_3359890363,train
train_1168433101,train
train_2189462462,train
train_583684825,test
train_1470332689,val
train_1824895388,train
train_1392238606,test
train_2730700012,val
train_1025453788,test
train_148728800,train
train_4160769994,train
train_1761329214,train
train_3894129558,test
train_3028007639,train
train_1029615672,train
train_3322189008,train
train_2196534741,test
train_3731734583,train
train_1154834267,train
train_3989533747,train
train_439750233,train
train_2046438273,train
train_1173995777,train
train_4231101113,val
train_1672586850,train
train_3257006908,train
train_4200954340,train
train_968422971,test
train_2444871669,test
train_255640466,train
train_1469585085,train
train_144924360,val
train_3937040792,train
train_879601345,train
train_591782417,train
train_2317110550,train
train_3725383423,test
train_2192807345,train
train_294896117,test
train_3699228162,train
train_4205044838,train
train_2811016096,train
train_196423544,train
train_495149481,train
train_708425859,val
train_191229490,train
train_1155613981,train
train_2803918885,test
train_2157605119,test
train_3632031382,train
train_1133085683,train
train_1579938450,test
train_3695108875,train
train_3373078310,train
train_690735812,val
train_1498474201,train
train_2837479071,train
train_2403485680,train
train_3632221444,test
train_2140724533,train
train_3683937099,train
train_2435717374,train
train_1115998936,train
train_325825603,train
train_2346962170,train
train_1891687586,train
train_3312312624,train
train_715803609,train
train_1945506751,test
train_110639505,train
train_3823789790,train
train_1442741295,train
train_3640538104,train
train_3791076702,val
train_91992130,train
train_3215320022,train
train_3997898269,train
train_4142449072,train
train_4182574400,test
train_125039972,test
train_1728936342,train
train_1508140374,train
train_4249859007,train
train_1449642380,train
train_331899358,train
train_3382023216,test
train_2930623211,train
train_873729612,test
train_2188560430,train
train_59393500,train
train_2109043263,train
train_546357643,train
train_3553830288,test
train_2304804397,train
train_2376848499,train
train_1934823359,train
train_2386891104,train
train_1383333823,val
train_3352440447,train
train_222101646,test
train_1739652468,train
train_827981037,train
train_1951048997,train
train_1155484941,train
train_2431489518,val
train_1473987995,test
train_4224532885,train
train_2354616796,train
train_1928526615,train
train_59853634,train
train_3098628279,test
train_1634968971,test
train_2898285952,train
train_2389018941,train
train_931104226,train
train_67346451,test
train_1887231758,train
train_3182448083,train
train_644068907,train
train_3667383936,train
train_1455823323,val
train_2401574227,train
train_4120256009,train
train_796951755,train
train_3722591702,train
train_3931193458,train
train_2512464767,test
train_1163739308,test
train_797496996,train
train_2677704506,train
train_3949324709,train
train_837664409,test
train_3811570286,test
train_402857321,train
train_1291020615,train
train_3722433776,train
train_2249695666,train
train_587273876,train
train_2314397221,test
train_1638289424,test
train_3214892407,test
train_467650717,train
train_1763800822,test
train_3750922072,test
train_981823779,train
train_294226886,train
train_4024778668,train
train_2783074831,test
train_2759031255,train
train_2072280305,train
train_1119669895,train
train_3263469218,train
train_523969056,test
train_2874692930,train
train_1519353644,train
train_1533313897,train
train_2316939172,train
train_98545496,train
train_2332343186,train
train_2923752031,train
train_3448782438,train
train_888158742,train
train_3224482261,train
train_2428151068,test
train_4261898551,train
train_327045414,test
train_104405502,train
train_3274120669,val
train_2655320116,train
train_1573521901,train
train_4188839083,val
train_1576802482,train
train_694864032,train
train_1104954942,test
train_3901736542,test
train_679126339,train
train_753728029,val
train_918329390,train
train_3326161027,train
train_1068863298,train
train_1818337804,train
train_2753752479,train
train_3825253700,test
train_3403148767,val
train_1484200628,train
train_4247731633,train
train_3013366218,train
train_2412703382,train
train_25585690,train
train_2112863472,test
train_970541796,test
train_341150118,train
train_3394773797,train
train_777821140,train
train_2931326817,train
train_2602573299,val
train_2006943278,train
train_2687711592,test
train_3772707616,train
train_459859536,train
train_3982440359,train
train_1112042395,test
train_2516392554,train
train_978754594,train
train_4173838282,test
train_2697505758,train
train_4095314731,test
train_1880227307,train
train_118926378,test
train_3751246397,test
train_2876033769,train
train_185281595,test
train_2856557965,train
train_1212495748,train
train_76713869,train
train_1822026105,train
train_1659738670,train
train_1260118146,val
train_1525184892,train
train_2802783980,train
train_1405394902,train
train_1715124796,train
train_1509228926,train
train_2232341672,test
train_1742462382,train
train_1895576538,val
train_3569167892,train
train_599597383,train
train_2153258596,train
train_468489220,train
train_468810476,train
train_1827946759,train
train_1368053896,train
train_1704440710,train
train_1914067608,val
train_3295799432,train
train_4217424813,train
train_32017902,val
train_421654747,train
train_593198585,test
train_1519003789,test
train_537329387,train
train_1863596714,train
train_307556011,train
train_3770818842,test
train_3990168439,train
train_2647092332,train
train_4256358974,train
train_1410386353,train
train_465926663,train
train_2562548379,train
train_3136664375,test
train_3957256548,test
train_1013530599,train
train_1291914485,train
train_2997658812,test
train_518121744,test
train_3564636263,train
train_2592828345,train
train_440809177,train
train_2643020173,val
train_2634819801,train
train_432123276,train
train_2623930891,train
train_3752363785,val
train_2617399758,train
train_866245802,train
train_2608466494,train
train_466066948,train
train_400209978,train
train_308788408,train
train_1722967178,test
train_4244986756,train
train_939642859,train
train_3328832408,train
train_2591794018,train
train_1384946741,train
train_1375224706,train
train_703694896,train
train_864025966,train
train_36830225,val
train_2448280596,train
train_4240931685,train
train_1431092916,val
train_2817084676,train
train_75834769,train
train_1478250943,train
train_929886764,val
train_1189791737,train
train_1126256421,train
train_906712265,train
train_2815357083,test
train_564895343,train
train_1676522347,train
train_3082338701,train
train_3383589197,test
train_2257849401,train
train_1496308686,train
train_724881221,train
train_169275219,train
train_2723605082,train
train_3917711557,train
train_3657639135,train
train_2411548606,train
train_3614359472,train
train_3036323937,train
train_2461554320,train
train_212168163,train
train_3767686598,train
train_889152419,train
train_1105386091,test
train_1894176288,test
train_1637816928,train
train_2598122117,train
train_2616860879,train
train_1088184502,train
train_2834762182,val
train_2169748992,train
train_1077358902,train
train_889767903,train
train_3681254955,train
train_1659243198,test
train_1107848704,test
train_2812944102,train
train_438036326,train
train_334983429,train
train_2699894644,val
train_11520671,train
train_3834502694,train
train_1841676221,train
train_303636192,train
train_462110688,test
train_3026019193,train
train_1429098400,train
train_3814919174,train
train_3642650587,train
train_2554398684,train
train_1605781075,train
train_340024493,train
train_118756187,train
train_28816640,train
train_4068301972,train
train_2533320342,train
train_170639565,val
train_1943986671,train
train_2220918062,train
train_3631433378,test
train_1840871302,val
train_2882509827,train
train_2991531475,train
train_2832386643,val
train_204215001,test
train_1079109528,train
train_1912512202,train
train_1126215539,train
train_3736635399,train
train_1403112921,test
train_3794191272,train
train_3064685478,train
train_178826802,train
train_2405663010,train
train_692147769,train
train_4019426307,test
train_899329879,test
train_1439596971,train
train_3182965310,train
train_3035712886,train
train_2587341075,train
train_1888262806,train
train_394877084,val
train_3504606446,train
train_1190240122,train
train_2770863843,train
train_74338276,train
train_3494709018,train
train_1903848700,train
train_1507573078,train
train_1808934410,val
train_2529228087,train
train_597539555,train
train_1485497212,train
train_881076600,train
train_1393926975,test
train_2151809732,train
train_2863092145,train
train_3782945720,train
train_1240193880,test
train_1439243152,val
train_107552971,train
train_2757887323,train
train_3061116826,test
train_1386324696,test
train_240333189,train
train_4047212550,train
train_2223183919,train
train_1707323127,train
train_682644210,train
train_165503106,train
train_1082064373,train
train_3138102712,test
train_2697814859,train
train_3468782493,train
train_1518569647,train
train_2356156995,train
train_166325095,val
train_1386609302,train
train_46974641,train
train_1795375453,test
train_2703556949,test
train_2375475077,test
train_2830958124,train
train_2841906919,train
train_1203165730,train
train_2332843112,train
train_1619297352,test
train_318889473,train
train_3528169735,train
train_4006787366,train
train_2197622529,train
train_3531317950,test
train_1897331336,train
train_2242496123,train
train_2864046583,train
train_2754765391,train
train_3985402193,train
train_2160711465,train
train_1955963733,train
train_3798230206,train
train_3705908801,train
train_2176800906,train
train_3929996492,train
train_2834386989,val
train_3322884711,val
train_1086903685,train
train_3508260200,train
train_1152991901,train
train_2842301158,train
train_574625857,train
train_2580582842,train
train_1392929308,train
train_1565898333,val
train_798889609,train
train_2283952805,test
train_2331374507,test
train_1517897312,test
train_1926375612,val
train_1641421866,train
train_63635865,train
train_602817758,train
train_2447099489,train
train_4268168212,train
train_2496678721,train
train_3196428704,train
train_493962092,train
train_827571589,train
train_1939141445,train
train_257262133,train
train_3087127645,train
train_1640976594,train
train_4253601072,train
train_1416821031,train
train_2102127776,train
train_652311045,train
train_1382500866,train
train_2664253677,train
train_1388515987,train
train_1394887431,train
train_991185814,test
train_388753295,train
train_1478044982,train
train_1188332106,train
train_4212798159,train
train_3824226083,train
train_359921900,train
train_653019762,test
train_3456498084,train
train_1109026878,train
train_1196168030,train
train_3633940581,val
train_2480109905,train
train_1641180392,train
train_3530418010,train
train_3978215347,train
train_533477302,train
train_1777597493,train
train_195475650,train
train_2537753064,train
train_2813300246,train
train_3060672013,train
train_1917049164,train
train_2723180554,val
train_2875817077,train
train_85875327,train
train_3216024877,test
train_448121747,train
train_2048810846,test
train_2480545031,val
train_3649897352,train
train_1779559964,test
train_3990809101,train
train_3725815927,train
train_4169257427,train
train_1303180091,train
train_1551305585,test
train_4100253333,test
train_2015148324,train
train_4019109698,test
train_3596532081,train
train_2425174052,train
train_1630486844,train
train_197027197,train
train_3745090647,test
train_131384101,train
train_1695971286,train
train_2659001803,test
train_1590806515,train
train_4073078004,val
train_3820243582,train
train_1471232172,train
train_1161278082,train
train_277337845,test
train_2090199798,train
train_315445101,test
train_1933112797,test
train_2780628799,train
train_3650201792,test
train_4079065767,test
train_3140935748,test
train_2648457757,val
train_1391899150,train
train_2680666076,test
train_1996023629,train
train_2022348868,train
train_2573761097,train
train_359866004,train
train_1341155613,train
train_281888046,test
train_4059524015,test
train_1948558865,train
train_2260033691,train
train_4265198781,train
train_1883962610,test
train_3137946976,train
train_3395454388,train
train_2117381016,train
train_20366384,train
train_2744978107,train
train_2565322338,train
train_1659615870,train
train_625253343,test
train_1618481133,train
train_804667829,train
train_1845887973,train
train_2658662101,train
train_3539641289,train
train_3816719495,train
train_1103226557,test
train_2720118276,train
train_599753440,train
train_2721383565,train
train_3672466667,train
train_1130746660,train
train_3951622100,train
train_2839511186,train
train_3280339596,val
train_193331130,train
train_2117427361,val
train_3162939638,train
train_1191415112,train
train_2860263873,train
train_3296983821,test
train_3279652067,train
train_3018951048,train
train_740533132,train
train_2339466169,train
train_15286434,train
train_241565475,train
train_3461462162,train
train_144579674,train
train_599067059,test
train_3781629068,train
train_2387031325,train
train_2788806737,test
train_561662786,train
train_155428031,train
train_1535734857,train
train_591827689,train
train_3189990200,train
train_4114238590,train
train_723065508,train
train_2574202282,val
train_4227758236,train
train_1536090402,train
train_638418862,test
train_1979039511,train
train_1241013967,val
train_17178842,train
train_1273454865,train
train_3121886520,train
train_3854886898,val
train_1132499213,val
train_2359381964,val
train_2932404449,val
train_3990908528,val
train_3916537277,val
train_1816434994,train
train_3216094138,train
train_1690308312,train
train_3637859160,train
train_800071625,test
train_4194633616,train
train_752113583,train
train_2386091210,val
train_658862317,train
train_3475228053,train
train_1909812962,train
train_255501365,train
train_4444360,train
train_2987484529,train
train_2151159236,train
train_932665328,train
train_3716889287,train
train_879305420,train
train_1295392255,train
train_2935991012,test
train_2183902545,train
train_809542537,test
train_2363227623,train
train_3627453264,train
train_3402467766,train
train_2751014839,val
train_1007921930,train
train_274130846,train
train_3470806357,test
train_3081718359,test
train_2130327921,val
train_1052158964,train
train_4152134147,train
train_2095893887,train
train_20527359,train
train_304930204,val
train_301037941,test
train_281943741,train
train_3739414328,train
train_690254130,train
train_734255574,train
train_3017094474,train
train_664616782,train
train_1557537520,train
train_2934807699,train
train_1183683723,train
train_1925664056,train
train_2089570700,train
train_3465987429,val
train_44356492,train
train_3020692945,val
train_3471423408,train
train_1560231171,val
train_1725908246,train
train_1915339412,train
train_3445223730,train
train_1264120753,test
train_3441871663,val
train_2131159921,train
train_1708072727,test
train_242506613,train
train_3233259875,test
train_1847987195,train
train_913098745,train
train_2872356984,train
train_89792685,val
train_573458859,train
train_2644072107,test
train_3914563653,test
train_3253369731,train
train_473637671,train
train_3111737964,test
train_1600762412,train
train_884981349,train
train_764372077,train
train_989319137,train
train_3497871307,train
train_2092197142,test
train_2948539914,val
train_3024644391,val
train_3902833203,train
train_4172023735,test
train_831600970,train
train_2255365289,train
train_3704337417,train
train_2980261540,train
train_2949303392,test
train_560613994,test
train_3526244255,test
train_1238137512,train
train_2746717347,test
train_1843645923,train
train_2648238498,val
train_2142182419,train
train_657978993,train
train_2386030894,train
train_3269592584,train
train_4169526565,train
train_2067309903,train
train_875394590,train
train_975406445,train
train_2709338111,train
train_1954478850,train
train_193039173,train
train_2026177187,train
train_3589625740,train
train_456369242,test
train_2970057458,train
train_3896380700,train
train_2530782608,test
train_2105140929,val
train_2772927896,train
train_3851641413,train
train_3144055824,test
train_1238089300,train
train_4112263956,test
train_2641545999,train
train_3760374468,train
train_4066601429,val
train_760059862,train
train_2463374497,train
train_308487151,train
train_4055279922,train
train_2514891304,train
train_3820793467,train
train_3092463673,train
train_1734128218,train
train_2687574621,train
train_3766477640,train
train_764231856,train
train_2816190111,train
train_385834087,test
train_4017193837,test
train_1870122600,val
train_2944360788,val
train_2706662081,train
train_918100715,train
train_863557306,train
train_4075151362,val
train_1665714207,train
train_4270763534,train
train_3768558300,train
train_157159616,train
train_1105539251,train
train_1131401875,train
train_3760165073,train
train_1770055421,train
train_4252415874,test
train_545334724,train
train_1684329557,train
train_3298246410,train
train_4197061966,val
train_839588818,train
train_256489723,train
train_1049819810,train
train_4042246276,train
train_909689066,test
train_1726864654,test
train_2352051622,train
train_4073008998,train
train_588068843,train
train_4104227416,train
train_2927097646,train
train_279818777,train
train_1268432402,train
train_3036665099,train
train_3136461490,train
train_3823100252,train
train_3168620344,test
train_4184292145,train
train_944209684,test
train_2426844875,test
train_3734921937,train
train_2533285904,train
train_876401112,train
train_561842191,train
train_1560209985,val
train_311055399,train
train_1325200458,val
train_1197918278,train
train_3231074532,train
train_1659877446,train
train_153214025,train
train_2043924720,train
train_1385981240,test
train_1362618495,train
train_1143185981,train
train_3545193498,train
train_3741621114,train
train_2123729460,train
train_127365312,train
train_924412601,train
train_2269068443,test
train_2992781056,train
train_1534091272,train
train_2180170352,train
train_3438488205,test
train_3153572567,train
train_1433066907,train
train_2979802302,train
train_2799953876,train
train_1838153561,train
train_1827535235,test
train_965627492,test
train_1493843028,train
train_3991698966,test
train_2003670906,val
train_4043263737,train
train_2382901010,train
train_2297635211,train
train_1313166278,test
train_3119461627,train
train_3823296278,train
train_2677414178,train
train_2840908729,train
train_2314426459,train
train_2263172290,train
train_514916369,test
train_2686942999,train
train_1546593466,train
train_2011505831,train
train_1070353634,val
train_262376174,train
train_1458393851,train
train_453067294,test
train_921002461,train
train_2304488065,val
train_4060759969,train
train_3945132863,train
train_1298256797,val
train_740902080,train
train_3095134262,train
train_2404684971,train
train_2462174504,test
train_1654019042,train
train_944158112,train
train_3225736085,train
train_2485470234,train
train_2983520344,train
train_2948860564,train
train_3576250909,train
train_2181551529,train
train_2212028251,val
train_2518454478,train
train_2198218561,train
train_2695630789,train
train_3322125505,train
train_1984490008,train
train_1760565164,train
train_507482474,test
train_3293609045,train
train_908656061,train
train_2379470747,train
train_2708192355,train
train_2536825598,test
train_1005974697,train
train_1038247831,val
train_150920649,train
train_1393591786,train
train_2212560672,train
train_2552980752,test
train_562869347,test
train_2099210295,test
train_2289031682,test
train_3323259719,train
train_1897842764,train
train_2334775292,train
train_1603551419,train
train_424226451,train
train_3561035655,train
train_3095102780,train
train_2661137591,test
train_2086712891,train
train_926955046,train
train_221113626,test
train_2495120002,train
train_1020169920,train
train_2205053745,train
train_1127127552,test
train_3257674098,train
train_3844603088,test
train_2042725181,train
train_600234724,train
train_3542575107,train
train_3965524663,train
train_577632963,train
train_3381691065,train
train_2610456050,train
train_1260851617,train
train_19197306,test
train_2060583699,train
train_3268155216,train
train_991787380,train
train_3000693108,train
train_744421882,train
train_225044743,train
train_2421599978,test
train_2599134160,train
train_1705874175,train
train_2314661309,train
train_3988253077,train
train_203957270,train
train_2529266365,train
train_2345761034,train
train_166567700,test
train_3183938266,train
train_1154619027,train
train_3556900596,train
train_647014306,train
train_1463306251,train
train_409899801,train
train_3670675399,val
train_3077906598,val
train_3978299913,train
train_2625177498,train
train_2172681831,test
train_2174579466,train
train_4167350388,train
train_275959681,train
train_3430401850,test
train_155777568,train
train_2394805950,train
train_1754318809,train
train_4270353841,test
train_2643654268,train
train_250363299,train
train_1298873365,train
train_552856108,train
train_2544034361,test
train_1703787741,test
train_483439946,test
train_1159865659,train
train_902402454,test
train_2540811081,train
train_2855193503,train
train_3778501221,train
train_3027396260,train
train_2193468601,train
train_327675766,train
train_1971200574,val
train_3851188620,train
train_595785611,val
train_1383072505,train
train_1192647043,test
train_3005804086,train
train_149852147,train
train_2369654318,test
train_3644829313,test
train_3601810688,train
train_226680638,train
train_746272324,train
train_925911672,test
train_786661305,train
train_2077906780,val
train_3454472599,test
train_731491095,train
train_996964681,val
train_1687050720,val
train_3542847405,val
train_3725571996,val
train_3089331082,val
train_351323498,train
train_12498536,train
train_3112419428,train
train_3880072383,train
train_1575268265,train
train_1920495632,train
train_3950756527,train
train_2916497702,train
train_4254082352,test
train_844917145,train
train_847358420,train
train_3622746391,val
train_3601578161,train
train_723113580,train
train_2913230379,train
train_1029378340,train
train_1732288729,train
train_419180508,test
train_753988496,train
train_336907165,train
train_955020264,train
train_4083848047,train
train_471609049,train
train_530545361,train
train_872951110,train
train_2058909989,train
train_881475202,val
train_2837448024,train
train_2776757992,train
train_1405046275,train
train_2967102528,train
train_3614503698,train
train_2128418514,val
train_3271105220,train
train_635864748,val
train_4073711200,train
train_3379287396,test
train_225642760,train
train_581104351,train
train_82391111,train
train_3944155290,test
train_4032180049,train
train_3320118098,train
train_174085811,train
train_268024497,train
train_3321127680,train
train_2289839871,train
train_4176982839,train
train_3181393727,train
train_3456874526,train
train_2167297039,train
train_2256260915,test
train_2078153831,val
train_3977037902,train
train_2556732868,train
train_16674981,train
train_3613523285,train
train_4170031319,train
train_1717203731,val
train_2887094646,train
train_2299735499,val
train_3383496193,train
train_2628404353,train
train_2475027962,train
train_696967727,val
train_3473858985,test
train_953081992,train
train_3978794236,test
train_3799572577,val
train_3717666759,train
train_242811238,train
train_3243221333,train
train_528562193,test
train_3736549609,train
train_541673177,test
train_3766209570,val
train_1451945210,test
train_658167853,train
train_1775725814,test
train_876189265,train
train_766752999,train
train_1118397196,test
train_3778673610,test
train_2393335191,train
train_1556030767,train
train_3582053311,train
train_1712410670,train
train_2404106367,train
train_1573676257,train
train_3579118676,test
train_687216760,val
train_3560711229,val
train_184643740,train
train_3240298021,val
train_179439322,train
train_2450562946,train
train_1974043405,train
train_2557383584,train
train_2398474256,train
train_3353326248,train
train_1753110604,train
train_1759926253,train
train_1417183,train
train_3822613102,train
train_1933430582,train
train_2985409064,test
train_3300322305,train
train_1906370560,train
train_4034212941,val
train_2011770955,test
train_3747996943,train
train_3154299481,train
train_743586012,train
train_544132490,test
train_802609288,train
train_2590335778,train
train_817263417,val
train_1298982740,test
train_300916181,train
train_3671793036,train
train_3513987528,test
train_3553908614,train
train_2908805047,test
train_3794794681,train
train_406726823,train
train_291479871,train
train_2607490798,train
train_3421614090,train
train_1176556747,train
train_268885152,test
train_3256768265,train
train_4280742547,train
train_3564165447,train
train_2623800417,train
train_3264326057,test
train_3303979387,train
train_2987380969,train
train_3588059054,train
train_216328564,train
train_2906961145,train
train_881183005,train
train_1677082300,train
train_4061196069,train
train_1924619990,train
train_1420682097,train
train_3768786463,test
train_2640586199,train
train_575645142,train
train_1324734100,val
train_49555004,train
train_4278577450,train
train_834336361,train
train_418485564,train
train_1105367829,train
train_3188478831,test
train_156972944,train
train_3967677852,train
train_3783209357,train
train_1870946602,test
train_2488829161,train
train_1682471016,train
train_2881445775,val
train_3158597996,train
train_1433451635,train
train_2930241419,train
train_3779326886,train
train_3816375108,val
train_3920899944,train
train_1112045438,train
train_2582841861,train
train_817393965,train
train_2080067011,test
train_3778529420,train
train_3286578982,test
train_954396845,train
train_4095644864,train
train_2072817987,test
train_3411249277,train
train_1073877693,train
train_1833751999,test
train_3479717076,val
train_240313961,val
train_2153918485,val
train_666356102,val
train_3433620230,train
train_1816456995,train
train_2252861770,test
train_1811697226,test
train_586152003,test
train_1778948915,train
train_76157241,train
train_185890198,train
train_998989223,train
train_3075865672,train
train_2857041119,train
train_2736248660,train
train_3903880565,test
train_3062789368,train
train_3142291700,train
train_1411113575,test
train_3690570726,val
train_5721200,train
train_110468707,val
train_2875375903,val
train_2768630693,test
train_1385221360,train
train_250982297,test
train_3367476767,train
train_2789693019,test
train_3022940046,train
train_3701332589,train
train_1899884457,val
train_4207646253,train
train_187242624,train
train_3982353782,train
train_479114501,train
train_345014293,train
train_2972541883,train
train_631270359,train
train_555971921,val
train_265197986,val
train_2867374093,val
train_4204221432,val
train_3010039966,train
train_24293780,train
train_2060111576,train
train_3612799957,train
train_2991782331,test
train_3427216918,train
train_2781439270,train
train_4196934799,val
train_1732353651,train
train_4196246985,train
train_4164379018,train
train_3467066403,train
train_3833028692,train
train_349984975,train
train_1078316129,test
train_1414242216,test
train_3640596204,train
train_893086606,train
train_2710448249,train
train_960466933,train
train_779164591,train
train_730282327,train
train_1832731935,test
train_2690464637,train
train_3496906146,train
train_2698985189,test
train_3197311523,train
train_2995696334,test
train_2424125547,val
train_966826762,train
train_823964885,train
train_356963457,train
train_1552709704,train
train_1088375361,test
train_2153757835,test
train_1744658262,train
train_4025849298,train
train_361766242,test
train_2999885762,train
train_3464844775,train
train_473590436,train
train_1330154482,train
train_3459074757,val
train_140778492,train
train_977743751,train
train_4108331943,val
train_4065174731,train
train_3378571731,train
train_1799304883,train
train_866403699,test
train_1523684494,train
train_1956140978,train
train_832268522,train
train_465333503,train
train_3153723471,train
train_1260105657,train
train_3514497576,train
train_227862011,train
train_1177220248,test
train_2498237014,train
train_2343916470,test
train_4274944566,train
train_2572291971,train
train_1109244281,train
train_239986417,train
train_3459001883,train
train_4261627356,test
train_3372437682,val
train_2460730144,train
train_2324655229,train
train_2671962923,train
train_3713509658,train
train_282867019,train
train_1031659371,train
train_2128574505,train
train_1120623220,train
train_256587740,train
train_2276173328,train
train_559771012,train
train_895010388,val
train_3169113646,test
train_560686145,train
train_4246559028,val
train_170127449,train
train_619666284,train
train_4118843587,train
train_3769806362,val
train_2215322965,train
train_2903480704,train
train_3636685869,val
train_2336889274,train
train_3635088073,train
train_733194238,train
train_2475541770,train
train_1334160901,train
train_342686589,train
train_951312084,train
train_1204383293,train
train_1616245733,train
train_1810011945,train
train_1836924785,train
train_373283815,train
train_1154306535,val
train_1739335961,test
train_4280219894,train
train_3274592078,train
train_2216221532,train
train_194233181,train
train_3633882908,train
train_3798714899,train
train_2669144682,train
train_277407365,train
train_2473971852,train
train_1640714782,train
train_164447022,test
train_1303536114,test
train_1937934916,test
train_1211395028,train
train_970606077,train
train_3429918070,val
train_2545614549,train
train_294903479,val
train_2029081491,val
train_1052252345,test
train_2306039567,train
train_2589194952,train
train_395131334,train
train_2054496966,train
train_3694460194,train
train_3508368148,test
train_1088209506,train
train_1848605655,train
train_2355180337,train
train_24138636,train
train_276173105,train
train_3168875415,test
train_3353202033,val
train_3792816944,train
train_2864340447,train
train_685810526,train
train_281479481,val
train_1110593304,val
train_2841960429,train
train_2472455109,test
train_4223047742,train
train_1355783793,test
train_3781354024,train
train_3239261297,val
train_395553446,train
train_3047575206,train
train_26923552,test
train_351834623,train
train_252827075,train
train_1454141440,test
train_718395879,train
train_4151017426,train
train_1562206902,train
train_2219174683,val
train_818737316,train
train_947156292,train
train_2798669289,test
train_2549449127,train
train_3811633557,test
train_2619130311,train
train_3093192982,train
train_2608234894,test
train_1054695312,train
train_2434926213,test
train_1061353306,train
train_1375299748,train
train_1553653300,test
train_3653361744,train
train_554509556,train
train_4232324175,test
train_298166880,train
train_4072739070,val
train_2566709185,train
train_2847951727,val
train_3440441902,train
train_2769977412,train
train_300274254,test
train_1654290754,test
train_3105078336,train
train_2844741784,train
train_2559858538,test
train_1921852968,val
train_1325376901,train
train_3793339161,train
train_1363946936,train
train_4071181039,test
train_1637090423,train
train_38395637,train
train_4292820919,train
train_4178049634,train
train_93917047,val
train_2923687029,train
train_2695667079,train
train_20460418,train
train_1948720136,train
train_1655106123,train
train_1757594176,train
train_1423200349,train
train_2333262788,train
train_355460051,train
train_2954345109,train
train_2283667207,val
train_2146538870,val
train_1331924864,train
train_132392284,test
train_2625888864,train
train_2389789648,train
train_1867714503,val
train_3744409397,test
train_1638519928,train
train_3317152916,train
train_928343775,val
train_2847244918,train
train_352726909,test
train_2249975179,test
train_4183522151,train
train_53478195,train
train_3134568514,train
train_1675185549,train
train_2011770386,train
train_1741338581,test
train_2347365926,train
train_983723387,val
train_3304185565,train
train_415138689,val
train_2943962326,train
train_857723469,test
train_3534777129,train
train_4143731129,train
train_1877390579,val
train_1046971707,train
train_2344445323,test
train_1812885046,train
train_2645497743,train
train_2868758451,test
train_143166491,train
train_3649882713,train
train_827978057,train
train_194043739,train
train_1623455601,train
train_2782331529,train
train_2046266547,train
train_2030924338,train
train_3093543670,train
train_2336156893,train
train_2858707659,train
train_306102296,train
train_2703154771,train
train_500199418,train
train_3393644703,train
train_2232482178,train
train_4274892890,test
train_3454652975,train
train_508919953,train
train_360814149,train
train_2501575831,train
train_1821901871,train
train_1218669160,train
train_1035426528,train
train_3388606916,train
train_1367030927,train
train_2337330113,train
train_3653194517,train
train_2319532149,test
train_2614602455,test
train_4247905591,train
train_2058093494,train
train_495277774,val
train_1238676682,test
train_1100059170,test
train_1411392297,train
train_3253974953,train
train_527157339,train
train_3337959687,test
train_962035263,train
train_176512290,train
train_1032671454,train
train_2972455435,test
train_3123083762,train
train_538014770,val
train_3549858559,val
train_4249618609,train
train_1272751605,train
train_3759944592,train
train_2742991068,train
train_3615082481,train
train_3315657399,train
train_1197421195,train
train_1517450323,train
train_2604359106,test
train_1166693195,train
train_3110905934,train
train_141208704,train
train_780205625,test
train_1453934818,train
train_2285049117,train
train_1968097045,test
train_4074351787,train
train_3785317484,train
train_3220010046,test
train_3476919686,val
train_3172335069,train
train_2287489986,test
train_3771945381,train
train_2318810391,train
train_1980508810,train
train_2188168463,train
train_2324093387,train
train_453297611,val
train_3802346792,test
train_3366713505,val
train_1822237971,train
train_4090624362,train
train_258004981,train
train_2032912385,train
train_3630364546,train
train_3948327382,train
train_1546390308,train
train_2496580143,train
train_1168049787,train
train_4209391020,train
train_1117227513,train
train_1186254058,train
train_25419930,train
train_2325640154,train
train_233594950,val
train_2314965617,val
train_408721363,train
train_2374322486,test
train_1487021073,train
train_1209405019,test
train_3993737708,test
train_3680666270,train
train_3171463267,val
train_3513023044,test
train_89768268,train
train_2458849993,test
train_2266333171,train
train_761258583,test
train_2347604359,train
train_547673094,test
train_3580750137,train
train_2360647092,test
train_415825584,train
train_3495058853,train
train_152642161,train
train_325947930,train
train_2857221499,test
train_1901674757,train
train_2920436119,train
train_1972057227,train
train_2467588993,test
train_1197385433,train
train_437774678,test
train_87707740,train
train_3758726710,train
train_470174676,test
train_3839423258,train
train_760987592,train
train_2655564863,test
train_1148956700,test
train_3002316552,train
train_966400624,train
train_4101128012,train
train_3462804440,train
train_1790519022,test
train_1886476415,test
train_2160632707,train
train_504602546,test
train_3196428079,train
train_2227460327,train
train_1585004666,train
train_993038102,train
train_1595301415,test
train_3020729394,test
train_386356068,train
train_1474555515,train
train_1778494836,train
train_1089119523,train
train_3125518001,train
train_2405632713,train
train_2377133116,train
train_1569458510,train
train_1401849376,test
train_2535278831,val
train_2792386726,train
train_124786003,val
train_3114280436,train
train_177258518,val
train_111376792,train
train_911643459,train
train_371459609,train
train_1998638446,train
train_3111248231,train
train_2401285657,val
train_3128525426,train
train_275639865,train
train_539453583,train
train_1437566243,train
train_1029216425,train
train_4265758480,train
train_2090037792,train
train_977404293,train
train_3929918352,train
train_1158628750,train
train_1987794554,train
train_1718039708,train
train_2753619758,train
train_2554022544,train
train_4128171593,train
train_2327511459,train
train_3050990060,test
train_411559320,train
train_121718242,train
train_1198874187,train
train_4236194881,train
train_770123511,train
train_138694195,train
train_1357739170,train
train_670411946,train
train_2368683063,train
train_2928066070,val
train_3954752856,train
train_2788676501,train
train_1232956552,test
train_2102985018,test
train_258002835,train
train_115075105,train
train_4193117977,test
train_1723452712,train
train_474036847,val
train_1848632939,train
train_4177369949,train
train_1896017206,val
train_1255622678,train
train_3802465099,train
train_2915514940,train
train_3054616539,train
train_1006411589,train
train_2221341364,val
train_3518497376,test
train_3353195899,train
train_2758967773,train
train_290486421,train
train_3028508115,val
train_1058911479,train
train_1874054201,train
train_4055972738,val
train_3732587446,train
train_2300768233,train
train_578662909,train
train_2643691239,train
train_3427738783,train
train_2394923947,test
train_2878181020,val
train_1710051353,test
train_61596801,val
train_1036936892,train
train_2746049406,train
train_3215748240,train
train_2220319793,train
train_906044952,train
train_238473075,train
train_980547167,train
train_3870921296,train
train_2317652434,train
train_492093082,train
train_4025151099,train
train_850248585,train
train_2229356080,train
train_3964304152,test
train_3002584080,test
train_2072990387,train
train_1697329283,train
train_577149104,train
train_3986636470,val
train_2493314453,test
train_1616819716,test
train_2645427269,train
train_1689484882,val
train_1457805885,train
train_1834677134,train
train_2040811406,train
train_509779623,train
train_278746669,test
train_4284338219,train
train_3523178326,train
train_3938346994,test
train_613679239,val
train_775812130,test
train_420911408,train
train_1376909893,train
train_4143980202,test
train_1703043998,train
train_1145402844,train
train_3494183521,train
train_2389869712,train
train_531702441,train
train_180471953,train
train_1047605641,train
train_3238465345,train
train_2823283235,train
train_3727696561,train
train_410644234,train
train_2600816306,test
train_3037415615,train
train_2343080128,test
train_3395748191,val
train_991120705,test
train_4156636475,train
train_602119541,train
train_3024865765,train
train_2653888240,train
train_2933097233,test
train_105168356,test
train_3130978023,train
train_110616519,train
train_2285868782,train
train_1246699246,train
train_1172371728,train
train_4063521608,train
train_1717916319,val
train_3279452917,train
train_413153319,train
train_3760458003,test
train_12412329,train
train_4286859517,train
train_3049704151,train
train_832144399,train
train_3855989966,train
train_732167550,val
train_2481386071,train
train_637196181,train
train_1810723097,test
train_585106571,train
train_59094472,train
train_3360725604,train
train_1083031821,train
train_649711084,test
train_971500235,train
train_860736629,test
train_456912323,train
train_1938962,train
train_1719083122,test
train_4254318001,train
train_2693090231,train
train_4110319518,train
train_1913449144,train
train_3300105668,train
train_1395450106,train
train_1512027746,train
train_246633348,test
train_1806327045,train
train_2736437293,train
train_1540761220,train
train_2878347683,train
train_3418370379,test
train_2735890192,train
train_851220512,train
train_83649900,test
train_969405326,train
train_1103100061,train
train_3919513642,val
train_3954563275,train
train_4023499899,train
train_1609719593,train
train_1489280174,train
train_4130916611,test
train_1776324238,test
train_2025925954,train
train_3569591480,train
train_3177097685,train
train_3446859463,train
train_2676847838,train
train_3660211583,test
train_1093756522,train
train_1839955895,test
train_2211479643,train
train_4233442225,train
train_1099355015,train
train_2887855473,train
train_354736680,train
train_793278601,train
train_31180027,train
train_1237213779,train
train_1201869749,train
train_901987086,test
train_4195707750,train
train_3498122280,train
train_2334402973,val
train_909458760,train
train_2407995572,train
train_2846309199,test
train_3926738852,train
train_125731578,test
train_4059526197,test
train_2770192561,test
train_1308760691,test
train_1845969161,train
train_3672374874,train
train_667046692,val
train_3503068803,val
train_2434743747,val
train_2216868612,train
train_2334307157,train
train_1304169538,train
train_706662326,train
train_2428718686,val
train_1299512684,train
train_1355573335,train
train_1731079800,val
train_190714934,train
train_2333058170,val
train_3853317135,train
train_1273926174,train
train_616471037,train
train_214454351,test
train_4050936087,test
train_2728725511,test
train_705121775,train
train_634906930,train
train_3059124064,test
train_2150673056,test
train_3423937555,train
train_3183772844,val
train_2862654813,val
train_2402561131,test
train_22286920,test
train_3853132248,test
train_1625735339,train
train_916364643,test
train_1055004358,train
train_3784022195,train
train_2758381404,train
train_2081286932,train
train_327920855,train
train_2813057398,train
train_2754782844,test
train_1500938457,train
train_543233620,train
train_1837980402,train
train_1462096853,test
train_1597767058,train
train_2332654147,train
train_2285929856,train
train_1249695522,train
train_1615836146,train
train_987799622,test
train_786179378,train
train_4087769179,val
train_226528356,test
train_1739106563,train
train_4207086980,train
train_882146499,val
train_2497436988,test
train_3136009079,train
train_751013590,train
train_3476869731,train
train_3900368652,train
train_927793110,train
train_2634961048,train
train_2107500629,train
train_37176863,train
train_2842459556,train
train_3648171123,train
train_1176101979,train
train_824124710,train
train_1074170511,train
train_2923100991,test
train_182839633,train
train_2974970405,train
train_1143770868,train
train_1168941655,train
train_242965313,train
train_3399317843,train
train_2784092547,test
train_849248941,test
train_3350145275,train
train_703535381,val
train_3876645324,train
train_1928155403,test
train_1557521265,train
train_2187211,train
train_4014154711,train
train_3718056343,train
train_2240362679,test
train_1389865368,test
train_995366107,test
train_1726482070,train
train_1709273284,train
train_4108920716,train
train_2717191283,train
train_267243093,train
train_3682210282,test
train_1849328970,train
train_1597278820,train
train_1687929,train
train_143478179,train
train_1043834861,train
train_513746136,train
train_3349796554,train
train_419821150,train
train_3905491488,test
train_3533966895,train
train_3664341531,train
train_1297112083,train
train_2312840791,test
train_2132570931,val
train_2687521349,train
train_3705421466,train
train_1041328820,train
train_3238431207,train
train_2111637988,train
train_1436686124,train
train_1082428822,test
train_2921388627,test
train_2742138683,test
train_377962772,test
train_3548427839,train
train_1193390844,train
train_2895365466,train
train_3731492020,test
train_161755645,train
train_449175169,train
train_2460950304,train
train_2353400809,train
train_2826287614,test
train_2770131715,val
train_1177465009,train
train_5023884,test
train_3897779979,val
train_3032182755,train
train_1124980559,train
train_547295568,train
train_1428858082,train
train_2457140291,test
train_336637903,test
train_2587872066,train
train_4208052601,train
train_2154408763,test
train_586900986,val
train_3584209387,train
train_1222337436,train
train_4190409098,train
train_2838879851,train
train_1611361989,train
train_953437901,train
train_450703639,train
train_345140978,train
train_1862164887,train
train_2204887731,train
train_1156325383,train
train_1321146955,test
train_2523424474,train
train_1812014948,train
train_3958619876,train
train_2218144894,train
train_2869585637,train
train_135871018,train
train_408315900,train
train_40503622,train
train_2586487164,train
train_4117846617,train
train_3164421433,train
train_3691307451,test
train_3651603196,train
train_3925627225,test
train_1661272902,test
train_3833493843,train
train_4158238510,train
train_1119950228,test
train_1144177936,test
train_2810479843,test
train_445202416,val
train_3100925333,train
train_1774621402,train
train_1311744390,train
train_2381974660,train
train_3424911647,train
train_1830943856,train
train_4074914234,test
train_2027423557,train
train_3501458486,val
train_3772469399,train
train_2842980767,train
train_1111885565,test
train_33479894,train
train_1783197925,val
train_854180906,train
train_3072782263,test
train_3419392575,train
train_976037441,train
train_2980135357,train
train_2073889037,train
train_1092123158,train
train_2975322569,test
train_3400025126,train
train_914088367,test
train_1776624284,train
train_2709018382,train
train_3038802646,train
train_3357146025,train
train_31595233,train
train_2458679940,test
train_1509993068,train
train_2049000385,test
train_2031219164,train
train_439140120,train
train_3901129094,train
train_3807785384,test
train_1738032127,test
train_4104340214,test
train_1500594159,train
train_417860049,train
train_2671941630,train
train_964722266,val
train_1925181961,val
train_849242460,train
train_3534352614,train
train_3387711877,val
train_3988705431,train
train_296741060,train
train_3562376746,train
train_4042946188,train
train_4098720628,test
train_432472358,train
train_1503046472,train
train_3084854286,val
train_2903024852,train
train_1871814126,val
train_3218978041,train
train_3308405501,test
train_1853762172,val
train_2433779966,test
train_1876696430,train
train_810268867,train
train_2182920282,train
train_689639496,train
train_3544440515,test
train_1842046582,train
train_1029378580,train
train_403406293,train
train_130144039,train
train_3249629580,train
train_1609088095,test
train_2735188699,train
train_1985786345,train
train_1987000376,train
train_1417599184,train
train_2736907284,train
train_3077233694,train
train_3510786425,test
train_2811043292,test
train_4289550952,train
train_565629063,train
train_3037336513,test
train_1168659202,train
train_4076539821,train
train_1985301755,train
train_3632940475,train
train_3042172278,train
train_1113630087,train
train_3243886803,val
train_1094770489,val
train_1361460987,train
train_3065398687,test
train_3514183424,train
train_557142280,train
train_2076847431,val
train_348264498,train
train_541707557,test
train_3726146925,train
train_3827432089,train
train_728318786,train
train_1340795959,train
train_796415770,train
train_2909587714,train
train_982620387,val
train_2052975932,train
train_1429991844,test
train_2603953119,train
train_3527260250,train
train_1260560948,train
train_570133686,train
train_924553214,test
train_4140089078,train
train_2220905459,test
train_3967271817,train
train_2309045515,train
train_697296950,val
train_4244852546,train
train_978094926,val
train_1155144240,train
train_1404157115,train
train_421087149,train
train_3936376190,val
train_1247468470,train
train_445573665,train
train_192300344,train
train_548007819,val
train_3280539377,train
train_3339396697,test
train_1322284039,test
train_3125997252,train
train_2662961221,train
train_1424925866,train
train_2219808990,test
train_3829379127,train
train_1941395339,test
train_3799411842,train
train_1857324893,train
train_1157823185,test
train_479064974,train
train_2628633230,test
train_2179124910,train
train_2988357331,train
train_1812312889,train
train_162599568,train
train_3488758353,train
train_1264593661,test
train_2902959879,train
train_4078519347,test
train_459500498,train
train_1958288761,test
train_2709375315,train
train_3269714151,val
train_23492221,test
train_2718867022,train
train_835818766,train
train_2054070735,train
train_1405233689,train
train_3266328870,train
train_714229840,train
train_275529742,test
train_180180002,test
train_2042795921,train
train_1343103370,train
train_2184935770,train
train_1972312073,train
train_3129660755,train
train_3524928241,test
train_3487798860,test
train_2591531253,train
train_3449967969,train
train_40952168,train
train_283930824,test
train_458523791,test
train_1827671213,test
train_3798242061,test
train_3897388237,train
train_2488929781,train
train_3284790765,train
train_652718238,train
train_2772711588,train
train_3999838811,train
train_1382882368,train
train_2470897215,train
train_2242609112,train
train_2112234201,test
train_1376242057,test
train_1788093141,test
train_369395894,train
train_3793822841,train
train_924946737,val
train_1338141173,val
train_2640193830,train
train_3049383894,test
train_1783271318,train
train_1491251301,val
train_741310375,train
train_2546708282,train
train_3505542013,test
train_1521625627,test
train_4148200100,val
train_2350116612,val
train_1361544152,val
train_3254405700,train
train_90356826,train
train_1091906622,train
train_1365968724,train
train_2556499994,train
train_4122752050,train
train_4183230163,train
train_4239345453,train
train_208715587,test
train_4205108608,val
train_900647744,train
train_3021625016,val
train_471539823,val
train_1803128379,val
train_1940074314,train
train_2807926882,train
train_2035473664,train
train_3050063851,train
train_2089997515,train
train_2129257690,train
train_2695709813,val
train_725833311,train
train_3261908467,test
train_1479387890,train
train_797513730,train
train_3132073595,val
train_2243907412,train
train_3366195388,test
train_3284519730,train
train_3384303156,train
train_3794406710,train
train_2504152429,train
train_1933070897,train
train_1441678759,train
train_744357342,train
train_3072480923,train
train_2065557038,train
train_1096862747,val
train_912016113,train
train_572504980,train
train_3057581815,train
train_2775160744,train
train_912241739,train
train_3492575164,train
train_1263656013,train
train_3082083795,train
train_3075475070,train
train_1625695947,train
train_3316745860,train
train_3601960528,train
train_407862204,train
train_2105716669,train
train_889288069,train
train_4220486378,train
train_2380885238,train
train_3383562151,train
train_3734873186,train
train_4240742637,train
train_3039047352,train
train_1993193353,train
train_2112058252,train
train_3296269267,train
train_841015183,train
train_4224502769,train
train_360175845,train
train_4004243896,train
train_223002916,train
train_2163439522,test
train_564993835,train
train_2003445332,train
train_2362153432,test
train_264392126,train
train_1941895702,test
train_688581013,train
train_1805521792,train
train_176796082,train
train_2826287235,test
train_1624624968,train
train_1412840539,test
train_1261348284,train
train_3457091023,val
train_2596519938,train
train_1554149246,train
train_2355753547,val
train_3169802849,test
train_3100491803,train
train_3505911392,train
train_96842855,val
train_100918337,train
train_3807947226,train
train_3939264919,train
train_1452080735,train
train_1429789938,train
train_4232562853,train
train_3235829096,val
train_4048491597,train
train_3314045741,test
train_1716084081,train
train_2683817902,val
train_2552509963,train
train_2161846943,train
train_3160715544,test
train_811932103,train
train_1382193581,test
train_565614187,train
train_2572454759,train
train_766755178,train
train_1096810250,train
train_701905731,train
train_2068935057,train
train_813223939,train
train_290637268,train
train_122853682,train
train_4022921985,train
train_4258907700,train
train_3467998042,train
train_151827288,train
train_3037430436,test
train_687561582,train
train_1985395709,test
train_3194630720,test
train_1283562785,test
train_1257726382,test
train_3318627594,train
train_1541742047,train
train_1211053562,train
train_1169586614,train
train_3486920526,train
train_2815760406,train
train_1610441722,train
train_1981120792,val
train_2060246792,train
train_2385581241,train
train_3225905614,train
train_3174186427,train
train_3159123258,train
train_1752759640,train
train_3394916135,train
train_1474643472,val
train_4200570657,train
train_2020485332,train
train_4178540788,train
train_3547469500,train
train_612956488,train
train_1133346887,train
train_1727574538,train
train_3108492249,train
train_3687530091,train
train_2199604651,train
train_2442930608,test
train_3448778660,train
train_1639077135,test
train_1268926774,train
train_2501906467,train
train_3606484142,train
train_1110311582,train
train_1301195709,train
train_2667247058,test
train_3069074123,train
train_679137689,train
train_1417338448,train
train_3038501824,train
train_1662518176,train
train_1931391210,test
train_674912090,test
train_1814538998,train
train_900199970,train
train_688511663,train
train_1109770433,test
train_3807108497,train
train_2845047500,val
train_3103258811,train
train_2447842575,train
train_2455667863,train
train_659696257,train
train_3794414953,val
train_2662398342,train
train_1629887895,train
train_334306955,train
train_1637295920,train
train_559372785,test
train_3571016047,train
train_2517779668,test
train_4053854205,train
train_1043075520,train
train_2907127326,val
train_3401839472,train
train_657274189,train
train_2516862643,train
train_537143913,test
train_753358188,train
train_4273182478,test
train_2943210844,test
train_3833179896,train
train_1440852871,test
train_3138508480,train
train_409444767,train
train_2614699893,train
train_2093996194,train
train_2351098922,train
train_496690219,train
train_3372919624,train
train_4012520896,train
train_2157103101,train
train_2441361287,test
train_2826991950,test
train_3123003333,train
train_1349397829,train
train_2939111714,test
train_3246977577,test
train_538648032,val
train_3541138696,train
train_2022707337,train
train_3139839896,train
train_2942744482,train
train_1170563867,train
train_1371874423,val
train_2812344005,train
train_931492711,train
train_1521972191,train
train_905556102,train
train_3658911564,test
train_2385995944,val
train_2072165327,train
train_232287567,train
train_1561581667,train
train_3633169704,train
train_2421724377,train
train_1648147422,train
train_2678619228,train
train_2674186772,train
train_340969397,test
train_3050997873,train
train_486930304,val
train_101009610,train
train_2928905216,train
train_1239379228,train
train_1648688356,test
train_2391922308,train
train_2439742037,test
train_1613092423,train
train_2185330473,train
train_2656699908,train
train_3333065094,train
train_612230357,train
train_2657855879,test
train_3201334325,test
train_366623860,train
train_2673695286,train
train_3347927527,train
train_4277412574,test
train_2550260673,train
train_1250555246,train
train_1083688769,train
train_3859871603,train
train_3665935195,test
train_2539607493,train
train_49782600,train
train_2000650203,test
train_1826274551,train
train_3697469524,train
train_2180961408,train
train_712131030,train
train_837446631,train
train_3931372875,train
train_791605491,val
train_2696920273,train
train_271859066,train
train_2019057454,train
train_163710515,train
train_748628315,train
train_289549950,train
train_2164238398,test
train_2909325989,train
train_1904735012,train
train_3023660108,test
train_2577232784,val
train_3057350600,train
train_3673703974,train
train_3296571923,train
train_187673899,train
train_482743247,val
train_3974041033,train
train_1190979372,train
train_2252401861,train
train_2383042305,test
train_966618279,train
train_527169196,train
train_4184868767,train
train_1066326618,test
train_907895004,train
train_1934459988,train
train_1169481538,train
train_3722769928,train
train_411037636,train
train_1174466866,test
train_4183820127,train
train_3417890452,train
train_2462242673,train
train_3376858066,train
train_2690686598,test
train_1336574911,train
train_574901195,train
train_2529255206,train
train_2816366923,val
train_36553558,test
train_2698986223,train
train_1990918848,train
train_1459494712,train
train_3376168405,train
train_3351355979,train
train_2150368690,test
train_2417332944,train
train_2861959397,test
train_1911856009,train
train_2480339236,val
train_1244703041,train
train_969074782,test
train_2295799886,train
train_573933006,train
train_953736088,train
train_3974730253,train
train_781054843,train
train_144756253,train
train_803971870,train
train_1821129212,test
train_1489466606,train
train_1303111759,val
train_2156543050,test
train_3979162082,test
train_3567055380,train
train_3693490620,train
train_1901639999,train
train_1782445163,test
train_3135592737,train
train_603202466,train
train_1019174187,train
train_1078832054,test
train_1862156403,test
train_3812702118,train
train_2580172640,train
train_3714844052,train
train_1441779259,train
train_2472857071,val
train_4016739083,train
train_4081610572,test
train_2758645861,train
train_1285557210,train
train_1711973255,train
train_1766292001,train
train_181293453,val
train_489662061,test
train_1223291909,val
train_642953591,train
train_2228196530,train
train_414417514,train
train_3051145759,test
train_937796417,test
train_4063571240,val
train_3244767387,train
train_3844054314,train
train_3476548300,train
train_3336913317,train
train_2026266094,train
train_285408414,train
train_2012958313,train
train_722555388,train
train_2570870630,train
train_2956123045,train
train_4264559944,train
train_2560722129,train
train_2527292404,train
train_1881952216,train
train_4120777660,train
train_406407450,train
train_1368685065,train
train_1402405553,train
train_482904391,train
train_1458804951,test
train_1331766815,test
train_2890873152,train
train_2822959583,train
train_1324964666,test
train_1455885851,train
train_516571590,test
train_3674017218,train
train_3597536272,train
train_3889490974,train
train_1245554740,train
train_1806374593,train
train_933302695,train
train_3958692888,train
train_2056032655,test
train_3629464886,test
train_2119654347,test
train_3012591540,train
train_534314785,train
train_1745833462,test
train_2934584654,train
train_1092917111,train
train_38089920,test
train_1097833319,test
train_370557451,train
train_1636810940,train
train_4167112014,train
train_2507095291,train
train_3169176048,train
train_976005332,train
train_4010157828,test
train_2607601179,train
train_440756342,val
train_3224735141,train
train_3157636150,train
train_1644845658,train
train_4096989515,train
train_2039289827,train
train_1912124137,train
train_3835480119,train
train_4143934182,train
train_752005906,train
train_2667082277,test
train_1004257939,train
train_3073551448,train
train_3625501718,train
train_3431173470,val
train_718978383,train
train_1558267066,train
train_1560980664,val
train_2278454107,train
train_2894816025,test
train_2783270689,train
train_3077201395,train
train_4083005988,train
train_3046265046,test
train_4121440912,test
train_1484961804,test
train_2170159542,val
train_1848330850,val
train_1880957390,train
train_424395616,train
train_3469720659,train
train_1571898609,test
train_2188406883,test
train_667289993,train
train_1490246192,train
train_1878729653,train
train_1238146392,train
train_635068595,test
train_3312854621,val
train_2812537043,test
train_496219619,test
train_3323567719,train
train_3443843495,test
train_115198787,test
train_2312321408,train
train_1812681004,train
train_1146777125,train
train_5981942,train
train_1863448880,test
train_623713390,train
train_3039427949,train
train_3681697117,train
train_1749330965,test
train_3447753287,train
train_3027859528,test
train_653913821,test
train_3894743032,train
train_3798884209,train
train_2288851263,test
train_496639825,val
train_500311078,train
train_2693172383,train
train_685529124,train
train_3505412723,val
train_3379174374,train
train_1797488643,train
train_1042832485,train
train_3753398973,train
train_4290610065,train
train_2714538422,train
train_2251001513,val
train_2524556002,train
train_3410942935,train
train_404166740,val
train_4007094691,train
train_3145717243,train
train_1470643555,train
train_2901503068,test
train_1859494227,train
train_4286138740,train
train_1475540964,train
train_3090529198,train
train_3084091514,train
train_1702181712,val
train_3991001906,train
train_2334539687,val
train_1590935736,val
train_382020659,train
train_1785845140,train
train_985681332,train
train_2803123924,train
train_863149549,train
train_779937778,train
train_3173357718,test
train_851588330,train
train_1705672160,train
train_3195325438,train
train_365461299,train
train_1214889194,train
train_2998574765,train
train_1015029487,train
train_4273937371,train
train_2462999747,test
train_3338101954,test
train_2281611040,train
train_4006498229,train
train_1925757422,train
train_1106195159,test
train_2171190759,train
train_251284405,test
train_2809209242,test
train_2829340526,train
train_48564748,train
train_2679153248,train
train_3611663610,train
train_2835781308,train
train_2313078287,train
train_1964573198,val
train_3139467744,val
train_4070696088,train
train_3298624374,train
train_3463804307,test
train_1261892056,val
train_3499997583,train
train_3608398788,test
train_2751298871,train
train_3273879640,test
train_3278652937,train
train_3098282809,train
train_2851522730,train
train_694450453,val
train_1430671715,train
train_3747914220,test
train_2748381050,train
train_2071878252,train
train_1452503001,test
train_3331273917,train
train_663980958,train
train_730864113,train
train_1128189496,train
train_492554463,train
train_1991646578,train
train_2865564945,train
train_3835032521,train
train_742917419,train
train_2662333534,val
train_1428224253,train
train_3895750303,train
train_2064350707,train
train_421129776,train
train_3255522764,train
train_740246119,val
train_2830087677,test
train_2662264404,test
train_3625301912,train
train_2175472925,train
train_1875472132,test
train_2135144313,test
train_2331335751,train
train_698106022,train
train_944416909,train
train_2421792664,train
train_4061706055,test
train_1492465903,train
train_1691965587,train
train_83763252,train
train_1103516646,train
train_1308783782,train
train_3356898532,train
train_1202935013,train
train_1119705481,train
train_3163208972,train
train_4060693827,train
train_4156734436,train
train_1567328339,train
train_1709235118,train
train_784784226,test
train_1270296379,test
train_2745356100,train
train_3866006539,train
train_3214235590,train
train_737654517,train
train_3816608919,train
train_2968191298,test
train_3823591564,train
train_418664845,train
train_1552626535,val
train_3831214605,train
train_1758042592,train
train_4044466899,train
train_2820227190,train
train_945624295,train
train_3391402886,train
train_4171932335,val
train_3730229113,train
train_182658763,train
train_1829737474,test
train_320344199,train
train_2041896974,test
train_1119406659,train
train_2626931607,test
train_2931470696,test
train_866970102,test
train_3441816534,train
train_3648644051,train
train_3903590665,test
train_4187857506,train
train_3209482749,train
train_1425955672,train
train_3586986908,train
train_3601979759,train
train_3219305761,train
train_3496780456,val
train_994035984,test
train_3827366807,train
train_3550756971,train
train_2773405758,train
train_152798351,train
train_37238045,train
train_1338534871,train
train_2779635606,train
train_1542497347,train
train_3400856746,train
train_538243438,train
train_2274677010,train
train_1373154261,train
train_3343556708,test
train_2282324541,train
train_2452199187,train
train_3808867349,val
train_1611682476,test
train_3918024795,val
train_1966227574,test
train_1596447691,test
train_2831528845,train
train_1325197705,train
train_161237605,train
train_696579354,train
train_4132861423,train
train_3509533033,train
train_2989334925,test
train_3133348096,train
train_1161311757,train
train_1966335836,train
train_2555135711,test
train_64724915,train
train_164096657,train
train_2205939233,train
train_1928822196,test
train_2338905861,train
train_89631040,test
train_955514361,train
train_4071941993,val
train_4262168878,val
train_1765509296,val
train_1319172591,train
train_1474090959,train
train_103010726,train
train_3971091713,train
train_4103739586,train
train_3384098627,train
train_2450607363,train
train_4125258622,train
train_3689195668,train
train_656771299,train
train_4195191984,train
train_1430427240,train
train_2596449126,train
train_3451665203,train
train_1938966187,train
train_1046769490,val
train_1952216893,train
train_4162431143,train
train_3850650102,train
train_2892240358,test
train_957736628,train
train_2250052349,test
train_143146459,train
train_275540591,train
train_3991666054,train
train_2133933844,test
train_1379571385,train
train_3261162550,train
train_4257399826,train
train_3096090721,train
train_12552470,train
train_3713870024,test
train_2839862426,train
train_2028474426,train
train_3029823792,train
train_2145139201,train
train_2177317209,train
train_3345640160,train
train_1279449336,train
train_4266957336,test
train_3297564644,train
train_2181933051,train
train_2403269575,test
train_3856638227,train
train_2130576995,test
train_1015221900,test
train_2098070577,test
train_1047437598,train
train_1732618409,train
train_2411298280,train
train_2984018722,train
train_1924271441,test
train_3367411434,val
train_2868398899,train
train_1695975458,train
train_1115988605,train
train_1517747731,train
train_3206803259,train
train_1614896005,test
train_3179721258,train
train_3350886326,train
train_1348965090,val
train_1387854675,train
train_1730730212,val
train_571323360,train
train_2705824587,train
train_543776689,val
train_2788763359,train
train_2221573232,train
train_1201407994,test
train_1454497638,train
train_2761550356,train
train_3010730614,train
train_265896647,train
train_585869162,train
train_679832588,train
train_1728258079,train
train_956826608,train
train_1624543033,test
train_1141612586,train
train_2755777564,train
train_750786421,train
train_42167677,train
train_3153048487,test
train_2826039396,train
train_1792321930,train
train_4224125539,train
train_1906081637,train
train_2056969464,train
train_4074542804,val
train_3916113806,train
train_2016267319,test
train_70428930,train
train_1986607518,test
train_1796064388,train
train_3080356974,train
train_4266263839,train
train_1455488195,train
train_2168404288,val
train_2663105132,train
train_1718950521,train
train_1374155343,train
train_2492150680,train
train_178937166,test
train_2254773815,train
train_3063297687,train
train_1213563483,test
train_760830895,train
train_3773330296,train
train_3353660882,train
train_4142378068,train
train_11154383,train
train_685755098,test
train_2952505537,val
train_789232345,test
train_1640698067,train
train_3633935327,train
train_606246793,train
train_2643650049,train
train_1550866121,val
train_2153640171,train
train_2011411088,val
train_2312433582,train
train_371718576,train
train_516595527,train
train_1127938265,train
train_2755043437,test
train_2996797715,train
train_441554325,train
train_2182605696,test
train_3243506886,val
train_3046541493,train
train_241900238,test
train_1877117658,train
train_3889949936,train
train_2892571048,train
train_3251131555,train
train_1507840983,test
train_3528024069,test
train_3560974982,train
train_1287258108,train
train_2428181036,train
train_46708980,train
train_3104668055,train
train_2316512667,train
train_2234517344,train
train_959243812,train
train_3144803295,train
train_2294091935,train
train_385704023,train
train_41934993,train
train_3376069100,train
train_3046347473,train
train_2978602458,train
train_1251867678,train
train_3744976705,val
train_737183439,test
train_591677732,train
train_2400897732,train
train_2913593726,train
train_3419886683,test
train_504064537,train
train_66316773,train
train_2365939892,train
train_2658391823,train
train_1903356053,train
train_604544871,train
train_771383342,train
train_3149691093,train
train_4219442185,test
train_597268630,train
train_2093765574,test
train_3860279687,train
train_332904440,train
train_4148271624,train
train_540475989,train
train_1761926031,test
train_3340557973,test
train_2671281870,test
train_3486930,val
train_1016615244,train
train_1581274011,val
train_46457155,train
train_281513862,train
train_394500320,train
train_456597471,test
train_1299985815,train
train_2336770602,test
train_1141290439,test
train_2590602001,test
train_1155475723,train
train_2883076277,test
train_3721448969,val
train_746086662,train
train_2325786285,test
train_4122646092,train
train_4198998445,train
train_2215208747,train
train_4256993433,train
train_508508352,train
train_2707877432,train
train_569895252,train
train_2632772329,train
train_1074872479,train
train_3064295953,train
train_3031432553,train
train_3593324238,train
train_1779083935,train
train_2822440446,train
train_1338992777,train
train_512689054,train
train_9603698,val
train_2175692923,train
train_2180188476,train
train_1137937629,train
train_3097411763,train
train_1436511798,test
train_3674243665,train
train_712719518,train
train_1207972134,train
train_2559656827,test
train_3764764705,train
train_3226548381,train
train_181124553,train
train_266334478,train
train_2996263033,train
train_3641571997,test
train_1291427420,val
train_4161764350,train
train_3079913088,train
train_3848087480,test
train_1399365354,train
train_2684389901,train
train_1373431578,val
train_1724283836,train
train_3586402681,test
train_3193454385,train
train_4289004463,train
train_626167364,train
train_493255960,test
train_3697741183,train
train_921034299,train
train_1392110489,train
train_2213970708,test
train_549832589,train
train_366439261,train
train_2071992938,train
train_1435359435,train
train_3469428858,train
train_379409893,train
train_76844765,train
train_3682122294,train
train_2846997381,train
train_2123027136,train
train_2769154320,test
train_957884760,train
train_3670292298,train
train_3645016213,test
train_4115753752,test
train_2773385920,val
train_1614570990,test
train_2054427851,train
train_440662905,val
train_3860454810,train
train_1535611996,train
train_304216210,train
train_1914183964,train
train_1243634998,test
train_2710446939,train
train_3415044371,train
train_2872490186,test
train_477153024,test
train_3055899838,train
train_1386530135,train
train_3807439897,val
train_2845746270,val
train_3185949057,val
train_940846545,train
train_3515837310,test
train_4178499866,train
train_3282443439,val
train_2970994375,train
train_2259805360,train
train_1702956523,train
train_2936060657,train
train_914598745,train
train_4147529715,train
train_3762471292,test
train_3442012389,train
train_1086514400,train
train_1496458006,train
train_393846135,train
train_75754361,train
train_3455402157,train
train_174514121,train
train_3556411439,test
train_4240921536,train
train_4066627404,train
train_2732040477,train
train_2392150148,train
train_4144490801,train
train_694402515,val
train_221973790,train
train_2504376116,train
train_57155817,train
train_427301981,test
train_1246249561,test
train_874408408,val
train_4162284024,train
train_433462825,val
train_215582051,train
train_2748139905,train
train_670269322,test
train_3868975875,train
train_4103961173,train
train_1353859327,train
train_1467168729,val
train_3919702208,val
train_2942491561,val
train_1697120834,val
train_434758968,train
train_3082342488,train
train_687890327,test
train_3451381244,train
train_3001084595,train
train_1075686164,train
train_2227817513,train
train_1271316815,train
train_180252442,test
train_1635325326,test
train_749235351,train
train_3502389131,test
train_3518876927,train
train_3896905096,train
train_4114691567,train
train_2799355523,train
train_965135960,val
train_1683233943,train
train_1226824494,train
train_1045278668,test
train_2829334594,train
train_747105122,train
train_3068352776,val
train_2010692156,train
train_2585576903,train
train_3224297153,train
train_2861487701,train
train_4075935993,test
train_512631287,train
train_1697917803,train
train_3926075153,train
train_1067188063,train
train_1485694939,train
train_2297983152,train
train_3915145084,train
train_1018878061,test
train_2850264987,train
train_936616636,test
train_85664105,train
train_2707898039,train
train_4275115419,train
train_3793111673,test
train_52969503,train
train_1868446977,train
train_1817895323,train
train_1936892244,train
train_1069274237,train
train_46271801,train
train_3067677018,train
train_216145785,train
train_4193642390,train
train_3936088130,train
train_744696458,train
train_1634320893,train
train_1496467514,train
train_2404308803,train
train_943578855,val
train_2095256261,train
train_742285282,test
train_1931434634,train
train_873682762,train
train_297577712,test
train_1621011629,val
train_2909875130,test
train_1281072972,train
train_79094730,train
train_2610629705,test
train_2796119577,test
train_1031536489,test
train_2645957348,test
train_865654075,test
train_2725472363,test
train_1137514516,test
train_1811912380,test
train_2696365992,test
train_3057765862,test
train_2029585826,train
train_2309040654,test
train_2037948900,test
train_347760200,test
train_710223142,test
train_1579064539,test
train_657305369,test
train_2467638773,test
train_2703910866,val
train_1724394898,train
train_3233654231,train
train_398259737,train
train_3029167211,train
train_471642597,train
train_759678684,train
train_375687682,test
train_1379699273,test
train_3844243290,test
train_3817455085,train
train_1395269509,train
train_1057014380,test
train_1155145299,train
train_2341742654,test
train_882041835,train
train_3407755699,test
train_2198777813,train
train_3505720509,train
train_1087162209,val
train_2560184354,train
train_162101721,train
train_3068003427,test
train_3761278280,val
train_1729174946,train
train_3165845095,train
train_3173518646,test
train_3230518640,val
train_3038257797,test
train_1842587736,train
train_337751268,train
train_3652853162,train
train_2001755377,test
train_189856983,train
train_2342565785,train
train_2756215115,train
train_1624853001,train
train_2247031459,train
train_3145317361,train
train_4052226905,train
train_2403100464,train
train_3231888814,test
train_2309800594,test
train_2164460996,train
train_2601829104,train
train_3721008896,val
train_2564321499,train
train_4215454206,train
train_2373823959,train
train_3608667970,train
train_1436890943,train
train_2647661078,train
train_3463322056,train
train_789743463,test
train_2650350899,train
train_2044509526,test
train_440089241,train
train_3568368771,val
train_182504004,train
train_1781422805,test
train_3310363017,test
train_247480412,test
train_927436148,train
train_1935352089,train
train_3075488911,val
train_1454761061,train
train_4117291245,train
train_1543971865,train
train_596950898,test
train_3563370350,test
train_277365568,train
train_2736114669,test
train_3536876256,train
train_994309625,train
train_728790647,test
train_4135724288,test
train_2247566755,train
train_3178572575,train
train_859469363,train
train_3480201825,train
train_3321213276,train
train_2756883075,test
train_2883698761,train
train_2046198862,train
train_1986876455,train
train_3773611946,train
train_3865215107,train
train_2949260749,train
train_1306380038,test
train_3233101063,test
train_2594134040,train
train_1716984474,train
train_3854473583,train
train_3898909357,train
train_4083220326,train
train_574602672,train
train_432509608,train
train_3717713529,val
train_828516639,train
train_2681963154,train
train_3263820131,test
train_4218482199,test
train_3170101254,train
train_3885562832,train
train_4127521975,train
train_2302456975,test
train_2986274592,test
train_310585191,train
train_1550472148,train
train_3330388894,train
train_221914713,val
train_2798556422,train
train_1947399809,test
train_120345533,train
train_2436241419,train
train_1262922683,test
train_2980696682,train
train_80306778,train
train_1169995694,test
train_300969575,val
train_3992946890,train
train_3597673469,train
train_4274092758,train
train_2057694127,train
train_1041717243,train
train_792584974,train
train_1554691608,train
train_811554006,train
train_2387018532,train
train_1664442278,train
train_3250815363,train
train_350811099,train
train_79665840,train
train_2773541868,train
train_3989014582,train
train_799815430,train
train_1094227913,train
train_2397062906,train
train_3926700410,train
train_4275331274,train
train_3670597890,train
train_2051056265,train
train_2608167145,train
train_1753953823,train
train_2213461229,train
train_943991353,train
train_2519787254,train
train_993283245,train
train_3023774453,test
train_3132941007,train
train_4189926013,train
train_932644594,train
train_1529645983,test
train_2147095743,test
train_2150644928,test
train_263002923,test
train_3316147500,test
train_992327432,train
train_2288947714,val
train_886700461,train
train_1967947734,train
train_2368942896,test
train_937817409,train
train_565560978,train
train_3067518058,train
train_2134582669,train
train_3683883399,train
train_3235831356,train
train_4128551344,train
train_2711980740,train
train_3065326829,train
train_753395825,train
train_3561675326,train
train_3063102514,train
train_1300261839,train
train_959095645,train
train_516557280,train
train_2332310353,train
train_975873845,train
train_1595893549,train
train_1508335846,train
train_2381497514,train
train_3372204620,train
train_3266666219,train
train_1137655085,train
train_1036569790,train
train_2786686637,train
train_414310144,train
train_4025646931,train
train_602858172,test
train_3179134724,train
train_2002525228,train
train_38809329,test
train_3020585565,train
train_473068450,train
train_2680077321,train
train_3357267393,train
train_4101665190,train
train_2598347612,train
train_3554470253,train
train_2828847826,test
train_2830241701,val
train_242243239,test
train_2571823726,val
train_2122522366,train
train_3094187312,train
train_4190860175,test
train_3779193565,train
train_1635661557,val
train_614699818,train
train_3748381855,train
train_2476934349,train
train_1870694048,train
train_1103521502,train
train_3211644055,train
train_1049248061,test
train_4054416612,train
train_732167048,train
train_1580073987,train
train_1918836135,test
train_526575328,train
train_1353739702,train
train_3660307497,val
train_1221869335,train
train_246304648,train
train_61335486,train
train_3593067686,train
train_3779080322,train
train_2911214733,val
train_1711728185,train
train_2843499006,train
train_367133001,val
train_1327958470,test
train_1110030382,test
train_222937128,train
train_376426714,val
train_4022562985,train
train_1571837329,test
train_1704405556,val
train_2514186663,train
train_620645144,val
train_3495621746,val
train_441809943,train
train_2682634306,train
train_3116122701,test
train_3424153955,train
train_440180558,train
train_2000690238,train
train_3161565342,val
train_1982575684,test
train_2818503614,train
train_951752078,train
train_523828390,train
train_2913373542,train
train_504965579,train
train_525669778,train
train_2729410112,train
train_765194051,train
train_60927732,train
train_2061229860,train
train_1366538029,train
train_3709603918,train
train_4282650241,train
train_1721789592,train
train_490319842,train
train_2118604314,train
train_2435210515,test
train_998144827,train
train_4174941862,train
train_1692102743,train
train_1865324765,train
train_1747828851,train
train_313181288,train
train_3088297643,test
train_274485277,test
train_4180620038,test
train_547251310,train
train_2370905946,train
train_1154200161,train
train_3041237187,train
train_1889675842,train
train_3984726286,train
train_1034044893,train
train_3911896172,test
train_3294617720,train
train_13509428,train
train_2868103089,val
train_184610476,train
train_4077143506,train
train_2204364779,test
train_4179592557,test
train_3027951236,train
train_1077116899,train
train_243970603,val
train_855921789,train
train_498113865,val
train_2664484816,val
train_1552903494,train
train_4108324256,train
train_3955856802,val
train_556785717,train
train_376759518,train
train_2579144845,test
train_7591546,train
train_3710988374,train
train_3494373743,train
train_1498884418,train
train_1956479854,train
train_412421673,train
train_2288514435,train
train_1622572358,train
train_2591205972,test
train_3142790980,val
train_2703495625,val
train_40010400,train
train_995581845,test
train_4291639514,train
train_4041672091,train
train_273157919,test
train_1126492264,test
train_2405454252,test
train_92819142,train
train_1224655468,train
train_799607073,test
train_3231093632,val
train_3663708207,train
train_3830237130,train
train_2053257937,train
train_2155630200,train
train_1882046254,train
train_334578980,train
train_696676243,test
train_4068531521,train
train_37617736,val
train_2475719623,train
train_246181346,test
train_3681071861,train
train_3638947527,train
train_1175538263,test
train_1111253649,train
train_2015836428,train
train_2905237738,train
train_3947948971,train
train_2897766316,train
train_1450409405,train
train_2023353667,val
train_3572139356,train
train_3483416730,train
train_2986571983,test
train_601616591,train
train_348787391,test
train_4291296662,train
train_2069939857,train
train_3601363718,test
train_1578674650,val
train_4171229364,train
train_866298204,test
train_1091296211,test
train_1240888950,train
train_3063563905,val
train_2143789996,train
train_1085378400,train
train_1973565181,train
train_2224034777,test
train_2815775101,train
train_1538560683,train
train_3160091867,test
train_233814317,train
train_1146705358,test
train_1235353611,val
train_568457576,train
train_1101555713,train
train_777792180,train
train_3368781879,train
train_560934714,train
train_1902941129,test
train_2298719831,test
train_1990735800,train
train_1827389723,test
train_3258399127,train
train_4268735566,train
train_2205352311,test
train_2172282321,train
train_3027298603,train
train_1968568473,train
train_1732579232,test
train_1092189973,val
train_1882936884,train
train_1419788099,train
train_2768037304,val
train_4285215036,train
train_2950073828,train
train_56909310,test
train_3705048650,val
train_917963459,train
train_1811982877,train
train_892703091,train
train_3211588948,train
train_2099986479,train
train_2144881134,train
train_2682076840,train
train_3885374794,test
train_3872555759,train
train_1935847073,train
train_3996100797,train
train_1210851301,train
train_4124416989,train
train_1233341412,test
train_3182318145,train
train_861749551,train
train_904305218,train
train_3925771802,test
train_896020335,test
train_219773603,train
train_1325653054,train
train_3649296199,train
train_1712187617,train
train_3695373222,train
train_1959213357,val
train_2350088176,test
train_2922316419,train
train_229602090,train
train_3573177213,train
train_3200079888,train
train_2269949351,val
train_3023221946,train
train_3954593857,train
train_4235440904,train
train_238144729,train
train_994877189,train
train_1038716161,train
train_1073929789,train
train_2753726943,train
train_2643576800,train
train_772448736,val
train_428114583,train
train_1668710076,test
train_2171237047,train
train_1070236126,train
train_1950451924,train
train_692532520,train
train_1044709849,train
train_2339161964,test
train_1700368537,train
train_583769103,train
train_2597375840,test
train_4012096418,test
train_1762988955,train
train_910731394,train
train_563193178,train
train_2500776537,test
train_170026144,val
train_3029569585,test
train_1431545311,train
train_3068298771,train
train_523829845,train
train_687452826,train
train_3401474339,test
train_2585349219,train
train_3940412640,train
train_2351095825,train
train_4242429003,test
train_1401523832,train
train_2819072488,train
train_315404011,train
train_4191800526,train
train_2222653714,test
train_1241064595,train
train_2070644662,test
train_1989507823,val
train_2303562415,test
train_2201316937,test
train_3604382153,train
train_1494918260,train
train_955328950,train
train_2574137445,train
train_479485479,train
train_2038164922,train
train_3312886569,train
train_3949352294,train
train_2228949305,train
train_190048469,train
train_620385664,train
train_4151182006,train
train_3916230011,val
train_2297530376,val
train_926129752,val
train_1138778138,val
train_65208909,val
train_1361510065,train
train_2665477296,train
train_776881875,train
train_3167956021,train
train_915755841,train
train_837037146,train
train_4277946571,test
train_2998270225,train
train_3214631582,train
train_2049769078,test
train_862823398,val
train_2102495576,test
train_450132675,train
train_1618047813,train
train_2317665949,train
train_2293886082,test
train_1419841124,train
train_1952855662,train
train_2075934561,train
train_430261515,train
train_4067343287,train
train_813446503,train
train_1933748778,train
train_2242777994,train
train_1871892440,train
train_312161240,train
train_4147023175,train
train_3348265870,train
train_821371752,train
train_1197118860,test
train_2622487390,train
train_3726101784,train
train_2716790579,train
train_713073906,train
train_1436755662,val
train_3091617893,train
train_988652341,val
train_3803689425,train
train_1255691632,train
train_1775558132,train
train_612140382,train
train_2038657810,test
train_2038773315,val
train_3866815134,train
train_4084959673,train
train_732044554,train
train_2933908043,train
train_4100678614,train
train_2083014689,test
train_1354709869,train
train_33605390,train
train_3227612239,train
train_1880076251,train
train_124377053,train
train_1759697718,test
train_723125035,test
train_2707736222,train
train_2113990994,train
train_3905489438,train
train_1665953002,train
train_1555064157,train
train_959253242,train
train_4139264827,train
train_3545832035,train
train_2548559441,test
train_3501621399,train
train_1749149372,train
train_3587384027,train
train_1811827718,train
train_3799432791,train
train_416476334,train
train_1520503620,train
train_3141577248,train
train_4194524322,train
train_396910716,val
train_969778313,val
train_3361682975,train
train_3444915315,test
train_2707810740,test
train_3717230068,train
train_958305722,train
train_2525160586,train
train_2430232637,test
train_3892079499,train
train_2494474908,test
train_2129451181,test
train_1277497192,train
train_3029160558,train
train_94492375,val
train_2828081730,train
train_1745241070,train
train_3265145891,test
train_2300905677,train
train_592729787,test
train_935652209,test
train_2260517888,val
train_1989130394,train
train_1035347361,test
train_1337416323,train
train_3688351381,test
train_516561771,train
train_4036886801,train
train_1070010002,train
train_3413895881,train
train_1606090489,train
train_3411508446,val
train_3375561544,val
train_3059577431,train
train_777084333,val
train_1559794917,train
train_1997916355,val
train_4167264971,train
train_3548269661,train
train_1927662855,train
train_3932867756,train
train_1319219948,test
train_2887993568,train
train_3934268850,train
train_656399081,train
train_3649854254,val
train_3951118971,train
train_2203032040,train
train_2896010234,train
train_3066103321,train
train_2774895038,train
train_1203349175,train
train_2613303687,train
train_2031864597,train
train_1869046889,train
train_3823982686,train
train_3948719499,train
train_1208909906,train
train_2800601785,train
train_1812954730,val
train_3355359498,val
train_2384375103,train
train_3703926004,train
train_1799169835,train
train_493010813,train
train_1714924923,train
train_2632398151,train
train_845483857,train
train_3389297708,train
train_1890023758,train
train_3725246939,train
train_1159470935,train
train_1404869015,train
train_249101808,train
train_1892071670,test
train_1856503902,train
train_2472422135,train
train_2736134883,train
train_1169545518,val
train_2014848098,train
train_3552551675,train
train_486271662,train
train_2378843204,train
train_3074841276,train
train_1338525213,train
train_1072756022,train
train_804855891,train
train_3060575347,train
train_3970829109,train
train_1323486053,train
train_3032719416,train
train_1748381393,train
train_423801350,val
train_1260838099,train
train_2502536392,val
train_2973180059,train
train_1653525956,train
train_2869367127,train
train_1521816923,test
train_310906010,val
train_469833746,val
train_1511839852,train
train_402969553,val
train_2340943573,val
train_587733705,train
train_3225507994,train
train_3946521443,train
train_1045183127,train
train_1705426088,train
train_3759033640,train
train_3861706055,train
train_1356349099,train
train_1192450563,test
train_4072174502,test
train_2991414224,test
train_3404645240,train
train_1531841561,train
train_818254376,train
train_2307506620,test
train_1228422030,train
train_3161282010,train
train_810445622,val
train_1563067972,val
train_2508550948,train
train_2268138325,val
train_530748207,test
train_3830535147,train
train_2806242667,val
train_4281326002,val
train_3577874568,val
train_3288010102,train
train_1909511357,val
train_2556317633,val
train_3712575369,test
train_3601996144,train
train_2936941891,val
train_2005195364,train
train_2321848244,train
train_712759918,train
train_315589968,train
train_4038550686,train
train_3337950098,test
train_1605486021,train
train_3266321661,test
train_3049211086,train
train_3621984578,test
train_1061190445,train
train_2130359180,train
train_1628446562,test
train_2330549977,train
train_543815701,train
train_106714898,train
train_3266781750,test
train_3989932163,train
train_1364606490,train
train_2616510041,test
train_3007328370,test
train_1192550962,train
train_4065215098,train
train_1452219344,train
train_1627499114,train
train_4238388589,train
train_3257824831,train
train_2054810163,test
train_1115241425,val
train_1406926365,train
train_1221967896,train
train_1341726618,train
train_3552134464,train
train_4158029483,train
train_2664702884,train
train_668544495,val
train_2140425851,train
train_761861378,train
train_2895860927,train
train_1471123207,train
train_3027822896,test
train_3546435169,train
train_1964231285,train
train_848190683,train
train_4248704519,test
train_90485472,train
train_2880107116,train
train_2107380179,train
train_1802065915,train
train_213152841,train
train_113139220,train
train_23279671,train
train_1734626670,val
train_291079980,train
train_693293648,test
train_1756275551,train
train_1703864802,test
train_2852919680,train
train_976121404,train
train_3302537473,train
train_2404463934,test
train_2496482426,train
train_3143754171,train
train_3694650762,train
train_1321032898,train
train_2477797435,train
train_166658926,train
train_2474858923,test
train_1848391987,train
train_2949564417,train
train_820001237,val
train_3836351737,train
train_1040603971,train
train_3688789080,train
train_3598651623,train
train_1286279914,train
train_2153474729,train
train_1390652164,train
train_1885696213,train
train_2559827625,test
train_873534641,train
train_1439307810,train
train_1356747244,train
train_634462410,val
train_653113369,train
train_2912878889,train
train_3715533226,val
train_1889317897,train
train_1168615490,train
train_1195310385,train
train_2060099341,val
train_2653367032,val
train_419293409,train
train_1428851119,test
train_4113811478,test
train_2279516670,test
train_2423479711,train
train_2880496291,train
train_4203822453,train
train_458133036,train
train_1256813925,train
train_2440532965,train
train_3908268805,train
train_2861715765,train
train_3742749629,train
train_614861081,train
train_739685942,train
train_2321637951,train
train_2380185610,train
train_2009053679,train
train_3973279405,train
train_2550577184,train
train_1826074408,test
train_4073121552,test
train_4103528992,train
train_3539749799,val
train_4165664945,test
train_1171176454,train
train_3762946612,train
train_2730412584,train
train_3051242375,val
train_3188653148,test
train_3223775391,train
train_1974918713,train
train_3398864479,test
train_3263476932,train
train_2958646672,val
train_3004287460,test
train_3234219091,train
train_975854954,train
train_836450777,val
train_740473821,train
train_2643279218,val
train_1258915345,val
train_2931965732,test
train_1504499709,train
train_222157252,test
train_366645605,train
train_2758727762,train
train_1732576137,train
train_1991755701,train
train_4010442759,val
train_3239526391,val
train_3997991473,val
train_2608645033,val
train_2393094681,val
train_2223616033,train
train_3473740373,val
train_1774444915,test
train_3247630246,train
train_1959378223,train
train_827425880,train
train_2984359562,test
train_1481142988,train
train_1643862736,train
train_1140442596,test
train_1570099980,test
train_3179575606,test
train_368885408,val
train_3597993320,test
train_1369066694,train
train_4163887654,val
train_1740050950,val
train_781276498,val
train_2925028325,train
train_2240908048,train
train_3021876224,train
train_3621399552,train
train_538334391,train
train_3905397940,train
train_3767429033,train
train_4141100786,train
train_3570007076,test
train_1796729901,train
train_2945437366,test
train_2277741503,train
train_95855497,train
train_1149080226,train
train_680876417,train
train_2075527336,train
train_2696622319,test
train_589166586,train
train_108226725,train
train_3020326339,train
train_2701932037,train
train_2665286746,test
train_819213426,train
train_2980805870,train
train_1028454235,train
train_4045256346,test
train_518391199,val
train_563965822,train
train_340338458,train
train_1760578670,test
train_353941535,train
train_3497334286,train
train_1506603376,train
train_2597732275,test
train_3498919692,train
train_3974705299,train
train_2522949266,train
train_3842956418,train
train_768620078,train
train_2752113091,train
train_1095693905,train
train_3179636179,test
train_717207601,train
train_811669499,train
train_1131083894,train
train_2700252600,train
train_2707125211,train
train_1828502061,train
train_152227271,train
train_43545999,test
train_2134739155,train
train_1503166821,test
train_1094056893,train
train_1221275900,test
train_3975815422,train
train_4207580532,train
train_3544585519,train
train_4259191837,train
train_2534415584,train
train_3901651266,train
train_1653990148,train
train_986102024,train
train_3774908548,train
train_2148094647,test
train_1188083768,train
train_1433411707,train
train_2561801352,train
train_373373056,train
train_4102163551,train
train_552839877,train
train_3247768979,train
train_289136999,val
train_3174866785,train
train_2054585385,test
train_3218337567,train
train_3895065062,train
train_1031341384,test
train_780358563,train
train_3236057806,train
train_2484928669,train
train_279948046,train
train_4062952348,test
train_2678063394,train
train_3085012629,train
train_3928568508,train
train_105822633,train
train_3027104316,test
train_4201808809,test
train_3066974733,train
train_3124677028,train
train_507063420,train
train_2106069446,train
train_1862469017,train
train_3176717508,train
train_3928859431,test
train_3030464872,train
train_2256371411,train
train_2895720387,train
train_1406554036,train
train_2955143431,test
train_4256093396,train
train_671501743,train
train_3082599877,train
train_1346769688,train
train_580250751,train
train_969053636,train
train_683389340,test
train_2438406252,train
train_906952721,train
train_2011551199,train
train_3315148027,test
train_1309706127,train
train_370409582,train
train_2678176944,train
train_3306786378,val
train_3364801497,train
train_2229621134,train
train_3108207374,train
train_3318289403,train
train_1905127922,train
train_1315894390,train
train_1643321911,train
train_1216685831,train
train_3454137276,test
train_3262901926,test
train_4158899012,val
train_832846394,val
train_898465245,train
train_3975506092,test
train_3634791023,train
train_3441052717,train
train_2507192004,train
train_1426830815,test
train_4036122507,train
train_1490903038,train
train_672748044,val
train_2097408566,train
train_2977067623,train
train_3608793162,train
train_3098055618,test
train_4111768875,test
train_3733529870,test
train_2966730711,train
train_2014256248,train
train_3047994470,train
train_1903714561,train
train_2588154390,test
train_161525974,train
train_4085411104,train
train_2102515477,train
train_510867845,val
train_1625053012,train
train_3623017822,val
train_3889224624,train
train_2850080198,test
train_3971819850,test
train_414128118,train
train_1625006988,train
train_564327200,train
train_1433595478,train
train_208212198,train
train_120268820,val
train_2900679653,test
train_1045050673,train
train_2475874814,test
train_3488357475,train
train_2079374740,train
train_820753176,test
train_2220429752,val
train_1007599040,test
train_3825184310,train
train_4044907610,train
train_703000735,train
train_3909851547,train
train_1029583218,train
train_527789963,train
train_3945694365,train
train_3639412783,train
train_1771959528,train
train_3134734392,test
train_2745892269,train
train_3049359555,train
train_3745592705,train
train_2626445228,train
train_1912961508,train
train_3856350763,train
train_133691703,test
train_2473895220,train
train_2024298911,train
train_3759767545,train
train_4273759865,train
train_2075589358,train
train_3215235867,train
train_652377551,train
train_1420833906,train
train_328925919,val
train_561778870,train
train_462510413,train
train_364866591,train
train_1237789874,train
train_594568402,train
train_1117596945,train
train_555512848,train
train_2305593182,train
train_2254744181,train
train_4049817380,train
train_1771033152,train
train_3401049890,test
train_1684493365,train
train_493409579,train
train_2436613046,train
train_2814483537,train
train_3390752656,val
train_3893249542,test
train_2946841239,train
train_3630484623,train
train_1801318614,train
train_2061054592,test
train_897516892,train
train_2909935125,test
train_3743243907,val
train_1598618267,train
train_2860267016,train
train_4078545104,val
train_4290732312,val
train_1477190916,test
train_1711622827,train
train_1583966411,train
train_2817518170,train
train_2392120066,test
train_596453395,train
train_1511481029,train
train_2254253431,test
train_1093266911,test
train_1961623800,train
train_1135192872,test
train_3471968240,train
train_2904822274,test
train_1151066415,val
train_3104413883,test
train_23153029,train
train_761478112,train
train_1284417028,val
train_3817468745,train
train_3081115912,val
train_631312859,test
train_2320683345,train
train_303924262,train
train_1518618604,train
train_1558118260,train
train_3067144805,train
train_2818012534,val
train_3827216582,train
train_979049616,train
train_3410383219,test
train_2556518446,train
train_3653834054,train
train_2979455279,test
train_118205102,train
train_749424915,train
train_147531330,train
train_2606026595,train
train_1013347291,train
train_1696674312,test
train_935878412,train
train_3145458285,val
train_3796306220,train
train_3460402127,train
train_295710860,train
train_2633812284,train
train_1678312175,test
train_1915680148,train
train_2644772190,train
train_3774413841,train
train_2585510470,train
train_2852860388,train
train_1046588898,train
train_2355427175,train
train_1261928472,test
train_70119556,val
train_3417411762,train
train_1299268426,train
train_3376731083,val
train_3677421060,test
train_1202294556,train
train_2953321817,train
train_1091882999,val
train_4222314445,train
train_2867824374,train
train_1355357324,train
train_2801650287,train
train_3630060052,train
train_285060329,train
train_4278651700,test
train_3781491990,test
train_18854983,train
train_2519857489,train
train_468852370,train
train_3219768373,train
train_1637966542,train
train_2496902189,train
train_4115668377,test
train_3323551657,train
train_3601574322,train
train_322202452,train
train_1028056625,train
train_1203071947,val
train_1193753818,train
train_3888624974,train
train_3344702437,test
train_2052876872,train
train_1753284918,train
train_2881913793,train
train_1951611271,test
train_1311802423,train
train_2829546697,train
train_972685233,val
train_4109824724,train
train_1722198660,train
train_2644123547,train
train_4045129182,train
train_61768663,train
train_1568613053,train
train_2897747141,train
train_540187950,train
train_1303998779,train
train_1371414985,test
train_962500045,test
train_1613407275,train
train_3813445001,test
train_1513451860,train
train_2073771743,test
train_999948407,val
train_1942584721,train
train_2968742187,train
train_1385619895,train
train_939791381,train
train_1093722453,train
train_48512173,train
train_2390581259,test
train_991683036,train
train_3672279995,train
train_1619919993,test
train_833869026,train
train_1272226614,train
train_145933713,val
train_310317718,train
train_799279222,train
train_4048980481,test
train_3096787179,train
train_2985745355,train
train_778950385,train
train_1418333796,test
train_4015729786,train
train_2210504285,test
train_3970774847,test
train_2372612525,test
train_2961715253,train
train_1522198144,train
train_1337473913,test
train_1664242106,train
train_4094410689,val
train_1940918653,val
train_1362455334,train
train_3553827346,train
train_2111021441,train
train_2042692811,train
train_3100122210,train
train_3434975859,train
train_1011736295,train
train_2846404271,test
train_3334011680,train
train_1832477457,train
train_2104840088,train
train_1059042987,train
train_1980285831,test
train_3477608588,train
train_2547499561,train
train_2778318902,train
train_1185861938,train
train_3841419866,test
train_2494421934,train
train_1439009721,test
train_1784610284,train
train_1789834898,train
train_1789201114,train
train_3071236348,test
train_1006978144,train
train_1180097680,train
train_231266975,test
train_3046606835,test
train_2469087948,test
train_242628912,train
train_2399091212,train
train_430453609,val
train_2579920306,test
train_1541231319,train
train_2047191940,train
train_1499728024,test
train_3206284258,train
train_1002536414,val
train_3009717425,test
train_3178048969,train
train_477569918,test
train_3307737696,train
train_3154587268,train
train_1485810730,train
train_803928543,test
train_1031096173,test
train_2957238020,train
train_1862551173,test
train_47863261,train
train_3121246709,train
train_3925450508,val
train_1529317076,val
train_2420045151,train
train_4049149260,train
train_2575016144,train
train_3879974834,test
train_3577838791,train
train_827596102,test
train_3785111180,train
train_776789193,train
train_3805633036,train
train_3499749974,test
train_159875506,train
train_4201202784,train
train_324353405,train
train_529669156,train
train_3845243484,test
train_617172076,train
train_3036907789,train
train_3773454465,test
train_1679225996,train
train_3496328477,train
train_2739737,train
train_1368183643,train
train_2119254803,test
train_1122624834,train
train_1272941766,train
train_2576092257,train
train_682604377,train
train_3683062250,train
train_4127215717,train
train_389026721,train
train_4073062439,test
train_208234425,test
train_1400663271,train
train_2383190968,train
train_1598794989,val
train_3868067061,train
train_1950488887,val
train_2698691981,train
train_2020751987,test
train_3699065712,test
train_275691063,test
train_3415176738,train
train_638829846,train
train_4189323816,train
train_4188068712,train
train_2526104557,train
train_3220988362,test
train_3734810219,train
train_1336164159,train
train_3704239310,train
train_3911098311,train
train_2276016884,train
train_3364056434,train
train_683018646,test
train_2108708818,test
train_4265525736,train
train_4227076793,train
train_3704312336,train
train_3827069215,train
train_3000881053,val
train_566845133,train
train_947996033,train
train_680114800,train
train_4183928311,train
train_2198868723,train
train_3609122916,train
train_2728962228,test
train_1054326784,train
train_3212060497,val
train_931394159,test
train_2089477188,val
train_2002861547,train
train_2460467218,train
train_267519196,train
train_2136070630,test
train_2455285748,train
train_3419746172,train
train_3832481577,train
train_227266956,train
train_3506122974,train
train_1893344062,train
train_2358192567,train
train_91100383,train
train_1005855462,train
train_2297568818,train
train_3719788150,train
train_4282860315,train
train_248666083,train
train_3334600223,test
train_3932519738,train
train_3915633881,train
train_3191139930,test
train_1782298045,train
train_2778788568,train
train_2471557367,train
train_3979655453,test
train_3801475524,train
train_4081050338,test
train_1018552940,train
train_45159365,test
train_2005322759,val
train_1054469320,train
train_1064246858,train
train_3645722774,test
train_3985757183,train
train_2292560340,test
train_2522722799,train
train_2893672897,train
train_3767689484,train
train_3767342921,train
train_2695866237,train
train_497438430,train
train_2435771807,test
train_77384994,train
train_3064066145,train
train_567083000,train
train_3188845840,train
train_1085708244,test
train_3745298282,train
train_928879579,test
train_491626969,train
train_3103174374,train
train_2764381573,train
train_1806833997,test
train_1333116197,train
train_2416128466,test
train_2664816648,train
train_3767704387,train
train_3579559523,train
train_2485448225,train
train_211876938,train
train_596706661,train
train_3144828514,train
train_1093276225,train
train_2410479817,train
train_2358891377,test
train_1899874465,test
train_2100952965,train
train_1579281300,train
train_3559799906,train
train_4262028797,train
train_343915223,train
train_1643505891,train
train_143031739,train
train_3076906306,test
train_2379827418,train
train_2895063280,train
train_3308498944,train
train_1331718532,test
train_754194044,train
train_1549326319,train
train_1766344220,train
train_1735656123,test
train_1527835932,test
train_1409688625,train
train_2025184125,val
train_4164253931,train
train_1780574535,train
train_1413149748,train
train_2983368523,train
train_1392244354,train
train_2323522436,train
train_4090453138,val
train_131192958,val
train_209193756,train
train_2688112847,train
train_2616140019,test
train_3804196065,test
train_3090801083,test
train_712135275,train
train_3059283603,train
train_1767192190,train
train_587369021,train
train_564180129,train
train_853953669,train
train_1768605850,train
train_3061183438,train
train_2514122916,train
train_51482426,train
train_3652618812,train
train_2698350312,test
train_2692406623,train
train_882347204,train
train_680631312,train
train_727305597,train
train_273903444,train
train_1016678628,train
train_2935267235,train
train_3315734607,val
train_624813032,test
train_3413147393,test
train_686359576,test
train_639185468,train
train_2440274989,val
train_3947597503,train
train_1895339454,train
train_908163672,train
train_2039859340,test
train_427605283,train
train_3089842608,train
train_1623510854,train
train_811598636,train
train_171330175,train
train_4166994908,train
train_2459562529,test
train_2380858527,train
train_2071245538,train
train_2385381328,train
train_3939162430,train
train_3350532618,train
train_185784233,train
train_1510202817,val
train_1810651616,train
train_20033323,train
train_2399705889,test
train_2152967210,train
train_2958757646,train
train_4052168930,test
train_1365397645,train
train_2002142421,train
train_2401198769,train
train_2984647372,train
train_2103802277,train
train_86250271,test
train_11694834,train
train_3996437906,train
train_1326770919,train
train_3156721418,train
train_3274399500,test
train_2911936657,test
train_2787344094,train
train_1506730681,train
train_2479553776,val
train_1739787394,train
train_1815231326,val
train_2397881857,train
train_455831627,train
train_101665245,train
train_2988170243,train
train_4165439640,train
train_3994555343,train
train_1916239071,train
train_3557186484,train
train_871709906,train
train_2337980102,train
train_3903304060,train
train_367434724,train
train_1565274233,train
train_997128436,test
train_2124700377,test
train_3454490184,train
train_1701305917,test
train_3725908865,test
train_2382010692,train
train_1869236154,test
train_61370821,test
train_518329032,train
train_1901161472,train
train_3913190043,train
train_165714903,train
train_3368133124,train
train_2980142573,train
train_2832212915,test
train_3904251077,test
train_2002183988,train
train_3759733339,test
train_3907198954,val
train_847268663,val
train_3230824291,train
train_680556073,train
train_3900547861,train
train_2989669919,train
train_3268275313,val
train_1121625106,val
train_2563713488,train
train_4235546006,train
train_3231265455,test
train_4186142233,test
train_485898821,test
train_887858535,train
train_98998323,val
train_177689203,train
train_4180324872,train
train_2389187409,val
train_1435982688,train
train_3198681030,train
train_4100719846,val
train_4127456291,train
train_133055695,train
train_2458321758,train
train_3086853779,train
train_911623964,train
train_393851843,train
train_3432115423,val
train_2917169596,train
train_2470256522,train
train_2485621759,train
train_3397727561,train
train_1423656815,train
train_983071994,train
train_720083329,test
train_3620897986,train
train_2213958936,train
train_4137019331,train
train_4115349508,test
train_598333422,train
train_2053092134,train
train_3686744269,train
train_2087027485,train
train_35202875,train
train_3883748682,train
train_3535662898,test
train_1233551088,train
train_2930367783,train
train_2742414112,train
train_2144873319,train
train_96812334,train
train_2143984142,train
train_620197369,train
train_308028075,train
train_2192887843,train
train_728411473,train
train_1638543603,train
train_831654226,train
train_291762729,test
train_2989593785,train
train_153330999,train
train_2187550520,test
train_2162876173,train
train_3483603360,train
train_2758318531,test
train_2087567541,test
train_287401308,test
train_2552336621,test
train_2788619332,test
train_1256689587,train
train_3434987130,train
train_3745470112,train
train_1077807850,val
train_709865314,val
train_1869272561,test
train_1219649816,train
train_3586140270,test
train_2694167109,train
train_11410916,train
train_1282300136,val
train_2962857384,train
train_2793867217,test
train_2642006627,train
train_290817970,train
train_1824611732,train
train_967317012,train
train_1516212068,train
train_659384813,val
train_533387658,train
train_1908008154,train
train_1897646511,train
train_1699265064,train
train_1538984300,train
train_2221825843,test
train_204890573,train
train_3886463775,train
train_1511537302,test
train_296287688,test
train_2072061027,train
train_3988349948,train
train_3422418629,train
train_1674892087,test
train_100225814,test
train_77206878,test
train_2055385396,val
train_4061772125,train
train_639855665,train
train_1288641697,train
train_3062659658,train
train_557971993,train
train_3768498836,train
train_2211200694,train
train_3258495870,train
train_1301796391,test
train_3141874429,test
train_3335133287,train
train_1496987276,train
train_379237438,train
train_2629875122,train
train_1871808189,train
train_2078077974,test
train_1621765047,train
train_3621247215,val
train_1620731608,val
train_1829511413,train
train_280294651,train
train_1180761758,train
train_77356149,train
train_76707000,train
train_3601030924,val
train_2839236953,train
train_614211194,train
train_1925439557,test
train_3177332159,val
train_3999656784,train
train_3947390820,train
train_3982051371,train
train_2200661537,train
train_3466106235,train
train_3221205129,train
train_2650135855,train
train_3873884211,train
train_3097670231,test
train_1519302713,test
train_1441247591,val
train_3022383025,train
train_3379442371,train
train_3238943183,test
train_111408214,train
train_2319224258,train
train_3962833855,train
train_1215239703,train
train_3544580877,train
train_3203576075,train
train_3466711153,train
train_3968896801,train
train_4005483929,train
train_2416144613,train
train_3900795631,train
train_2746407219,train
train_1044825908,train
train_1645355366,val
train_3869011751,train
train_782197349,train
train_1925689397,train
train_1371561343,test
train_3522606844,train
train_4203244639,test
train_555959245,test
train_4171906260,train
train_1941098541,test
train_1920308251,train
train_1903406095,train
train_2809551648,train
train_527098922,train
train_1344014462,train
train_3755070464,train
train_2205435914,train
train_3877660,train
train_3158525372,train
train_1461521715,train
train_4034446438,train
train_1082909547,test
train_837115883,train
train_45802343,test
train_2721999476,train
train_391807833,test
train_3068098897,train
train_2792578181,train
train_210754907,val
train_2838573674,val
train_2323869681,val
train_4026773099,train
train_792468072,train
train_1169778383,train
train_3014430651,val
train_4088829396,val
train_432874045,train
train_3893707485,train
train_292407033,train
train_2048712070,train
train_2196311910,val
train_1803590534,train
train_35904547,train
train_180909417,train
train_2737636972,train
train_3216299922,val
train_4136653170,test
train_1288580392,train
train_2177735328,val
train_2689213653,train
train_3049775345,train
train_1331695578,train
train_2345325055,train
train_2072620455,train
train_3596174987,train
train_2857297924,test
train_1672228182,train
train_113816542,train
train_134408851,train
train_3183398176,train
train_4253806661,train
train_2682214587,train
train_3873240947,train
train_411270231,train
train_2168865664,train
train_919024727,train
train_3434948187,train
train_2850035150,test
train_3249593670,test
train_3336718356,train
train_2899273805,test
train_3366394768,train
train_3393615048,train
train_3635158195,train
train_2312999637,train
train_1757747117,test
train_3016861522,train
train_1692363144,val
train_505566328,train
train_674319955,train
train_1023460870,train
train_3639024230,train
train_3302547540,train
train_2796548237,train
train_1954734897,train
train_2081303877,train
train_3194609880,train
train_678936454,train
train_2677777576,train
train_864736904,train
train_18702186,train
train_1101970760,train
train_2936129555,val
train_3739187645,test
train_1221369254,train
train_1559143544,train
train_4002415752,train
train_2831026942,train
train_155628598,train
train_867814987,val
train_3198065004,train
train_3849802991,test
train_2634690317,val
train_4191351375,test
train_840691757,test
train_161892666,val
train_1428459201,train
train_7238286,train
train_385216891,train
train_2785369420,train
train_1410753759,train
train_2091748956,train
train_4176612977,train
train_2999470385,train
train_3522099472,train
train_3315664610,train
train_3846257125,test
train_709712465,test
train_1748623447,train
train_3846259178,train
train_2634995676,test
train_524045830,train
train_1352504802,train
train_4262223059,train
train_384522329,val
train_2805201745,train
train_1794978590,val
train_1282337252,test
train_3965018675,train
train_4080360974,val
train_1638640094,train
train_539705440,train
train_2365996756,train
train_3144166639,train
train_1395418405,val
train_2969262112,test
train_1696744036,test
train_918423747,val
train_1185179339,train
train_2210785327,test
train_947637279,test
train_3702318543,train
train_1976114713,train
train_3757394530,test
train_1869814374,test
train_2445856799,train
train_1477060721,test
train_1960336918,train
train_544780812,train
train_1487547097,val
train_2299462667,test
train_3469684102,train
train_1176836098,train
train_2447247836,train
train_2326385950,test
train_2956708851,test
train_3128488716,test
train_27844203,train
train_3708275274,train
train_3602527737,test
train_2649914633,test
train_578257500,train
train_1365930208,test
train_1373019798,train
train_1687235223,train
train_2722940435,train
train_2693609978,val
train_2532143209,train
train_3875169505,train
train_678543028,test
train_3977345278,test
train_676663190,test
train_1296346872,test
train_3560535310,train
train_1333406129,train
train_4128118521,train
train_1580556972,train
train_1146614311,train
train_151114486,train
train_30790664,train
train_27081451,train
train_3175542217,train
train_960606295,train
train_618728083,train
train_4177666369,val
train_4085200670,train
train_1025514940,test
train_4232003111,val
train_3502597488,train
train_4164700068,test
train_2528472726,train
train_1858209196,val
train_4151596986,train
train_265458681,test
train_4270188069,train
train_3360129655,test
train_3237445577,test
train_2449545849,train
train_3958667406,train
train_4094143919,train
train_155805835,train
train_3225531195,train
train_1820400368,test
train_1572239907,train
train_674099945,train
train_2388251788,train
train_1362917609,train
train_2494034122,train
train_3172843749,train
train_182954187,train
train_1076794702,train
train_1925250147,train
train_2838870944,train
train_2069084742,train
train_142181421,train
train_1868585419,train
train_2029245428,train
train_1448773012,test
train_3713571218,train
train_495089538,train
train_2480072539,train
train_3926645684,train
train_2074710,train
train_693406366,train
train_2218129991,train
train_3496049931,train
train_3215545491,train
train_454271353,test
train_836224498,train
train_1025570379,train
train_1355841523,train
train_2324002878,train
train_2200164918,test
train_828747583,test
train_1900660877,train
train_3122382849,val
train_3694860223,train
train_860586951,train
train_2662733702,train
train_3547138123,train
train_358310977,test
train_1625606657,test
train_1473649598,test
train_1967974653,test
train_70830807,train
train_3763520008,train
train_826847989,train
train_1202268241,train
train_2858743462,train
train_3847377870,val
train_3720746693,train
train_3110850823,test
train_4197638801,train
train_98549156,train
train_4172573498,val
train_559243632,train
train_3443692577,val
train_2243880041,train
train_1800249664,test
train_178740844,test
train_2947002180,train
train_2178011804,train
train_1903864401,val
train_2249819613,train
train_2218583014,train
train_970371837,test
train_13334119,train
train_3674795884,train
train_3836207524,test
train_2557098099,val
train_2232201242,train
train_3672342734,train
train_3512308755,train
train_2863117640,train
train_2516003994,train
train_1781533078,train
train_2063477780,train
train_740704093,train
train_1352075209,test
train_1669477413,test
train_3298015877,train
train_3935886516,train
train_3577225871,train
train_1666674801,val
train_397616526,val
train_1350236100,val
train_3412174951,train
train_3232285918,train
train_1576122079,train
train_1243023423,train
train_240564774,train
train_2376889262,test
train_3370026803,train
train_541239583,val
train_1727398168,train
train_1999251871,train
train_1804946118,train
train_1603864394,train
train_2986675013,train
train_1951398118,test
train_151606104,train
train_756142221,test
train_3560214552,train
train_2434683709,train
train_679898798,test
train_1474234039,test
train_1061790428,train
train_552351667,train
train_3212417314,train
train_2504125035,val
train_969632246,train
train_2222016156,test
train_627521020,train
train_1128545602,train
train_4061426993,test
train_3038150317,train
train_2046107099,train
train_1488342830,train
train_2422413843,test
train_1562285690,val
train_3126767251,train
train_3134779648,train
train_1444445591,train
train_3402225365,train
train_1831641424,train
train_3642562126,train
train_1975054729,train
train_1494787327,train
train_3770852054,val
train_3997537488,test
train_4228874881,train
train_1249755425,test
train_2794458166,train
train_126474621,test
train_2464871231,train
train_1460542013,val
train_3245975591,test
train_1647353375,train
train_477105242,train
train_2463666066,train
train_3317258144,train
train_1722889041,test
train_3878797070,train
train_4001344276,val
train_2335304634,val
train_4081716943,train
train_3527497449,train
train_16742375,train
train_1454393818,test
train_936529335,test
train_3447516245,test
train_459127350,train
train_3846594160,train
train_69079094,test
train_503667939,train
train_3706202183,train
train_2374954560,train
train_2377527722,train
train_3943725622,train
train_2906507153,train
train_210831633,test
train_2995650615,train
train_4123552710,train
train_2789459959,train
train_4166766463,val
train_261092826,train
train_641623926,train
train_2569633705,train
train_2669805874,train
train_132051151,train
train_2432013543,test
train_1184865153,train
train_4287359753,train
train_4242355534,test
train_150274006,train
train_2536799322,train
train_3800905803,test
train_3932894475,train
train_3862322666,train
train_607320417,train
train_4043622277,train
train_4180189936,train
train_92190736,train
train_1877719163,train
train_2028858285,train
train_15680308,train
train_3354147667,train
train_1548088448,train
train_1732981002,train
train_1189153692,train
train_1843640471,train
train_794410499,train
train_1472702975,val
train_1168724268,train
train_266968320,train
train_3084535009,test
train_755591562,val
train_1680443868,train
train_2961324318,train
train_2278656533,test
train_902385438,train
train_4272802003,val
train_3114749440,train
train_3910108076,train
train_140738147,test
train_1332396554,train
train_1491384671,val
train_1938472725,train
train_3962529069,train
train_2485724154,val
train_607854500,train
train_1023601428,train
train_1729009042,train
train_3468002144,train
train_4209504703,test
train_2292621614,test
train_62464158,train
train_3514816911,train
train_205778677,train
train_666774416,test
train_2443288683,train
train_2640056961,test
train_2542237286,test
train_551543338,train
train_548068018,train
train_2888321846,test
train_2260625403,train
train_4087663262,train
train_3003620417,train
train_1125339882,train
train_2470936892,train
train_1862775856,train
train_2782071878,train
train_880108318,train
train_958677157,train
train_1300830686,train
train_2218957843,train
train_2727067792,train
train_2937537864,train
train_2087799845,train
train_2858315012,train
train_1879498153,test
train_146436757,test
train_148445743,test
train_2149654090,train
train_3528852175,train
train_1341641912,train
train_4204525449,train
train_4065873106,train
train_560092416,train
train_9568348,train
train_843211105,train
train_1556566554,val
train_242717430,test
train_1257882722,train
train_2227293178,train
train_4030855400,test
train_490576215,train
train_3998289114,train
train_3642733840,val
train_3693708381,train
train_4184601759,train
train_162234709,train
train_1099631099,train
train_3955984303,train
train_2891632905,train
train_657703828,train
train_2253341229,val
train_632828882,train
train_3107279377,train
train_2616134521,train
train_1746935965,train
train_1829825452,train
train_2346453213,train
train_3663338754,val
train_306647344,test
train_398427706,train
train_3569585214,train
train_2055595206,train
train_2362961327,train
train_2865026013,train
train_2052006439,train
train_3887265524,test
train_813357444,test
train_1921827114,train
train_2664589965,train
train_1520906728,train
train_1380623329,test
train_1578978855,val
train_4144776691,train
train_2921360695,train
train_1330266007,test
train_4005017431,test
train_3423101357,train
train_9159421,train
train_2825654723,train
train_4110688751,train
train_3541867132,train
train_1881734071,test
train_3956451957,test
train_3156864112,train
train_3151564663,test
train_3094080508,train
train_1318480297,train
train_4251740493,train
train_2871882241,test
train_749197237,train
train_573043243,train
train_3861089224,train
train_1810416104,train
train_1559453268,test
train_4015577708,train
train_1570484111,train
train_2514309276,train
train_2910463828,train
train_2995246306,train
train_3516443611,train
train_3639186599,train
train_597925825,train
train_1262620130,test
train_3088199307,val
train_4160459422,train
train_3816837053,train
train_2786320685,train
train_1224952343,train
train_2229044044,train
train_3861980684,train
train_641638871,train
train_3460389476,train
train_3062476981,test
train_1021223102,train
train_3545036670,test
train_2725913481,val
train_2753767795,test
train_1447596494,test
train_1528414434,train
train_1371957627,train
train_1421147873,train
train_2030553864,train
train_4015224814,train
train_1629355326,test
train_2009315960,test
train_3654316246,train
train_407276416,train
train_40775251,val
train_1123621026,train
train_2600656726,train
train_591328305,train
train_198707056,test
train_4101016733,val
train_3491428070,train
train_2594378939,test
train_451458562,train
train_2379490911,train
train_2688579984,train
train_3292858443,train
train_3662133601,test
train_1725891999,train
train_2702108296,train
train_2970050554,train
train_3740549074,test
train_906639053,test
train_470117173,train
train_2105889759,val
train_499503219,val
train_1377794181,val
train_840926098,train
train_1984126574,test
train_16033115,train
train_4182191801,train
train_3574331912,train
train_207883157,train
train_1314157137,train
train_559189903,train
train_3597842439,train
train_555674479,val
train_175806026,train
train_1348902050,train
train_1641731398,val
train_998380898,train
train_4205172164,train
train_2517018743,train
train_130989001,train
train_2233698396,train
train_991926633,val
train_2300434925,train
train_1245792179,train
train_3120460719,train
train_1948877017,train
train_1889205118,test
train_3568318599,train
train_2145701241,train
train_3340567571,test
train_1115748104,train
train_1331043142,train
train_1624246092,train
train_2986755383,train
train_2856729723,train
train_30256295,test
train_3055684367,train
train_1116244032,test
train_1950126045,train
train_2124597725,train
train_2109217967,train
train_56208321,test
train_1743114312,train
train_886555575,train
train_2537515105,test
train_320127748,test
train_506144547,train
train_1882540113,train
train_1600280967,train
train_3776671762,train
train_1863843015,val
train_642400535,test
train_1650606404,train
train_2034763060,train
train_3387791210,train
train_3567918273,train
train_2602986150,test
train_3814432891,test
train_3852466870,val
train_2368733533,val
train_1654827745,test
train_4055110061,test
train_3194419737,train
train_1133258225,train
train_168484475,train
train_2379938868,train
train_235322603,train
train_1260922689,test
train_2880138592,train
train_1221172702,train
train_43968933,train
train_301340274,test
train_3863070338,train
train_2123739421,val
train_929316754,val
train_1023154802,val
train_882405843,val
train_3258293139,val
train_920412613,train
train_4044454477,test
train_2048556998,train
train_3147258181,train
train_686372452,test
train_1311649593,train
train_2578604675,train
train_1143162758,train
train_1469348724,train
train_2405461154,train
train_2654841425,val
train_1617118308,test
train_2882739645,train
train_783351497,train
train_1331566981,train
train_2244886836,train
train_3023749548,train
train_3084210968,train
train_435671464,train
train_1182491443,test
train_1000804730,train
train_3019195298,train
train_3368928520,train
train_1574594201,train
train_3193024510,train
train_2894038843,train
train_55865111,train
train_2633653662,train
train_4019856767,val
train_85409454,val
train_2936813454,train
train_2216444296,train
train_2018871378,train
train_470130324,train
train_2223091050,train
train_3532884633,train
train_3415943397,train
train_2620389742,train
train_1104192280,train
train_1280907079,train
train_2487306451,test
train_3158790626,train
train_630334687,train
train_3796524321,test
train_2847072679,test
train_1631846734,train
train_1881778921,train
train_1461111881,train
train_3708185125,train
train_3026047134,train
train_366219921,train
train_720704979,train
train_2596398363,train
train_185070869,test
train_520737224,train
train_4107252958,train
train_1991239781,train
train_1313274565,train
train_3061686509,train
train_1522799956,train
train_1124082363,train
train_3892317510,train
train_1320181854,train
train_2657980587,train
train_1797371987,train
train_2925794891,train
train_2407563077,train
train_308153143,train
train_1334065345,train
train_1707201207,train
train_382568008,train
train_3614322634,train
train_409564464,train
train_329249072,train
train_2055528972,val
train_305506153,train
train_4270759474,train
train_1410103548,train
train_1461511897,train
train_3150159646,train
train_4208719057,train
train_207028724,test
train_1785877313,train
train_3446588363,train
train_73306457,train
train_2043328191,test
train_1047227765,test
train_2497244165,val
train_2243146412,test
train_3720755180,test
train_2098770522,train
train_2161120847,val
train_3812143547,val
train_1786025156,train
train_3290604454,train
train_605334454,train
train_2886747814,train
train_1028571337,test
train_4224049313,train
train_3771844104,train
train_1655866972,train
train_1061993959,test
train_2913339337,val
train_857065549,train
train_3360260575,test
train_139039764,train
train_4014603922,train
train_939586642,val
train_1898251215,train
train_3849193154,val
train_1384745949,train
train_2385386970,train
train_3654017198,train
train_1098439422,test
train_2005275948,test
train_2323168031,train
train_3369381493,train
train_2961800297,test
train_3237180136,train
train_369662514,train
train_127044824,train
train_978573188,train
train_1470887488,train
train_3345211993,train
train_2876188532,train
train_1572394485,train
train_1385053341,val
train_250257586,val
train_4113467072,train
train_2527606150,train
train_3320967328,train
train_60634978,train
train_1212946057,train
train_3352981797,train
train_878143766,test
train_876485423,train
train_509112609,val
train_3935544465,train
train_2832484646,val
train_2626565979,val
train_3991958429,val
train_1744291193,val
train_3666886340,train
train_3000116184,train
train_3129338955,train
train_3075961821,train
train_1816141615,train
train_3665233322,train
train_3236275060,train
train_3149639722,test
train_1455834993,test
train_2521844279,val
train_1735990925,val
train_3917369848,train
train_756302162,train
train_2005728902,test
train_3366988,test
train_4234881145,train
train_1476219261,train
train_2187903063,train
train_2382411102,test
train_1380714330,train
train_2524780794,train
train_587250192,train
train_2364935265,train
train_982492344,train
train_2314092200,train
train_274008214,test
train_4218609455,val
train_2081102137,val
train_3381528984,test
train_2669098630,train
train_122785748,train
train_807253373,test
train_4121845031,train
train_1294194366,train
train_901922858,train
train_4007332377,test
train_2350467558,train
train_3091909415,train
train_970822362,train
train_791810928,val
train_1336587212,train
train_2108010517,train
train_1795022,train
train_1296319202,val
train_1038218694,train
train_678760988,train
train_4129818252,train
train_394361897,train
train_3242846261,val
train_1084758044,test
train_1306907636,val
train_495068736,train
train_441451152,test
train_1858613589,train
train_169610334,train
train_2384540173,train
train_1696576259,train
train_3789934379,train
train_2537810691,train
train_662024765,test
train_2378266600,train
train_2246439353,train
train_3225662237,train
train_479947916,train
train_3143045910,test
train_2054447240,train
train_2282599769,test
train_2541069442,train
train_10918676,train
train_99870197,train
train_1507640404,train
train_2421103885,train
train_4273878596,train
train_113089789,test
train_866647474,train
train_1791604441,test
train_309874527,train
train_2562285017,val
train_893931900,train
train_913153922,train
train_2972833315,val
train_1748129058,test
train_3010816235,train
train_3341151588,train
train_1201541529,train
train_3528783070,val
train_1952616317,val
train_1112263905,val
train_2813665445,train
train_198483896,test
train_1006492702,train
train_1282220940,train
train_1615479504,train
train_2387967139,train
train_1504818236,val
train_3930579272,train
train_2187114012,test
train_3200417595,test
train_3889947519,test
train_83611191,test
train_1501377994,test
train_883883537,test
train_1687373803,test
train_3284530278,train
train_3877159416,train
train_76584784,test
train_1414609542,train
train_1306904035,train
train_1002655969,train
train_3469853018,train
train_3471461118,train
train_3579693025,train
train_3318513509,train
train_17244255,train
train_1043145560,test
train_2463325324,train
train_3338928521,train
train_2071669772,train
train_2229831971,train
train_3805863848,train
train_837842177,val
train_3312210757,train
train_3775712455,train
train_3333063822,train
train_481731886,train
train_414790116,train
train_3804349073,train
train_824472973,train
train_3374370626,val
train_1864800742,train
train_3141138577,train
train_461428845,test
train_1026142696,train
train_1357759469,train
train_2949480753,train
train_2807004019,train
train_2189225264,train
train_3637043422,train
train_3155135021,train
train_3385152717,train
train_2226414955,train
train_225138216,train
train_460938884,train
train_1983033965,test
train_3156635101,test
train_214511419,train
train_3440048679,train
train_4257980499,train
train_2446616959,train
train_481619332,train
train_662316498,train
train_3298027476,train
train_461873151,test
train_1392642790,train
train_1646963009,train
train_2799141641,train
train_1495682211,train
train_2279378364,train
train_973940980,test
train_1682308839,train
train_2593016319,train
train_3695485002,train
train_3730263644,train
train_4052108543,train
train_683624989,train
train_4091619032,train
train_1186468155,test
train_3600537286,train
train_420120297,train
train_1336511696,train
train_790312769,train
train_448377777,train
train_2963506749,train
train_1508310840,test
train_1727588595,train
train_211939405,train
train_1296180287,train
train_2051881222,test
train_2480243057,train
train_1989399538,train
train_3303276199,train
train_2555825988,train
train_3199877508,train
train_3368184223,train
train_3506344464,train
train_2646957646,test
train_488319527,train
train_2011359588,train
train_732075333,train
train_2533441234,train
train_1070336998,train
train_435894389,train
train_4256312078,test
train_2251847720,test
train_2320915903,train
train_2117500528,train
train_3779740127,train
train_515575520,test
train_2490111972,train
train_1607881011,test
train_600414503,train
train_2968549111,train
train_3427756153,train
train_555610464,train
train_4023814928,val
train_3389731383,train
train_1770928831,train
train_3539495273,train
train_3258030284,test
train_1341196644,train
train_1269838142,train
train_205024809,train
train_683559849,train
train_2047837068,train
train_1059628987,train
train_1668006234,train
train_3080816812,train
train_2045900463,train
train_3237767816,train
train_3320911504,train
train_59433660,test
train_1492109546,train
train_1308249282,train
train_3834660810,train
train_2547933734,train
train_3841102120,train
train_3032365823,test
train_293683116,train
train_1882816853,train
train_3073244914,train
train_2017221476,test
train_1662414237,train
train_1162813215,train
train_2085343466,test
train_3598878838,test
train_3950991066,train
train_3306758054,train
train_1735375440,train
train_3151680118,test
train_1689573581,train
train_782950057,test
train_1157882986,train
train_1938193065,train
train_1093272676,val
train_2729169245,train
train_4116578211,train
train_3179764542,train
train_3794677119,val
train_1482125881,test
train_2885049789,train
train_3971081499,train
train_1236886167,train
train_1918784604,train
train_2240300581,train
train_1131625537,train
train_4039679939,train
train_1949533055,train
train_1491879745,train
train_1573444806,train
train_3889608726,test
train_2700541665,train
train_1334029280,train
train_4251898985,test
train_1350141913,test
train_341019086,train
train_2130094536,test
train_4019202503,train
train_1245671798,train
train_2012243514,train
train_2231235323,train
train_2923697903,test
train_82539127,train
train_3642048869,train
train_3164737094,train
train_392405173,train
train_926750043,train
train_1389389211,val
train_4230056654,train
train_876376110,train
train_2966027045,train
train_3578071919,train
train_946626219,train
train_2339223071,train
train_905815773,train
train_3429820575,train
train_147734119,train
train_1366013659,train
train_306205912,test
train_1056425019,train
train_1672431996,train
train_315484482,test
train_1870976865,test
train_3015101622,train
train_1909150586,test
train_3874293676,train
train_733847925,train
train_2035140602,train
train_3014761185,train
train_3107360607,train
train_993375513,train
train_2732871798,test
train_4020792158,train
train_2015213139,test
train_20955299,train
train_825441124,train
train_1345402803,train
train_1268941638,test
train_4130879443,test
train_2771097129,test
train_443320493,val
train_1020246404,train
train_1929654926,train
train_1539721738,train
train_2015971812,train
train_2036043800,train
train_2621271240,test
train_697295186,train
train_246962067,test
train_289328220,train
train_1993107713,train
train_3349558378,test
train_1738444433,train
train_2580122850,val
train_2597285700,train
train_1027236042,train
train_498312125,train
train_2617434313,train
train_3219879882,train
train_3658900266,train
train_4166405545,train
train_3322639306,train
train_671838161,test
train_577446705,train
train_1589487158,val
train_2408930843,train
train_3633103106,train
train_1126215756,train
train_83515697,train
train_242103254,train
train_462842019,train
train_3904678286,train
train_2344419258,test
train_400441943,train
train_316437060,test
train_3304530939,train
train_3549247243,train
train_4228353495,train
train_4254436496,train
train_1654996891,val
train_1743389544,train
train_1367437374,train
train_3795999980,train
train_727447770,train
train_3696949001,test
train_4120269148,train
train_2512263758,train
train_1050858172,train
train_1829806210,train
train_248227084,test
train_559665601,train
train_3631543079,train
train_2519055255,train
train_1889796212,val
train_625838978,train
train_671735310,train
train_2230121487,train
train_1881501522,test
train_1454240616,train
train_2701025155,train
train_1952515155,train
train_4195559973,train
train_3390598568,train
train_3781264486,train
train_3068162759,train
train_51100562,val
train_2948638318,train
train_432616853,test
train_3556513682,train
train_704818786,train
train_335040229,train
train_4018008872,train
train_3652569685,test
train_3955297064,train
train_1010771297,train
train_4236918707,train
train_1765712908,test
train_3040787755,train
train_3099193091,train
train_477057101,train
train_3702635125,val
train_3341210535,train
train_1478347571,train
train_2294370065,train
train_2753302588,train
train_494882491,train
train_3267429805,val
train_3806002795,test
train_3905668046,test
train_3820774890,test
train_1436588863,train
train_4147938637,test
train_3552826157,train
train_3355243346,train
train_848597085,train
train_1571718085,train
train_243048514,train
train_2383878972,train
train_3850722679,train
train_2404698868,train
train_373439226,test
train_3606365499,train
train_2057740122,test
train_3858291398,train
train_775941887,train
train_2928696110,val
train_2317150287,test
train_3762103772,train
train_3426006083,train
train_3185829568,train
train_2101768297,test
train_4127060544,val
train_879214174,train
train_3615506743,train
train_2792760357,train
train_2714166206,train
train_461251367,train
train_3342354999,train
train_2887502472,train
train_817759483,train
train_843151251,train
train_1838212004,train
train_2061903001,val
train_1452829153,val
train_560237884,train
train_1034383037,val
train_989709521,test
train_2187097504,test
train_3757115926,test
train_4128531374,train
train_1333631881,test
train_3345376128,train
train_1446306089,train
train_1979728594,train
train_3693332844,train
train_631759442,test
train_1106354050,test
train_2108585455,train
train_3741633368,train
train_3630982864,train
train_2248194807,train
train_3831663677,train
train_3860547748,test
train_2689674220,train
train_180013696,train
train_4143485445,test
train_4057625973,train
train_3102460062,train
train_1337122221,train
train_195226864,train
train_553184790,train
train_2234949036,train
train_2850622756,train
train_1443907224,train
train_687426582,train
train_225843332,train
train_252301205,test
train_3681237458,test
train_2202523886,train
train_3681483068,train
train_2311088579,train
train_2949975968,val
train_820232485,train
train_2863195806,test
train_2078970691,test
train_3006556371,train
train_338845027,val
train_1918073967,train
train_512407712,test
train_3956489901,test
train_2051118753,train
train_3415956982,train
train_930993029,train
train_1927779663,train
train_3522371907,test
train_845949897,train
train_3563626289,train
train_3345429129,train
train_3923381,train
train_1384822706,train
train_915015906,test
train_1199442679,train
train_1072344996,test
train_1753408422,train
train_973082300,train
train_3585224423,val
train_983082640,test
train_3490103893,train
train_3313778231,train
train_969177325,test
train_1052840697,train
train_2983420652,test
train_1632981690,test
train_3534148227,train
train_31190581,train
train_1431903983,train
train_1893959622,test
train_755714870,train
train_932533395,train
train_3253850788,train
train_2403497527,train
train_4127722745,test
train_3214774574,train
train_3253982258,train
train_2886742918,train
train_189224291,train
train_1749058559,train
train_891572651,train
train_3777434863,val
train_2761489423,train
train_276793865,train
train_2629321055,train
train_1638193097,test
train_1601836260,test
train_1814116513,val
train_1490662863,val
train_1666571189,train
train_3140810896,test
train_2438776575,train
train_1388735077,train
train_3330381341,test
train_865547261,train
train_3128669485,test
train_357209675,train
train_3350497069,test
train_2895693453,train
train_2363459771,val
train_583425776,val
train_1158219041,train
train_3384875603,train
train_672125726,train
train_152903995,test
train_2766266426,train
train_323142332,train
train_2909459594,test
train_2234939825,train
train_3969289393,test
train_345820339,test
train_3889437624,test
train_88299288,test
train_681069759,val
train_3781848847,val
train_1355684463,train
train_1109958472,test
train_529401255,val
train_2051956254,train
train_3874627835,train
train_3831016783,test
train_450257935,train
train_1639533062,train
train_962990835,train
train_3373491951,train
train_681952374,train
train_606937492,val
train_4128925272,train
train_3762722565,train
train_3498834852,train
train_4250134686,train
train_2640701305,train
train_563147993,test
train_2925552850,test
train_248228491,test
train_654330516,train
train_866302732,val
train_334517505,train
train_3890985559,train
train_3974891653,test
train_1509198343,train
train_3291363760,test
train_2807743705,train
train_2682251621,train
train_396940978,train
train_2319331528,train
train_2085681329,train
train_1824565844,train
train_1842316637,test
train_2713508472,train
train_1315865267,train
train_2406161070,train
train_3273174901,train
train_424774931,test
train_2809092045,train
train_3933825450,train
train_3515775910,train
train_2989337918,train
train_2177614333,train
train_640720398,train
train_3116247032,train
train_53459492,val
train_515623592,train
train_2022813675,train
train_3834381062,train
train_2278602187,train
train_2594118898,val
train_4274115146,val
train_3338811632,train
train_1357409659,val
train_2912562885,test
train_3014517515,test
train_2492847584,train
train_1916611941,train
train_3590941606,val
train_104262147,test
train_2802555132,train
train_3106884490,train
train_162565674,val
train_2878258350,train
train_3001746438,train
train_3252407540,train
train_3068910202,train
train_328133185,val
train_1168487852,train
train_3164387719,test
train_10888835,train
train_3716056410,test
train_118226733,train
train_735936896,train
train_2617063815,test
train_577052823,train
train_1032118395,val
train_293476907,train
train_3807680055,val
train_1519929133,train
train_3787264686,val
train_700868581,train
train_1813698691,train
train_445863135,train
train_500580482,test
train_1982556945,train
train_2062654028,val
train_984746601,train
train_626445175,val
train_1727181392,val
train_3526940506,val
train_1167629400,test
train_506327921,train
train_3786372229,train
train_2627298011,train
train_2851333115,train
train_2191228989,train
train_3202609414,train
train_1759265638,train
train_3125590668,train
train_629309295,train
train_1273099771,train
train_821023896,train
train_3117220328,train
train_4210488181,train
train_372352395,train
train_1906102508,train
train_2378747866,train
train_494141980,train
train_639259659,train
train_2860055665,train
train_1438432887,train
train_3597653600,train
train_106957193,train
train_420532202,train
train_780261072,train
train_3192152565,train
train_629979308,val
train_4142747323,train
train_1500350068,train
train_2186724374,train
train_3283322596,test
train_3222279493,train
train_1313203190,train
train_4180118867,train
train_3281230124,train
train_2748854776,train
train_2456148906,train
train_1417798507,train
train_742428308,train
train_445128381,test
train_1137267546,train
train_1959103026,train
train_3683609022,train
train_1596223419,train
train_631629593,train
train_3820975400,train
train_2610708498,train
train_3711702366,train
train_366852254,test
train_2811053227,train
train_415232891,train
train_4282172410,train
train_2838969369,train
train_2601019757,train
train_1033287071,train
train_1433111940,train
train_2522111434,train
train_1484763991,test
train_3704395855,train
train_2633794059,train
train_1398190914,train
train_3373848592,train
train_178507443,val
train_2992636909,train
train_3352928463,train
train_2374319111,train
train_2464802219,train
train_368115116,train
train_2302474720,train
train_835901910,train
train_455523533,val
train_3536934173,train
train_997297543,train
train_3668191898,train
train_3132640497,val
train_2953043464,train
train_1274965977,train
train_2811725149,test
train_3010464010,train
train_1385248114,train
train_2121947829,train
train_2738848367,train
train_1399409712,train
train_924715134,train
train_3468415058,train
train_2906378436,val
train_1337033694,train
train_1823815085,train
train_3883790302,train
train_1702851043,test
train_998304006,train
train_3117832026,train
train_3406612214,train
train_570997086,train
train_4257212622,val
train_2451241272,train
train_3111758950,train
train_979993973,train
train_2700051172,test
train_1926319948,train
train_2127235708,test
train_2090492350,train
train_3337799736,train
train_80137479,train
train_822775259,train
train_2088338329,test
train_512157627,train
train_1264798465,train
train_142663194,train
train_2657681562,train
train_4005673539,train
train_3148533387,train
train_3852804289,val
train_3098327057,val
train_1361138247,train
train_3995232700,val
train_3102234708,test
train_4000440462,train
train_3890725348,train
train_668946624,test
train_194519968,train
train_3003538395,test
train_2209325174,train
train_652369184,train
train_3785123351,test
train_359202988,train
train_800077767,test
train_319894214,train
train_1658422433,train
train_3414132356,train
train_4252241747,train
train_2279724692,test
train_1345915637,train
train_146004117,test
train_3575426782,train
train_2201789527,train
train_107168612,train
train_348816985,train
train_4258693951,train
train_3603502641,val
train_617526881,train
train_3310721363,train
train_3495794792,train
train_3358687478,train
train_235557592,val
train_3582656934,train
train_2437203165,test
train_2897206869,test
train_3173072456,train
train_4059206834,train
train_3281315637,test
train_3817377720,train
train_1369433125,train
train_4080120684,val
train_628592247,train
train_1457485998,test
train_1309956016,train
train_2107156183,train
train_1392033947,train
train_3469400159,test
train_1596077922,train
train_4272020729,test
train_2012991853,test
train_2469238162,train
train_1811797135,train
train_331310124,test
train_526360929,train
train_2975856150,train
train_733315369,train
train_2400182515,val
train_218255708,train
train_1378757570,train
train_943848845,train
train_1609586516,test
train_1615373240,test
train_3516763335,train
train_921438619,test
train_964251490,train
train_1037264235,train
train_1439619728,train
train_4161174502,train
train_663711410,train
train_4044943545,train
train_4114049653,val
train_3979961747,train
train_851710544,train
train_233279777,val
train_1810227266,test
train_462223049,train
train_3104345540,train
train_2639200712,test
train_1567575454,train
train_2412192155,train
train_2818095491,train
train_610306963,test
train_1631232471,val
train_3363055896,train
train_3251412610,train
train_3931987813,train
train_2932915123,test
train_3136739317,train
train_3671684754,train
train_2714540691,train
train_2069637681,train
train_86105934,test
train_144945394,train
train_4185930033,train
train_81280579,train
train_1127588876,train
train_778073497,train
train_3552058609,val
train_1961719342,test
train_3257652481,train
train_1250933561,train
train_345051233,test
train_2839505627,train
train_2069977465,train
train_2644393463,train
train_1894269779,train
train_1012712292,test
train_3126560321,test
train_3734010060,test
train_335760739,train
train_1599603727,train
train_3338237684,test
train_3140853494,train
train_2410615168,train
train_2398510125,train
train_4071424691,train
train_1854118262,train
train_3448473629,train
train_3819623504,test
train_2212999039,train
train_2891799586,test
train_4201099078,train
train_2289673460,train
train_24187481,train
train_3295854401,test
train_401673431,train
train_2696502311,test
train_1958441140,test
train_3967330559,train
train_2323117846,train
train_3803360453,test
train_2480515854,train
train_1802397208,train
train_2128191438,test
train_2805033937,train
train_746714472,train
train_2663168035,train
train_3511483733,val
train_2254858031,train
train_1785572755,train
train_3689375979,train
train_2726322757,train
train_983787126,train
train_3465976712,test
train_3301291453,train
train_3032578122,val
train_4036473229,test
train_4223515304,train
train_2302420400,train
train_1100720443,train
train_813544564,train
train_996972871,train
train_3419521073,test
train_3104648387,val
train_172490684,train
train_2358814542,test
train_4048837524,train
train_565034036,test
train_2700012523,train
train_2309133164,test
train_2194112886,train
train_1454872160,train
train_3262731101,train
train_531287731,train
train_1692153312,test
train_2459540535,test
train_1296153831,test
train_3290967986,test
train_3638061500,test
train_3487029208,train
train_1730229799,train
train_1724914816,train
train_120575853,test
train_445269708,train
train_1865064310,train
train_3048288001,train
train_2799780712,train
train_2923210011,train
train_924449734,train
train_3723701028,train
train_2817096720,train
train_1259811794,train
train_1475647106,train
train_4034826621,test
train_2049983396,val
train_3602355944,test
train_3093562840,test
train_335084841,test
train_1640826056,test
train_1716659064,test
train_559543281,test
train_2503719840,test
train_118934336,test
train_2042339238,test
train_404859382,test
train_2217303706,test
train_314696598,train
train_1905034450,train
train_305244047,train
train_1214112852,train
train_2249942478,val
train_1642900030,train
train_3062269662,test
train_2860966004,val
train_3076460792,val
train_1565121457,train
train_3027546207,train
train_2338766261,test
train_1749746938,test
train_2248454505,test
train_140888864,train
train_488746960,train
train_2148332711,train
train_2886182284,train
train_2505773969,train
train_2622833587,train
train_506679868,test
train_1613867465,test
train_2332807431,test
train_1332742426,train
train_2154990394,train
train_1512467546,train
train_1834312279,train
train_311277359,train
train_3851020510,train
train_1775427584,train
train_3947298198,test
train_2685914327,train
train_3367202428,test
train_1562367054,val
train_713415708,val
train_320509,test
train_3613987594,train
train_3481373381,train
train_3437443049,train
train_2237731758,train
train_1761051175,test
train_167587372,test
train_2543797667,train
train_4028240909,train
train_171953229,train
train_846845337,train
train_818279151,train
train_3297058825,train
train_2724258724,test
train_3941479365,train
train_311074744,test
train_4129403338,test
train_3260027751,train
train_680270269,train
train_173023769,train
train_3994562790,train
train_4154211772,train
train_2321758048,train
train_1948833442,train
train_4201841843,train
train_4168640757,test
train_1291010471,train
train_1834178795,test
train_2584839836,test
train_634475616,train
train_1492629511,train
train_927455124,val
train_3617207637,train
train_1715360792,val
train_2654437053,train
train_3785687053,test
train_1731957676,train
train_919198592,train
train_2492062776,train
train_1764746826,train
train_3386251259,train
train_3856780218,train
train_4277158279,test
train_1704384352,train
train_1762833852,train
train_1771699960,val
train_1090996482,train
train_676998111,train
train_1001996003,test
train_2239298511,test
train_3398220571,train
train_2280483072,test
train_1384244345,val
train_1688037444,train
train_2395391443,train
train_3141158714,train
train_3653574288,train
train_580090578,train
train_1422354442,train
train_705353819,train
train_3720415436,train
train_12034382,train
train_1849345802,train
train_2973702934,test
train_2047796353,train
train_1001641933,test
train_3423213080,val
train_737045798,test
train_302595065,train
train_4270914492,train
train_2076455905,train
train_225332696,train
train_3747179425,train
train_1785535706,train
train_3209208163,train
train_2325982695,train
train_1883372787,val
train_571447931,train
train_528204741,train
train_3131372021,train
train_382314006,train
train_622757487,train
train_1095553124,train
train_397467939,test
train_770175550,train
train_1107732415,val
train_465889827,val
train_785663778,val
train_2985493680,val
train_3821115207,val
train_236017608,train
train_1840011357,test
train_127937257,train
train_3457537115,train
train_891169405,train
train_1670080376,train
train_2887013961,val
train_3026596854,train
train_3007692668,train
train_4250692410,train
train_109546448,train
train_2142716503,val
train_4047220703,val
train_2752073927,train
train_3630100197,train
train_2370043333,train
train_3147083150,test
train_1240249665,train
train_582545785,train
train_1900629769,test
train_2507636944,train
train_307425734,train
train_4172606753,train
train_3714223252,train
train_3017948712,val
train_963823005,train
train_4058640734,val
train_1404681266,train
train_236443778,train
train_3882317225,test
train_4266395532,train
train_938513338,train
train_676781665,val
train_3492696764,test
train_753540301,train
train_1752757936,test
train_4006874978,test
train_3952274588,train
train_3327769222,train
train_3775743082,train
train_152502527,train
train_487173627,train
train_1818139395,test
train_3764562607,train
train_1993703844,train
train_4126746802,train
train_1593362411,val
train_2048131449,test
train_2528833135,train
train_797971786,test
train_248286220,train
train_704108404,val
train_87114380,train
train_605394183,test
train_3148744818,train
train_1924930087,train
train_3041150821,train
train_2006253338,train
train_2102676395,train
train_612877964,test
train_183160283,train
train_2178171489,train
train_313711458,train
train_3629891683,train
train_3909647118,train
train_890228756,test
train_74481474,train
train_1821350820,val
train_3794764263,train
train_1422034217,train
train_315509734,train
train_2370782083,train
train_2186657187,train
train_1041261626,train
train_1532549438,train
train_2010848151,train
train_2224329773,train
train_3803754989,train
train_925273246,val
train_285976786,train
train_904047278,train
train_2545952164,train
train_3047556844,train
train_3684434292,train
train_1799717679,train
train_382888504,train
train_1444262072,train
train_1275425243,test
train_2210284605,test
train_927137684,train
train_2366254843,test
train_1663953704,test
train_199584602,train
train_2431223963,train
train_1978336376,train
train_4095623732,train
train_1510082184,test
train_2026311548,train
train_2451825701,test
train_1882133718,test
train_3362172712,train
train_1103584872,train
train_2049179542,train
train_2880742293,test
train_747822472,train
train_244324928,train
train_2321152613,train
train_1852388391,train
train_2805477266,train
train_1406665357,train
train_3869843407,train
train_3859220988,test
train_3099016720,test
train_889599049,train
train_1300259386,test
train_3071170903,train
train_2910538314,train
train_2129192844,train
train_1283623292,train
train_2900895100,test
train_394790964,train
train_1684939115,test
train_2638560857,train
train_3233380325,train
train_1906902948,val
train_2141035389,train
train_1718420910,test
train_4121088690,train
train_3794135548,train
train_1277698426,val
train_669720623,train
train_657517507,test
train_4287042782,train
train_3863318592,train
train_3582720521,test
train_391662206,train
train_1813951339,train
train_95876045,train
train_2748191650,train
train_383418001,train
train_1085677495,val
train_2160157998,train
train_3961712540,train
train_2529188847,train
train_841616504,train
train_3674965497,train
train_328393562,train
train_3963771980,train
train_2291512761,train
train_2952281643,train
train_1762700565,test
train_3359840489,train
train_4095973225,test
train_3110459393,train
train_3575721757,train
train_1177280548,train
train_1737548322,train
train_629593400,test
train_518118602,train
train_3899700010,train
train_1160657911,train
train_206224500,test
train_1446114202,train
train_839939872,train
train_1852384558,train
train_1397646595,train
train_489162630,train
train_600351912,test
train_3520412585,train
train_148074806,train
train_2353308000,test
train_1761965429,train
train_3308204481,train
train_1581721054,train
train_3922119574,train
train_3459045057,train
train_4092835479,train
train_3701982009,train
train_3880317958,train
train_3633525407,train
train_250234963,train
train_2585583630,test
train_555732832,val
train_2910478366,test
train_1101480825,train
train_3214356748,train
train_2584934114,train
train_3949345624,test
train_2322563607,test
train_1108037654,train
train_1436274505,train
train_3028306972,val
train_1652130649,train
train_3224333942,test
train_4165326510,train
train_2284330382,train
train_937378339,train
train_220813916,test
train_3082358948,test
train_2483177630,test
train_3595553135,train
train_376609626,train
train_1509989985,train
train_2078328488,train
train_155728408,val
train_2001376338,test
train_369722063,test
train_1759139727,train
train_702704923,train
train_3305810296,train
train_3424271309,train
train_829147309,train
train_3511983430,train
train_1440816721,test
train_1225847450,test
train_2790006091,train
train_578071839,test
train_246204039,train
train_2683914756,val
train_1910529349,train
train_2883389512,train
train_765296486,train
train_3418719343,test
train_1797969822,train
train_2067324332,train
train_3965540126,train
train_2312959469,train
train_366017671,train
train_1010570497,train
train_3014371108,test
train_4182102420,test
train_3782743661,train
train_3437418532,train
train_3226013843,train
train_3899590597,train
train_3228221100,train
train_3663559997,train
train_1493038623,train
train_644416456,train
train_853172806,train
train_643482927,test
train_723251392,test
train_1662258138,test
train_2032679051,train
train_386645000,train
train_3322266162,train
train_1231608509,train
train_4049395331,test
train_2851961750,test
train_1939473678,val
train_3170724440,train
train_3212755049,train
train_217874220,train
train_202877048,train
train_636496641,train
train_704533521,val
train_665307485,val
train_1370383786,val
train_139770520,val
train_23190155,train
train_1464559672,train
train_4143455814,train
train_1026730946,test
train_949781875,train
train_305270891,test
train_2332331813,train
train_517389163,train
train_2536969376,train
train_1454916508,train
train_2581732832,train
train_3587989274,val
train_3241366856,train
train_1091145610,train
train_3980693253,train
train_486698530,train
train_561770718,train
train_3143719857,train
train_2758820490,test
train_3939884808,train
train_2118909616,train
train_2338591756,train
train_1219164375,train
train_1516139825,test
train_670620329,test
train_3106673627,train
train_2513531713,test
train_182408921,train
train_2818354240,test
train_1912670325,train
train_2048712008,val
train_1370488653,train
train_4018421692,train
train_2013429582,train
train_1755798426,train
train_1794537377,train
train_1778467103,train
train_3989743853,train
train_2309988963,test
train_1869017214,train
train_3512441057,train
train_1629145695,train
train_185526642,train
train_955575230,test
train_2060550678,train
train_1782215317,test
train_3935570861,train
train_3369388787,test
train_3973947469,train
train_3625816320,train
train_2639506355,train
train_1274754822,train
train_1684778449,train
train_787227959,train
train_1724605765,train
train_260215595,train
train_4106130223,train
train_2532354710,train
train_2561508062,test
train_3923759491,train
train_3824547744,train
train_4272201848,test
train_4118157174,train
train_2526065818,train
train_1888498559,train
train_3537427805,test
train_1632786086,train
train_1251439607,val
train_955689145,train
train_69158199,test
train_1043075135,train
train_3902247307,train
train_293028051,train
train_1418559758,test
train_3504661317,train
train_3056597681,train
train_1390802240,test
train_2186680459,train
train_3653231675,train
train_4087040445,train
train_4023395422,val
train_3649611662,test
train_2181769145,train
train_3228475341,val
train_3359236824,test
train_4174499302,val
train_1635938050,train
train_4145759927,train
train_1349097466,train
train_2620234413,train
train_1168164879,test
train_3553851515,train
train_968577566,train
train_336796335,train
train_346686888,test
train_3516751992,train
train_2391644040,val
train_3845904407,train
train_710282502,train
train_1620747727,test
train_3430242020,train
train_576145629,test
train_994390966,train
train_2269962985,train
train_2504413358,train
train_739611223,test
train_1646486593,train
train_2543555082,train
train_2734093675,test
train_1980763322,test
train_4057214524,train
train_2312204588,train
train_595848399,val
train_462672797,train
train_2941807100,train
train_4245204877,train
train_1042720782,train
train_4050009670,train
train_3543974845,val
train_4275239244,train
train_2446529891,train
train_1389229132,test
train_4205038309,train
train_3652816491,test
train_2197863478,test
train_2808751710,train
train_72465123,train
train_2659023169,train
train_2569248074,test
train_2766680356,train
train_2368847521,test
train_1323339660,test
train_3836241820,train
train_831255576,train
train_2265363414,train
train_1237594522,train
train_1361475283,train
train_1463883639,train
train_1521543847,train
train_1486091155,train
train_4019959648,train
train_1911952735,train
train_3382714342,train
train_3373175435,train
train_1289313368,train
train_8099728,train
train_3332324456,train
train_2772495002,train
train_3511315031,train
train_2957059461,test
train_3553866154,test
train_639049083,train
train_1226231116,val
train_3916896962,val
train_2487350085,train
train_425792367,train
train_855646448,test
train_62779127,train
train_1270197914,train
train_148424599,train
train_3208809506,train
train_2529977976,train
train_268215775,train
train_4251697518,train
train_774777274,val
train_3702424684,train
train_2125055279,train
train_1502740119,test
train_3199822296,test
train_1324773324,train
train_768802224,train
train_3215456747,val
train_1270354092,train
train_384719651,val
train_12306551,train
train_2192924447,train
train_2506062398,train
train_4129217692,train
train_1867150738,train
train_2064561710,test
train_2089047367,train
train_2408191402,train
train_1382383492,train
train_643720414,train
train_3508880276,train
train_2592876927,train
train_3728192092,train
train_2305367958,train
train_2523651830,train
train_3153272910,train
train_4080544101,train
train_3068628939,train
train_2152304807,train
train_2933612169,test
train_4260109160,test
train_1441713975,test
train_2812194012,train
train_3848714016,test
train_3837995292,train
train_2358709011,train
train_3525374290,val
train_677634519,train
train_1094441146,train
train_2396558168,train
train_2604453519,train
train_2628201850,test
train_471092148,train
train_1403574945,train
train_1260994770,train
train_3719254836,test
train_650923144,train
train_3687937753,train
train_1263846375,train
train_1381716517,train
train_76590387,train
train_4096790755,test
train_3029073582,train
train_2248291150,train
train_1501931534,train
train_1044157810,test
train_1225320579,train
train_3865227640,train
train_2908495244,train
train_2981896784,test
train_2184916710,train
train_443552588,val
train_1652971908,val
train_1412952173,val
train_723158608,train
train_168756473,train
train_1545634709,train
train_4083783357,train
train_3271367019,train
train_465747605,train
train_1863215729,test
train_2297995309,train
train_949087393,train
train_469327467,train
train_2842750645,train
train_3181232330,train
train_1549240353,train
train_3379291407,test
train_3590715528,train
train_1434694482,test
train_1679150248,val
train_2410543443,train
train_2784743828,train
train_1309231017,train
train_125735945,train
train_2280733261,train
train_1853142092,train
train_3616871527,train
train_2481531982,train
train_1136099048,train
train_910933116,train
train_749410091,test
train_290945602,train
train_4273382511,train
train_1619420312,val
train_1386366972,val
train_1218942529,train
train_3888435367,train
train_4128541342,train
train_1262302057,train
train_260032757,test
train_1529878382,val
train_2819236531,train
train_3762226794,train
train_1332548822,test
train_187338789,train
train_1157616287,train
train_833971892,train
train_3982340901,val
train_314551574,train
train_1057945730,train
train_3890472196,train
train_533431056,train
train_197296533,test
train_669786196,test
train_544926325,train
train_865609672,test
train_2536055224,val
train_3073195062,val
train_4104373728,train
train_1484075764,train
train_2716226697,train
train_476795509,test
train_2082218562,train
train_988259808,test
train_2956366091,train
train_3134204377,train
train_2498479052,test
train_581917741,train
train_3332387740,train
train_1853555417,train
train_3729520304,val
train_211200223,train
train_3799652696,train
train_1492323381,test
train_3828909230,train
train_2970408592,train
train_585120410,val
train_1634182663,test
train_2074743891,train
train_4113903593,test
train_3821986054,test
train_1912010743,train
train_3688526204,train
train_1051654380,val
train_2092351967,train
train_2294723852,train
train_1197834062,train
train_1563507937,train
train_2099436974,train
train_2624760056,test
train_1150536592,train
train_173106648,train
train_2419947469,train
train_2755300833,train
train_2303814467,train
train_1340791296,train
train_3437847332,train
train_349363624,val
train_1843781212,train
train_1964782712,train
train_3029543666,test
train_3784625040,test
train_959588765,test
train_2401760205,val
train_551279731,train
train_2961640528,train
train_2441404409,train
train_249422741,train
train_4008714122,test
train_270806581,val
train_1850201761,train
train_1444283071,test
train_4100155730,test
train_3614121556,test
train_4242816788,test
train_1597284852,train
train_3595494298,train
train_234106236,val
train_3777725579,train
train_33810486,train
train_1863569875,test
train_2658028445,val
train_627265114,train
train_1337246005,test
train_4251822241,train
train_2776174130,train
train_2394979606,train
train_3660945739,test
train_858015146,train
train_3896589974,val
train_3238310524,train
train_3212692376,val
train_2973839121,train
train_3146789015,train
train_2617267028,train
train_4143328467,train
train_3608072965,train
train_1708812110,train
train_341948875,train
train_1737837494,val
train_3623586726,train
train_2839348394,train
train_240846179,val
train_2686848856,train
train_3493503824,train
train_2575053903,train
train_1622795828,train
train_2293511579,train
train_3832557327,test
train_576424467,train
train_1887612483,train
train_4286328927,train
train_1914282685,test
train_2217355111,train
train_1551941123,train
train_2661286006,train
train_2936036423,test
train_4179029043,train
train_3865431729,train
train_3886879396,train
train_1991847666,train
train_459709878,train
train_2920106247,train
train_3460166254,train
train_2046895110,train
train_2097348844,val
train_612272712,train
train_3797508650,val
train_1137495971,train
train_4011843612,train
train_4192136919,test
train_1583713659,train
train_2179793386,val
train_3844006498,train
train_2950766168,train
train_3292064225,train
train_108433392,test
train_1943135300,train
train_643676795,test
train_3461551716,train
train_902946212,train
train_2124827366,train
train_186448376,train
train_2567948623,val
train_1719212814,train
train_3217242064,train
train_2749665224,train
train_2071272515,train
train_2227742282,test
train_414072915,val
train_1559014002,train
train_3528631510,train
train_1681993673,test
train_464242333,train
train_528954251,train
train_208831436,train
train_3106580489,train
train_3811409343,test
train_487840194,train
train_3700945564,train
train_2340183039,train
train_2929819919,train
train_1988010624,train
train_2600319800,train
train_3508659965,train
train_2512009542,train
train_2745032098,train
train_502277981,train
train_2299895962,test
train_226883072,test
train_1989463882,train
train_1104926729,val
train_1482152889,train
train_3116355777,train
train_2342933117,test
train_774889310,train
train_2429322411,train
train_248708284,val
train_1058196845,train
train_1238690450,val
train_168600595,train
train_2858902283,test
train_979643000,train
train_3244007897,train
train_3137677229,test
train_3742017114,val
train_3341208712,train
train_685083320,test
train_1963651991,test
train_2600775207,test
train_2746817992,train
train_3869476325,train
train_330154989,train
train_2740085778,train
train_2948043362,train
train_210386804,test
train_3612602712,test
train_3069307829,train
train_274466360,val
train_414701395,train
train_3881175123,train
train_1501331378,test
train_931685938,train
train_3008807865,train
train_1923525047,test
train_2365309470,train
train_1542127692,train
train_2657418478,train
train_3672057433,train
train_3990543812,test
train_2663535004,train
train_1479759904,train
train_4152096728,val
train_3135548742,test
train_3906692187,train
train_2848212005,val
train_829566805,val
train_220193609,val
train_545975,train
train_2312000695,train
train_4073633997,test
train_804169090,test
train_377801727,val
train_1320568493,test
train_2609355677,train
train_732175919,train
train_3760114533,train
train_4291703455,train
train_486334205,train
train_822482840,train
train_3953757046,train
train_3045738159,train
train_1358508541,train
train_671110269,train
train_216937489,test
train_1981749238,train
train_2723454438,val
train_3932797267,train
train_734329883,train
train_3522597950,train
train_1773653368,test
train_3817524297,train
train_239032119,train
train_332142770,train
train_1599197154,test
train_1173561987,test
train_4187271091,train
train_3139875598,train
train_4108121363,train
train_4929066,test
train_793219139,train
train_1952852721,train
train_3558732148,train
train_696013697,train
train_1270119581,train
train_535401545,train
train_197958942,val
train_1400017567,val
train_4084917943,train
train_853713562,test
train_1753709390,train
train_3069785796,train
train_123198063,train
train_2829080006,train
train_972436287,train
train_3679315798,train
train_4269656616,train
train_3117052907,train
train_1146850576,train
train_1713371902,train
train_152145704,train
train_3634732603,train
train_1064230135,train
train_4186363563,train
train_1488886434,test
train_109678918,test
train_314330218,test
train_628684177,train
train_2321812167,train
train_2835790583,test
train_4225069796,train
train_2330739304,train
train_186910006,val
train_1406302759,test
train_192039966,train
train_837742456,train
train_2123546672,train
train_1416516396,train
train_3395503427,train
train_3225600222,train
train_2891088680,train
train_4040945186,train
train_2156588187,train
train_2124081240,val
train_3626682842,test
train_752725135,test
train_4225272240,test
train_4158317637,train
train_1828334321,test
train_2103401538,train
train_2729716213,train
train_2894912568,train
train_1288137889,train
train_2815881240,test
train_1786058403,val
train_610635958,test
train_460184058,train
train_1918689803,val
train_2993084822,val
train_226724831,train
train_1803365354,test
train_253057891,val
train_234024597,train
train_3344071220,train
train_1195523519,train
train_2199557904,train
train_1226331500,train
train_1398842640,train
train_3807557363,train
train_2063040992,train
train_1846456008,train
train_3243347423,train
train_4037104652,val
train_2222681530,train
train_522807539,train
train_503258257,train
train_1130611309,train
train_1168749272,train
train_1997050893,train
train_2402113237,val
train_2188932227,train
train_3950287676,train
train_375095225,val
train_1100757824,val
train_2901485181,train
train_3277122319,train
train_2368657154,train
train_3953619717,val
train_3714382269,test
train_2631472883,train
train_1156361427,train
train_3539339103,train
train_3567440255,val
train_1023741930,train
train_3895021433,test
train_3556916041,train
train_2567017237,train
train_2644150574,val
train_143260486,train
train_256879758,train
train_2541057009,train
train_1496926160,train
train_91140600,train
train_2205032352,train
train_1277122161,test
train_1435161567,train
train_605374845,test
train_1902668951,train
train_518928170,train
train_3810070053,train
train_880228217,test
train_3096267190,train
train_2740351961,train
train_1575244027,train
train_3534061300,train
train_919510288,train
train_551394375,train
train_1301243609,train
train_1759975873,test
train_156930002,train
train_2958651254,val
train_3760500388,val
train_4284269186,val
train_3860569113,train
train_1892329229,train
train_2863861957,train
train_2212512341,train
train_202551337,train
train_1951483401,train
train_3364978715,test
train_3660341192,test
train_2674910517,val
train_1218516691,train
train_920063669,train
train_2963647224,train
train_2266659139,train
train_346760834,train
train_1355084631,test
train_3023769589,train
train_622407880,train
train_555406121,train
train_3962909153,train
train_2200953573,train
train_3788398874,train
train_2862078741,test
train_4037292681,val
train_1829277698,train
train_564084949,train
train_3333575497,train
train_4158237532,train
train_1142563685,train
train_3911931150,train
train_2083535760,train
train_1209189574,test
train_3829012092,train
train_3967707268,train
train_3497629157,train
train_1713565479,train
train_3955123018,train
train_817343366,train
train_3859740566,val
train_1829432711,train
train_2416214538,val
train_2394531937,test
train_2330331338,train
train_114151917,test
train_2047615310,test
train_3456633775,val
train_2692651700,train
train_3408077241,train
train_148295629,val
train_3009008137,train
train_661709293,test
train_2622305053,train
train_882033311,train
train_3018407170,train
train_308108209,test
train_1272818983,train
train_88248741,val
train_4074598251,val
train_274036399,train
train_342283439,test
train_3152309056,train
train_4177120257,train
train_2192351647,val
train_565785054,train
train_902429172,train
train_3160734362,train
train_1244136943,train
train_3620888659,test
train_3196887408,train
train_1973334387,train
train_1960902926,test
train_2470478770,test
train_2057359481,train
train_3916270718,train
train_333072608,test
train_2532602543,train
train_2795919701,train
train_1824366906,train
train_400002040,train
train_1671502567,train
train_1488624999,test
train_1601175809,val
train_3054817053,test
train_3890537774,test
train_3202778760,train
train_3075577457,train
train_1454889201,train
train_2053875103,test
train_2447684889,train
train_3135597145,train
train_3577903841,train
train_3597551906,test
train_1500696100,train
train_2561766523,train
train_4177087433,train
train_1363079711,val
train_2982400387,train
train_3149664260,train
train_4256668217,train
train_1787885098,val
train_708601117,test
train_2706068468,train
train_2771536201,train
train_3424140747,train
train_3303565193,test
train_1914350942,train
train_610995158,train
train_967283249,train
train_1704877576,train
train_1272445342,train
train_2044733326,train
train_3002741668,train
train_3021596818,train
train_2297133720,train
train_1451011522,train
train_783163601,test
train_2986625214,train
train_909257349,train
train_760369895,train
train_1411058718,test
train_1148151962,train
train_3509038782,train
train_2351427587,train
train_2302762851,test
train_71800114,train
train_92902455,test
train_804943391,train
train_3165453502,train
train_3208068967,test
train_2271279241,train
train_3519205589,val
train_46547680,train
train_196396973,test
train_1637345525,train
train_3024527999,train
train_2991399778,train
train_3486523384,test
train_87148542,train
train_1955178828,train
train_1508952746,val
train_1222825774,test
train_4038958783,train
train_2696399069,train
train_4232481890,train
train_1693896192,train
train_2554534074,val
train_1343731213,train
train_3886202778,test
train_696061616,train
train_4251674985,train
train_194273808,train
train_3804237416,test
train_1544929110,val
train_4118146778,train
train_2145462141,train
train_1914155935,train
train_3900656790,train
train_3545895077,train
train_3968068964,train
train_3284312222,val
train_3448430146,train
train_95012711,train
train_2059659022,train
train_1545755534,train
train_1599632573,train
train_3222455590,train
train_1075145992,test
train_967487947,test
train_2682673489,train
train_1455468961,train
train_2676536930,train
train_99764720,val
train_3383520659,test
train_2360134844,train
train_4260891701,train
train_2918516889,test
train_3890606324,train
train_35568213,train
train_3455210190,test
train_1814893817,train
train_3077056272,test
train_1055797460,train
train_1445050796,test
train_606087047,test
train_2632378587,train
train_2876403795,train
train_3649885301,test
train_1530718504,train
train_599478601,train
train_236461645,train
train_858312145,test
train_1760931659,val
train_683858400,test
train_3920604750,train
train_2179047759,train
train_453026935,val
train_164392578,train
train_2252878267,train
train_2808287144,train
train_1478137076,train
train_4274726423,train
train_3271639158,train
train_2132940211,train
train_2460393045,train
train_3183419321,test
train_1385709310,train
train_1740638686,train
train_923356154,train
train_3748437883,train
train_3517917945,val
train_1259565653,train
train_1573380399,train
train_2538259976,train
train_3489385103,train
train_3105885577,test
train_154053816,val
train_1992083029,train
train_166236622,test
train_2136489890,train
train_1975652017,train
train_3639649224,train
train_2963597311,train
train_179112625,test
train_4234445081,val
train_1148887046,train
train_2571622094,train
train_1508418660,train
train_2622958002,test
train_1472501475,train
train_372171572,train
train_741479454,train
train_2328477380,train
train_87685820,train
train_2683183860,train
train_3558788911,test
train_3202139495,train
train_2587766251,test
train_1082968667,train
train_3037605144,train
train_1544542613,train
train_2530271296,train
train_1059599285,train
train_1312179248,train
train_314033179,train
train_3642764421,train
train_1095245150,train
train_3546184077,test
train_3881527708,train
train_1183348426,train
train_682045948,train
train_3910747062,train
train_1616943866,val
train_1862538115,train
train_2634643967,train
train_2327944008,train
train_1810794050,train
train_2879678867,train
train_3606323923,train
train_66277251,train
train_200903631,train
train_2394183790,train
train_3530469767,test
train_719481250,train
train_1095087595,train
train_3909263898,train
train_1130296833,train
train_1262013844,test
train_2787393948,train
train_1768934860,train
train_129606355,train
train_3567313748,train
train_1442217837,train
train_3493078488,train
train_1095592411,train
train_4290693749,train
train_2350926925,train
train_957016724,train
train_945973826,test
train_3655143586,test
train_2673117902,train
train_448248655,test
train_435602942,train
train_1282237333,train
train_1508417191,train
train_636351950,train
train_2823833617,train
train_463285493,train
train_2822401213,val
train_2589180662,test
train_1219083130,test
train_2708471129,train
train_4054115087,train
train_209942350,train
train_2822765552,train
train_2031692861,train
train_389724270,train
train_2926108297,train
train_3932843753,train
train_212864280,train
train_3770580910,val
train_3410698859,val
train_1544960250,val
train_703157830,test
train_1837245558,train
train_222327466,train
train_4122014954,train
train_1500388920,val
train_1795553093,train
train_2475193119,train
train_846349801,test
train_214385673,train
train_2255632687,train
train_1891206291,train
train_1764501195,train
train_2897684820,train
train_2236883448,train
train_2250716731,train
train_2912615144,val
train_2946751599,val
train_2087896951,train
train_1921379373,train
train_3852640572,test
train_1604871392,test
train_3036280958,val
train_2976568700,train
train_284207796,train
train_1506908049,train
train_3751845537,train
train_3076336378,train
train_4161322885,val
train_4022459025,train
train_2899991056,test
train_68589590,train
train_294526757,train
train_1184003152,test
train_2450345984,test
train_1369804359,test
train_1274147102,train
train_3762412024,train
train_3902879615,train
train_3957040931,train
train_2477600345,train
train_2090069452,val
train_2020881054,train
train_77233965,train
train_726011596,train
train_1811085532,train
train_3561130157,train
train_730089797,train
train_1552785361,train
train_4067430346,train
train_4282420583,test
train_3162053397,test
train_2875125475,train
train_123632190,val
train_2875109563,train
train_1691328955,train
train_3615953782,train
train_1501629798,train
train_84753,train
train_2192112312,train
train_4114094030,train
train_1877014636,test
train_695478924,train
train_2197311725,train
train_4215245128,val
train_760017911,train
train_466770390,train
train_3219495357,val
train_1297294241,train
train_2106744964,train
train_1791162909,train
train_2032731256,train
train_3132894731,train
train_4046569356,train
train_498095307,test
train_2943545379,train
train_2135675768,val
train_3358959699,val
train_3186490294,train
train_2376572722,val
train_2506866523,train
train_3161238886,train
train_4223670001,train
train_1275557348,train
train_1713714671,train
train_4034098895,test
train_1350080379,test
train_4220118571,train
train_1233714641,train
train_2172204025,train
train_1524801196,train
train_1060076630,val
train_2724890808,train
train_2390377054,test
train_1506721744,val
train_1292526523,val
train_3940691685,train
train_2856762378,val
train_2854765993,test
train_144485378,train
train_434050104,train
train_2600878229,val
train_2097875457,train
train_1500180310,test
train_455452148,train
train_1979769754,train
train_1457757158,train
train_2639411362,test
train_2472435035,val
train_2405894439,train
train_4114603554,train
train_258274240,train
train_1519679404,train
train_185385592,val
train_440920976,train
train_973496278,train
train_2280922446,train
train_1220840316,train
train_1320199436,train
train_4103887113,train
train_3156414989,train
train_2692720029,test
train_3331184392,train
train_116604013,train
train_1589107157,test
train_1464699667,test
train_3315820247,train
train_911994802,train
train_1866812754,train
train_396493361,train
train_2023906373,train
train_2741979820,train
train_1716998971,train
train_4058381938,train
train_3894903617,train
train_2911841930,train
train_2000523452,train
train_3481673715,train
train_3268630401,test
train_1725639998,train
train_3749940328,train
train_3554417327,test
train_2134970615,train
train_2828837404,val
train_2325017300,train
train_175929719,train
train_3303531647,train
train_481517549,train
train_947569072,val
train_3203028426,val
train_629893333,val
train_3956550694,train
train_2600723407,test
train_2695151238,train
train_2694041789,train
train_1686542903,train
train_3632448993,test
train_2496067073,val
train_2415205105,train
train_4142890442,train
train_2981346764,val
train_691179942,train
train_145656700,train
train_540714100,test
train_3937275590,train
train_1413652736,train
train_3745037872,test
train_2976015606,test
train_2548556909,train
train_3601179788,test
train_332146171,train
train_4179363210,train
train_2828297802,train
train_2320101504,train
train_1810628298,train
train_2186283773,train
train_858086747,train
train_1769302097,train
train_317776219,test
train_3301374871,test
train_1406612999,test
train_2821805079,train
train_1275191373,train
train_1964406705,train
train_2502151735,train
train_1466371917,train
train_2142005879,train
train_783467859,train
train_987273195,train
train_3307925557,train
train_4210694118,train
train_3908660718,test
train_3690511783,val
train_1407846177,test
train_623198124,val
train_2846924084,test
train_551410635,train
train_346302526,train
train_2224851811,test
train_1531020943,val
train_3374634592,train
train_1508100548,train
train_1344648324,test
train_1712356979,train
train_409516409,train
train_3671683935,train
train_1540799062,test
train_205126562,train
train_2026473039,train
train_2994166779,train
train_2238772673,train
train_1575479451,train
train_2000303097,train
train_1256163029,train
train_4012166673,test
train_3689796106,test
train_3220720473,train
train_2096937844,train
train_2587129863,test
train_2533009507,test
train_571238789,train
train_1061185057,train
train_174225834,train
train_1497729607,train
train_143838797,train
train_537580720,train
train_2725556002,test
train_190670866,val
train_304473019,train
train_2706408290,train
train_2416225411,train
train_26405612,train
train_2036641750,test
train_4278347183,train
train_3146372369,test
train_3918386345,train
train_3293716060,train
train_3976413884,test
train_1222088111,val
train_361120700,train
train_2970906832,test
train_2275009292,train
train_1950166246,train
train_4216537796,train
train_3175431520,train
train_672834889,train
train_2726544768,train
train_3193897481,train
train_2209830249,train
train_2420366981,test
train_1132864737,test
train_3621489218,train
train_2266812955,train
train_2243754591,train
train_3200856757,val
train_71637883,train
train_975172218,val
train_1067451590,val
train_1858012422,train
train_3661528111,train
train_636153324,train
train_3652503867,train
train_3179157114,train
train_3568315886,train
train_937465577,train
train_2881004424,train
train_3900151885,train
train_925210870,train
train_2710640892,val
train_3363242343,train
train_2229508325,test
train_1234843815,val
train_2017050222,train
train_2865984213,val
train_529079375,train
train_2236604888,train
train_276361825,train
train_2498383951,train
train_3660028727,train
train_1390797749,train
train_2065100009,train
train_3746845633,train
train_3761114706,test
train_2139656618,test
train_3572291583,train
train_2007027692,train
train_36784218,train
train_4113914044,train
train_2360417258,train
train_2145251320,train
train_27737427,train
train_2171329712,train
train_1326907348,train
train_1847400223,train
train_1557977654,train
train_2707442425,train
train_1734848767,val
train_2446942306,val
train_1190440383,test
train_76338362,train
train_775222088,train
train_3514736292,train
train_3219605857,train
train_3872408179,train
train_901065118,train
train_2354708021,train
train_1858965029,train
train_3326215714,train
train_4025340777,train
train_2709684659,train
train_2532897320,test
train_3860506336,test
train_1855665910,train
train_1759198689,train
train_2928119802,test
train_1879391954,train
train_2168064746,val
train_1890569721,train
train_725097112,train
train_4219739516,train
train_405812031,train
train_865436489,test
train_2557452613,train
train_538824115,train
train_1395216166,val
train_2560831151,train
train_2549420300,train
train_1278131176,train
train_2946106600,train
train_1097437316,train
train_2046363784,train
train_1535053037,train
train_2898704837,train
train_4122219750,train
train_615383284,train
train_717065064,train
train_1863030678,test
train_1275542499,train
train_2240175202,train
train_2301578474,train
train_1404836525,test
train_968241382,train
train_852655362,train
train_819340868,test
train_3140698909,train
train_718442310,test
train_2178683406,train
train_1721156667,train
train_531798208,train
train_2529443226,test
train_211978758,train
train_2822672534,train
train_4210789925,train
train_1290075215,train
train_462610580,test
train_3857717080,train
train_2230013388,train
train_604466161,train
train_3804392948,val
train_4041033908,train
train_3912719999,train
train_4143121370,train
train_3043215779,val
train_654136603,train
train_2486116374,test
train_2285623762,train
train_1975085675,train
train_3047949463,train
train_1934683848,train
train_466501335,train
train_2287862944,train
train_739162479,train
train_1957501411,train
train_2677673031,train
train_2874063158,train
train_1697013475,val
train_218568810,test
train_312649492,train
train_2326532166,train
train_204156095,train
train_577084221,train
train_1528932077,train
train_470748034,train
train_3947758246,train
train_2440461304,train
train_172019243,train
train_2537205601,train
train_2981505684,train
train_3382767287,train
train_2955182354,train
train_3687072759,train
train_328549152,train
train_1669675494,val
train_4010581292,train
train_1789812768,train
train_873141633,test
train_2356431631,train
train_1074958198,test
train_2659354367,test
train_1356494931,train
train_3334561888,val
train_3219002770,train
train_4100695802,train
train_530130322,train
train_3710360083,train
train_3165244659,train
train_3076147650,train
train_3197892505,train
train_376093065,train
train_338589722,train
train_3750944033,test
train_1094884902,test
train_1608569558,train
train_3098959550,train
train_843754922,train
train_2472420058,test
train_834249229,train
train_2676447361,train
train_3719586457,train
train_2230077634,val
train_2700026303,train
train_3533016412,train
train_3360856738,train
train_976232739,train
train_1216802998,train
train_1567223529,test
train_3024703513,train
train_3080632857,train
train_869252437,test
train_2732301973,train
train_661606068,test
train_470987521,train
train_1378164451,train
train_2564334359,test
train_91201482,train
train_696065316,train
train_773297527,test
train_368551487,val
train_2736613535,train
train_3995427519,train
train_1305656216,train
train_2326108760,test
train_2442368077,val
train_3765809450,test
train_1112409294,train
train_1517628790,train
train_1408193327,train
train_2940604472,train
train_2542245392,train
train_3324619166,train
train_2771604029,train
train_1891541718,train
train_4145098275,test
train_1862432494,train
train_3781067628,train
train_525865499,train
train_3048104125,train
train_1455216865,test
train_2519862335,train
train_2014473446,train
train_3944560502,test
train_2508716395,val
train_733067677,train
train_2529718493,train
train_762518606,train
train_2143102280,train
train_2566047911,train
train_3184881069,train
train_722011286,test
train_3061312393,train
train_4012417085,val
train_91018456,val
train_4083460609,train
train_3298623763,train
train_747394569,train
train_2237854307,train
train_3675653282,train
train_1493023534,train
train_820534447,val
train_437855323,train
train_2467546957,train
train_574303491,val
train_3254994257,train
train_33666555,train
train_4086075415,train
train_4130998921,test
train_40365697,train
train_3283908644,train
train_1489878908,train
train_3820248798,train
train_546352229,train
train_1383091248,train
train_3745973950,train
train_2632437328,test
train_3776617650,test
train_1399757833,val
train_3566206531,train
train_4263184258,train
train_3309000091,train
train_1653324141,train
train_332354865,train
train_3930950696,train
train_2893650724,test
train_4250403453,train
train_3898220062,val
train_4216375557,train
train_1793095274,test
train_1860958866,train
train_2806654243,test
train_4123407124,val
train_736512298,train
train_538991901,train
train_1007547921,train
train_1263677411,train
train_3863290670,train
train_1467670421,train
train_4293264840,train
train_893250550,test
train_339797726,train
train_2995959738,train
train_912251011,val
train_333396958,train
train_2652125424,train
train_2732590727,train
train_4188718763,train
train_3672996265,train
train_455949099,train
train_3309225206,train
train_4261555800,train
train_3327434622,test
train_3968610932,train
train_676647552,train
train_113909633,train
train_2368264311,test
train_3402930218,train
train_2029610443,train
train_4080562593,train
train_510741277,train
train_2461123041,train
train_1053373785,train
train_3010916169,train
train_1646573458,train
train_2111247605,test
train_3001496859,test
train_2896625312,train
train_3575587725,test
train_3341330490,train
train_1450330719,test
train_1348153933,train
train_2565744689,train
train_937932773,test
train_4071100982,val
train_3079456842,train
train_2575320695,val
train_2573060829,train
train_745074374,train
train_3547725123,train
train_1250572608,train
train_369558322,train
train_1617482268,train
train_1350350341,train
train_1012647875,train
train_726415384,train
train_3766079135,train
train_2896284123,train
train_2844069942,val
train_807159654,train
train_3049340810,val
train_1751507239,test
train_2986508250,train
train_2536502251,test
train_1748945290,train
train_808634018,train
train_3802478192,train
train_1723236516,train
train_1359598160,test
train_2937200794,test
train_830074994,train
train_1808626386,train
train_1048594222,test
train_3371992111,train
train_211469030,test
train_1292152697,test
train_3750576216,train
train_260283758,train
train_3112923581,val
train_3930991315,train
train_413634203,test
train_2996122122,train
train_303240625,test
train_1334707434,train
train_2246098945,train
train_860101705,train
train_2834390170,train
train_1967483643,train
train_2174196001,train
train_3674326263,train
train_2154910217,train
train_3127817541,train
train_3433674398,train
train_3390419841,test
train_122441604,test
train_3155374400,train
train_1808585022,train
train_4000096885,train
train_3173329523,train
train_1781590850,train
train_3249539298,train
train_2386722705,train
train_1365737348,train
train_2763687611,train
train_35581607,test
train_3435164881,train
train_915133930,train
train_2442561307,train
train_2185859087,train
train_4094678558,train
train_430044692,train
train_45562914,train
train_980903649,train
train_2696998873,test
train_380221593,train
train_2133418956,train
train_1061943482,train
train_2545604579,test
train_3043699106,train
train_3544629667,val
train_2298871061,train
train_2665267711,train
train_2313545499,train
train_3283625285,train
train_2561158879,train
train_3644907377,train
train_3811402479,train
train_3497496776,train
train_3301830639,train
train_3167548652,train
train_4168751562,train
train_3427874760,train
train_4067146595,train
train_629738851,train
train_1969380784,test
train_1363470604,train
train_1227019880,train
train_2093884040,train
train_259041354,train
train_4211923614,train
train_1500171983,train
train_4017599117,val
train_376865513,test
train_2091547024,test
train_244382539,train
train_1749458246,train
train_1765854094,train
train_1308903252,train
train_1314363223,train
train_679957959,test
train_2575535577,test
train_2596893135,test
train_1652834412,test
train_861460118,train
train_3203096732,train
train_1966121440,val
train_1538493050,test
train_79343777,test
train_3047612402,train
train_2131510482,val
train_1421979580,train
train_3962636459,train
train_2015397251,test
train_526561251,test
train_4235354352,val
train_3258369102,train
train_790812279,train
train_3824532834,test
train_446056466,train
train_1900819118,test
train_377071170,val
train_1268151327,train
train_350387975,train
train_2352255549,test
train_2273090602,train
train_3988147891,train
train_1152008416,train
train_1674186827,train
train_2269423784,test
train_162413014,train
train_3717343944,train
train_1714302799,train
train_4239921229,train
train_850178505,train
train_3934526303,train
train_1988115074,train
train_749905610,test
train_1518274481,train
train_103331682,train
train_620742830,train
train_992288992,train
train_3894044204,train
train_253683720,train
train_632655839,train
train_2225913888,val
train_604793405,test
train_1311167671,train
train_4091994903,train
train_3092154520,train
train_1871651657,train
train_2259121662,train
train_3456869600,train
train_352541626,train
train_3452034093,train
train_924267068,train
train_3721958960,test
train_1897985012,train
train_3015555395,train
train_3477358761,train
train_3333793836,train
train_1761985642,train
train_231318823,train
train_1445610545,train
train_216865320,train
train_2279237439,train
train_4057450652,train
train_1880996073,train
train_2623691000,train
train_2736885581,train
train_114579963,train
train_2380602609,train
train_3336861796,train
train_1328312267,train
train_3779881642,train
train_1578051326,train
train_2344713051,test
train_1308680115,test
train_798521274,train
train_620052564,test
train_2500863221,val
train_589019250,val
train_746062062,test
train_2974361861,val
train_3106626981,test
train_795753112,train
train_1291941414,train
train_1836586325,train
train_1040148335,test
train_1658626401,test
train_235606355,train
train_1265111104,train
train_911930079,train
train_367661565,train
train_811621356,train
train_282615373,train
train_3329521695,test
train_365594779,train
train_1195836421,val
train_2986920724,train
train_1923554976,train
train_1570913599,train
train_1827624626,train
train_2294270968,train
train_2370573016,train
train_2992887566,train
train_32331620,train
train_3140891133,train
train_3399555462,train
train_3153441868,train
train_2278189641,train
train_2053287990,train
train_3932422826,train
train_147187618,val
train_1216000010,train
train_3715397019,train
train_1735209798,train
train_3212718385,train
train_4065978979,train
train_3518113636,train
train_2520539235,train
train_464036717,val
train_429614561,train
train_2723997689,test
train_1695513930,train
train_3626041310,train
train_1180108733,train
train_1318907994,train
train_829584474,train
train_908465313,train
train_2657487688,train
train_4237032314,train
train_2482303278,train
train_1255642456,train
train_3811358828,test
train_1148970745,test
train_1641622956,train
train_139991135,val
train_143367438,test
train_142958281,train
train_2002324090,train
train_875974883,train
train_1343999834,train
train_2808873162,train
train_897628805,train
train_344999236,train
train_1373238505,test
train_2436225137,train
train_3136559023,train
train_1225822300,train
train_1537873079,train
train_2256618296,val
train_2242334343,train
train_1218265841,train
train_527397407,train
train_3887178345,train
train_557685345,test
train_2664730436,val
train_3396943647,val
train_820035401,train
train_731086343,train
train_860698853,train
train_2040492696,val
train_1409928820,test
train_2070349843,test
train_3507051553,train
train_1915837290,train
train_1853904853,train
train_4188711260,train
train_3414896717,train
train_1980655589,test
train_2137302106,train
train_948110932,train
train_1359377850,train
train_1871392990,val
train_3622660148,train
train_191850289,train
train_1891339621,train
train_2619436600,train
train_3173013958,train
train_784571098,train
train_3168301673,train
train_1575354575,train
train_3907506006,train
train_3371921266,test
train_4111207655,test
train_1331727138,train
train_193012017,test
train_2840159142,train
train_1024651175,val
train_3660315992,train
train_1781468472,test
train_2315937256,train
train_1539003385,train
train_223044984,train
train_1614784893,train
train_3773667588,val
train_3593687938,train
train_1955899797,train
train_651005625,train
train_776637533,train
train_2218610191,train
train_3085008691,train
train_813431460,train
train_2677915330,train
train_3215758500,train
train_3457052390,val
train_1871240284,val
train_1020471989,val
train_1205230069,val
train_3944679498,val
train_3409079058,test
train_481272730,test
train_172895354,train
train_2902279040,test
train_2344006837,train
train_2759112278,val
train_3562449986,train
train_961841340,train
train_481735562,train
train_3995195279,train
train_326746045,train
train_1475934100,test
train_613601093,test
train_3761021278,val
train_1495418601,train
train_599568200,train
train_1291357755,val
train_1854978533,train
train_3923222619,train
train_3307005719,train
train_29954514,train
train_2001239107,train
train_1039855602,train
train_789292603,train
train_1816104738,train
train_2355653542,train
train_1409099742,test
train_689313100,train
train_3183279654,test
train_3905726567,train
train_2389887677,test
train_4117163203,test
train_2965165091,train
train_587437944,train
train_2968611573,train
train_500368274,train
train_3439758834,val
train_3755829143,train
train_2866373427,train
train_1403659473,train
train_3001836842,train
train_2090194761,test
train_1431563868,train
train_828503973,train
train_2851080720,train
train_1634598069,train
train_1922564626,train
train_2628173721,train
train_1390637673,train
train_2890840693,test
train_438442613,train
train_2437589069,test
train_3168479519,train
train_1188909170,train
train_1662537134,val
train_2958616790,train
train_3363129319,train
train_3627237888,val
train_3325480444,train
train_3616631454,test
train_71742324,test
train_596739104,val
train_375865768,test
train_2305456308,train
train_3153150334,train
train_113737529,train
train_2001760144,train
train_645341534,train
train_445090463,val
train_2283774653,train
train_1824939160,train
train_2897506373,train
train_750450270,train
train_2493765847,test
train_632499329,train
train_4269751718,train
train_2699568096,val
train_1282503186,train
train_2828085321,test
train_529968817,train
train_3338833167,train
train_1635638130,train
train_462503326,train
train_2299646058,test
train_3616818172,train
train_2291772448,train
train_540684589,test
train_1630159224,train
train_1202297516,test
train_1663449900,train
train_1633312009,train
train_1403240912,test
train_455117034,test
train_2222168931,test
train_4224460093,train
train_3795175539,train
train_1933240464,val
train_2507582602,train
train_1012331527,train
train_170942422,train
train_331882059,train
train_3402415102,train
train_150718190,val
train_2821411182,train
train_3901229986,train
train_2614946687,test
train_4283296902,train
train_3129035145,test
train_2243014261,train
train_544586547,train
train_3715501661,train
train_740852476,test
train_2861878811,train
train_3122049698,test
train_87511165,test
train_3388132146,train
train_3370996463,test
train_4017640922,train
train_1383601791,train
train_462541577,train
train_2071975612,test
train_315635215,test
train_1224240247,train
train_1249772406,train
train_1261754065,train
train_3430807642,train
train_2788097060,train
train_247309383,train
train_2559568500,train
train_2999045037,val
train_2604130876,test
train_1146907504,train
train_3992461821,train
train_1079287407,train
train_138511403,train
train_2705300432,test
train_4200721899,val
train_1814016567,train
train_2116619833,train
train_3725644125,val
train_3012054172,test
train_2598294090,train
train_502889264,train
train_3173888435,val
train_1413749733,train
train_3746535839,train
train_659419155,test
train_3053636481,val
train_987967186,train
train_3477641933,train
train_3151862020,train
train_713504536,train
train_3476929312,train
train_738477701,train
train_895282301,train
train_1256098072,train
train_2910122043,train
train_3684191442,test
train_412631383,train
train_1429654057,train
train_1799532939,train
train_2120852020,test
train_1603145988,test
train_317520037,train
train_733018378,train
train_534054809,train
train_2119676290,train
train_982597801,train
train_4243941418,train
train_4067836661,train
train_1887561137,test
train_4115109678,train
train_1651913561,train
train_1196603450,test
train_1413292277,train
train_4283498233,train
train_1131692804,train
train_1196937195,train
train_554463971,train
train_1254262490,train
train_1408281543,train
train_844780087,train
train_3787172852,train
train_3234391259,train
train_745091095,train
train_2451213958,train
train_3443195390,train
train_1705401925,train
train_1576660218,train
train_1542324756,train
train_3838511554,train
train_2804765440,test
train_2142117527,val
train_291277626,train
train_709590039,train
train_2606787137,train
train_616583488,train
train_2906091296,train
train_3185834018,val
train_114260262,val
train_837846227,val
train_4047269990,val
train_481315621,train
train_4270250525,train
train_1720349146,test
train_4154363656,train
train_2000430644,train
train_2425691004,train
train_1452824406,train
train_599765471,val
train_3681127485,train
train_1137086434,train
train_2346926853,train
train_1633515278,train
train_2971310613,train
train_3740287621,test
train_392940273,train
train_1676987154,train
train_226166830,train
train_3389670457,val
train_2438943226,test
train_1631909847,train
train_1872425054,train
train_2455274011,test
train_1809350046,test
train_1301694844,train
train_3048680565,test
train_1971875588,train
train_4023595395,train
train_1068168018,test
train_135250740,train
train_3271326592,train
train_3982178276,train
train_2894665583,train
train_3196819781,val
train_2429537836,train
train_302260583,val
train_3485133646,train
train_1675502287,train
train_2788961795,train
train_183403491,train
train_2201679857,train
train_111051713,train
train_3792563117,train
train_76747356,test
train_4221138141,train
train_1079810959,train
train_2039326595,train
train_1694212672,train
train_3348395219,train
train_2930734945,test
train_312176679,train
train_1994084686,train
train_2815610753,test
train_770266648,train
train_3914548706,train
train_1896861913,train
train_1276883554,test
train_3742154620,train
train_1924147692,val
train_4095076913,train
train_3752337062,train
train_2198874599,train
train_3076724311,train
train_4010111882,train
train_2858688688,train
train_2128373817,train
train_4282799511,train
train_1214611445,train
train_1526321195,test
train_2280749427,train
train_330666203,test
train_2807983771,train
train_52054814,train
train_1294543072,train
train_908749612,train
train_578470285,test
train_256545849,train
train_213105612,val
train_331445960,train
train_3402391379,test
train_325070356,train
train_2042632289,test
train_1349607815,test
train_1930666510,train
train_532361675,train
train_1813759833,train
train_3723995479,train
train_3873831079,test
train_1031062298,train
train_2178373394,train
train_4195692331,train
train_111808742,val
train_861333056,train
train_3451549828,train
train_859832089,train
train_1839044995,train
train_478960551,train
train_4283283340,train
train_2747909569,val
train_817301313,test
train_2374862836,train
train_2864151316,train
train_2045531758,train
train_628693480,train
train_820733964,train
train_1635096721,val
train_3361185424,val
train_1097645154,val
train_1712419550,test
train_1749214254,train
train_744477389,train
train_3224735680,train
train_2965096801,train
train_2610407564,train
train_945171832,train
train_3930380728,train
train_1036376196,test
train_3556801163,test
train_2296011233,test
train_1966034422,train
train_730869187,train
train_1193135739,train
train_1289188174,val
train_1187070895,train
train_622019859,train
train_2749968558,train
train_3507156353,train
train_1864907098,train
train_1824521068,train
train_2818058849,train
train_1266761007,train
train_1754990394,train
train_1207788418,train
train_42580246,train
train_3979164818,train
train_2709088831,train
train_2528299723,train
train_2716276390,train
train_3044062597,test
train_1563702122,train
train_1700784486,train
train_2241919381,train
train_386894968,train
train_400079358,train
train_2710728655,train
train_922587305,val
train_1156173438,train
train_3449628058,train
train_3308531339,train
train_4049934619,train
train_2631989263,train
train_1222122895,train
train_1025137851,train
train_2129690418,train
train_113606675,train
train_2316863317,train
train_707196409,test
train_1313326115,val
train_3748628720,train
train_1071569835,train
train_3117821422,train
train_2276483004,train
train_187925984,train
train_2106733142,train
train_942722286,train
train_4157376463,test
train_306110865,train
train_677351624,train
train_1177695212,train
train_4227829187,train
train_274975325,test
train_3590438936,train
train_2972320039,train
train_1253139441,train
train_3265761569,train
train_232189854,train
train_4072917577,train
train_1189296939,train
train_3642379956,train
train_1277919767,train
train_3128064493,test
train_514130088,train
train_1893772587,train
train_3272396641,train
train_2551666218,train
train_1891057431,train
train_4220896172,train
train_2122409196,test
train_654919792,train
train_1859051647,test
train_1539749053,train
train_1004669508,train
train_2861662297,val
train_535526365,test
train_330018201,train
train_855480932,test
train_3462555684,val
train_467690219,train
train_2158231438,test
train_524920934,test
train_1491683498,test
train_1428562094,train
train_1456344619,train
train_3431488048,train
train_3135874548,test
train_1116028411,val
train_1943636245,val
train_3551635600,train
train_2679938050,val
train_4153691142,train
train_1796119710,val
train_2245530265,train
train_2117970336,test
train_3035916916,train
train_766682438,train
train_4197224874,train
train_620756860,test
train_3149368759,train
train_1231577335,train
train_4030835519,test
train_1038751514,test
train_3112106518,train
train_3283336377,train
train_3081203035,test
train_2799685006,train
train_3206197528,train
train_1746914999,test
train_2299104562,train
train_623640091,train
train_1770686858,train
train_3070924997,train
train_4091756237,test
train_2465075561,train
train_2467920316,val
train_853137811,train
train_2107209354,train
train_2683607405,train
train_2443572885,train
train_1417475589,train
train_1862150030,train
train_1188832669,train
train_399735450,train
train_2283921439,train
train_3204776609,val
train_3638417069,train
train_2262654060,train
train_3760708431,train
train_832508204,train
train_3748078796,train
train_3060512132,train
train_2554013,test
train_716457680,train
train_1211423023,train
train_3244775454,val
train_4120010746,train
train_1479983149,train
train_2807634269,train
train_3910682352,test
train_2679822205,train
train_265828435,train
train_1458116203,test
train_1941417987,val
train_1551099467,train
train_3888365793,train
train_1233840777,train
train_507154516,train
train_2008767899,test
train_101410456,test
train_4224558911,train
train_552357022,test
train_517820278,train
train_3368756977,train
train_1292645178,train
train_187571748,train
train_1484351768,test
train_1597985138,train
train_1166624744,test
train_4059561748,train
train_1690151859,train
train_418910179,train
train_1456438766,train
train_3709785772,test
train_3647195075,train
train_2986917912,train
train_3991628874,val
train_118416996,train
train_1649656451,train
train_810914677,val
train_2422776756,train
train_2460952678,train
train_827904767,train
train_44910160,train
train_3645207452,test
train_1410630226,train
train_3741046028,train
train_3499527699,train
train_292500381,train
train_133744829,test
train_713438769,test
train_2128474350,train
train_1064058231,train
train_3457803454,train
train_56303564,test
train_1493605288,test
train_2642222572,test
train_2245228877,test
train_1953877742,train
train_1484997819,train
train_2531013797,train
train_1041715554,train
train_357049888,train
train_419713741,train
train_1285326040,train
train_2852465611,test
train_1414384589,train
train_3096559342,test
train_983019297,train
train_1112234445,train
train_4081042814,test
train_2459308359,test
train_2231807959,val
train_2691623873,val
train_3815416270,val
train_3747682851,train
train_2138864516,train
train_1356494291,train
train_2414614678,test
train_2868204905,train
train_1583289838,train
train_2100928892,train
train_2122217437,train
train_3485729497,train
train_2276333157,train
train_2038796227,train
train_2203279688,train
train_3974550649,test
train_3689745277,test
train_1792055675,test
train_2971049307,test
train_2485414555,train
train_2255068493,train
train_2808633432,train
train_3838492072,val
train_3352486968,test
train_682053892,val
train_1222149943,train
train_583004462,train
train_986606202,test
train_1870816045,train
train_1513259656,train
train_1870539997,train
train_2401989032,train
train_3730949930,train
train_3432395335,val
train_1966518095,train
train_2597692909,val
train_3237804390,val
train_3660281394,test
train_1074208700,train
train_1966427691,train
train_2568497922,train
train_355828012,train
train_2439759785,train
train_3585077413,train
train_1080698977,test
train_2568939474,train
train_2210698400,train
train_3000207332,train
train_3310105433,train
train_1080156460,train
train_2341714491,train
train_484650418,test
train_861320072,train
train_900993758,train
train_2630784639,train
train_331743421,train
train_2238872848,train
train_2727105582,val
train_3288942522,test
train_2368930493,val
train_1503465130,val
train_3614136107,train
train_2470222196,train
train_1786751652,train
train_1709704726,train
train_1662289198,train
train_48285579,train
train_3717255603,train
train_3345394894,val
train_1420212134,train
train_975491384,train
train_1529308825,test
train_1308078222,train
train_1815599015,train
train_3868266662,train
train_2746388888,test
train_1888105184,test
train_873844439,test
train_3319743878,train
train_209819192,test
train_3129800719,test
train_989872076,test
train_3057088079,train
train_800383395,train
train_1620832367,train
train_694982875,train
train_3908345428,train
train_4103382451,test
train_464409097,train
train_107340153,train
train_2658759387,train
train_2892986907,train
train_2942409372,train
train_4015272346,train
train_167902055,train
train_3908367902,train
train_719800812,test
train_303556021,val
train_3241271929,val
train_1712159337,train
train_989784973,train
train_2639897193,test
train_1019589926,train
train_459378545,test
train_2524951110,val
train_1403838804,test
train_3367800529,train
train_3837417318,val
train_3878508307,train
train_658337227,test
train_3321525401,train
train_2532402456,train
train_2050441021,train
train_2008497233,train
train_2155530816,train
train_435896447,train
train_1545529902,train
train_4179232729,train
train_4028066521,val
train_2283023883,train
train_3559120886,train
train_2882530847,val
train_177122973,train
train_1562513118,test
train_2013174919,test
train_4023579759,test
train_1004671505,test
train_3926525957,train
train_131083368,train
train_2014768918,train
train_3971048339,val
train_5143427,train
train_4011872611,train
train_3734383421,train
train_3736459559,val
train_2819582543,test
train_469427796,train
train_2491905677,test
train_2284062596,train
train_2052839296,test
train_609242095,val
train_775230964,train
train_107383247,train
train_3001859317,train
train_1042431948,train
train_1364840271,test
train_479748377,train
train_1252266826,test
train_1166715503,train
train_1863897434,train
train_898978553,train
train_3790856253,val
train_2157834829,test
train_1936569559,train
train_3551412962,train
train_3329215556,train
train_3397770268,test
train_1023710543,val
train_3730529253,train
train_2113284888,val
train_927823170,test
train_454702781,val
train_525084091,train
train_3628476947,train
train_2623661886,train
train_3065118625,train
train_2450272360,train
train_3429819157,train
train_4137401939,train
train_3680816797,train
train_1336225555,train
train_2013950531,train
train_840074021,train
train_4239357215,train
train_1902875362,val
train_2865536277,train
train_496885691,test
train_396434532,train
train_3903657076,train
train_2857711708,train
train_2243906985,train
train_2089860996,train
train_1143750738,train
train_1158661921,val
train_1217957384,train
train_3074092208,train
train_3387316203,train
train_1197523951,train
train_3433433729,train
train_2097163287,train
train_252917753,train
train_2773280820,val
train_481441739,train
train_3087122266,val
train_1413730088,train
train_616111324,train
train_763582362,train
train_1683836480,train
train_841014828,train
train_26027635,train
train_483064676,train
train_1141499613,train
train_3973276262,test
train_2640584420,val
train_2037103794,train
train_236621138,train
train_3334116861,train
train_3791377459,test
train_725727340,train
train_28818844,train
train_2463671223,train
train_1842136088,test
train_4053627404,train
train_1242813413,train
train_569730469,train
train_2720635876,train
train_2086264821,test
train_1430582148,train
train_332973933,train
train_2558864920,val
train_1885045399,train
train_1506870629,test
train_212771174,train
train_4088173363,test
train_919884099,test
train_724998476,train
train_1613111107,train
train_3200611558,train
train_1880551159,train
train_1558825713,test
train_1257181844,test
train_4052358968,train
train_1857008310,train
train_1836205917,train
train_29647133,train
train_968013246,train
train_3650104071,train
train_1103363138,val
train_3755303608,test
train_1388258254,train
train_2044064395,val
train_2351169821,val
train_2933333227,val
train_1606528051,train
train_3968792554,val
train_3861925206,train
train_2164938299,val
train_245640872,test
train_2514259150,train
train_2455434992,train
train_562796881,train
train_1677006347,train
train_2081450544,train
train_3904195540,test
train_3831905701,val
train_2186050111,train
train_2416155033,test
train_110447624,test
train_1479347700,test
train_3898916296,train
train_3481016413,train
train_2207014061,train
train_609133041,train
train_110812879,val
train_1299376118,test
train_94364148,train
train_1395184200,train
train_3802954381,test
train_1962212019,train
train_1788286081,train
train_4205837137,test
train_147199890,train
train_1026277154,train
train_2407886647,train
train_3339339674,train
train_6664262,train
train_3959227767,val
train_725021222,train
train_3262429237,train
train_2811705706,train
train_2949820431,train
train_2601766721,train
train_3041560024,train
train_398849180,train
train_2501983503,train
train_2767660931,test
train_1701152335,train
train_720028833,train
train_832554303,test
train_2875404762,test
train_1463712112,train
train_64341723,train
train_322609066,train
train_268362394,val
train_3889833190,train
train_1496837190,train
train_3442232475,train
train_199778191,train
train_943646626,test
train_2581257419,test
train_498840783,train
train_3906542808,val
train_736555205,train
train_2312264726,train
train_2361148151,train
train_1124561103,train
train_3846999536,train
train_1843059976,train
train_3612433055,val
train_453806867,train
train_3973020511,train
train_2444370811,train
train_1601559161,train
train_3799832961,train
train_1663451742,train
train_3488009518,test
train_1552604514,train
train_2874065852,train
train_1090735886,test
train_682440235,train
train_4028628282,train
train_2319068459,train
train_4177701863,train
train_1236490957,test
train_1523239598,train
train_3741873901,train
train_2953208242,train
train_1203472573,test
train_3962148382,test
train_2341186235,train
train_1314538289,train
train_2661129964,train
train_560285169,train
train_1711572270,train
train_1552901670,test
train_3992357194,test
train_1687423220,train
train_3070576915,train
train_1956441742,train
train_4186383998,val
train_2218616760,train
train_3520598015,test
train_3704328798,train
train_3952897592,train
train_1391088974,train
train_3437656143,train
train_3659126635,train
train_3123064774,test
train_61724982,test
train_3049685172,train
train_2699272363,train
train_1454870450,train
train_3219916478,test
train_2238259263,train
train_2514049518,train
train_301336447,val
train_2952071547,test
train_2902275671,val
train_113679480,train
train_1058371136,train
train_2070181148,train
train_3950750523,test
train_4056670332,train
train_2034217808,test
train_4071539770,train
train_2216507241,train
train_789095699,train
train_3702636634,train
train_3188841615,test
train_2657399616,train
train_1838204775,train
train_2488417623,train
train_1143456373,train
train_2922345773,train
train_4287662582,train
train_1689256526,train
train_2346956172,train
train_2074971246,train
train_2559976231,train
train_3875648764,test
train_3368709673,test
train_2535653999,test
train_1111814078,train
train_4088794632,train
train_14586776,train
train_3391471402,train
train_2045279456,train
train_3355972974,train
train_3601127643,train
train_2398117812,train
train_524440965,train
train_3077293006,train
train_1224852666,train
train_2162275562,train
train_3056228766,train
train_3448357370,train
train_2352028503,train
train_2267298253,test
train_3451891172,val
train_2455861260,train
train_2888140482,train
train_3809883334,train
train_2996646379,test
train_3032730238,train
train_1610204949,train
train_3452758148,train
train_3537643504,test
train_2264008045,train
train_3929014345,train
train_2499283609,train
train_2987705546,train
train_1301540544,val
train_1359519279,train
train_281336726,train
train_4134145343,train
train_836928399,train
train_1374635274,test
train_1129392865,train
train_3330213819,train
train_2836357934,train
train_487719416,train
train_3276132288,test
train_3424343147,train
train_3259252223,train
train_1863601287,train
train_1921036809,train
train_951867535,train
train_1799291694,train
train_4047709627,val
train_876575564,train
train_1236783601,test
train_3436404342,train
train_3836388007,train
train_3062074862,train
train_209530549,test
train_3328676062,val
train_1327405961,train
train_876324182,train
train_4175353451,train
train_2198144103,test
train_89472349,train
train_2768628397,test
train_1819680561,train
train_1509108043,test
train_1235088356,train
train_2424013900,val
train_111770232,train
train_4135984053,train
train_2932956574,train
train_4112614329,train
train_1514275177,train
train_1855016139,train
train_4056478123,val
train_2598346749,train
train_3013343856,train
train_105782634,train
train_915381627,test
train_1619748133,train
train_3678790991,train
train_2445211848,train
train_85523784,train
train_2170940353,train
train_1960805392,train
train_1147279172,train
train_3185430854,train
train_1394053597,test
train_3541037600,train
train_791216372,train
train_1296176406,train
train_61534212,train
train_1637963130,train
train_4274148948,train
train_213605264,test
train_54366597,train
train_2148219198,test
train_284502269,train
train_2572573631,train
train_2184995856,val
train_854048382,train
train_1462471628,train
train_3614250927,train
train_3905467334,train
train_1146561038,train
train_3843844847,train
train_2098272543,train
train_1255644944,train
train_1831005023,test
train_415398802,train
train_2113524883,train
train_1661963375,test
train_1935305475,train
train_4137127341,test
train_4246657881,val
train_1342167031,train
train_3953778958,train
train_1078371349,train
train_3806866394,train
train_1116225055,train
train_1974987067,train
train_2074210854,val
train_1719993448,val
train_1359729681,train
train_1041829804,test
train_1977593834,test
train_1028972867,train
train_827479404,train
train_1618304228,train
train_1522904582,train
train_3079007610,val
train_2108310668,train
train_3586515255,train
train_2483245509,train
train_3327889878,train
train_3866127272,train
train_2679447132,train
train_3100485896,train
train_3557775099,test
train_3404082299,train
train_2405882705,test
train_1123490626,test
train_3016316138,train
train_1873219509,val
train_1164484477,train
train_1804877656,train
train_4066065171,train
train_3085433038,train
train_3561445935,train
train_3713268600,train
train_2660489528,test
train_2773224933,train
train_2652543756,train
train_325405286,test
train_4202753415,train
train_316108212,test
train_719967382,train
train_969073825,train
train_3600695867,train
train_149240701,train
train_2544777137,train
train_2614395847,train
train_1759698792,train
train_110038402,val
train_897922560,train
train_3009831124,train
train_3416945187,test
train_3367934876,train
train_492779373,train
train_4212980626,train
train_1094282859,test
train_4172997341,train
train_3799817202,test
train_1927837897,train
train_3701503555,train
train_3771136899,train
train_2665739964,train
train_423447624,test
train_2922526664,train
train_777604213,train
train_3297234221,train
train_3949487098,train
train_3793991718,train
train_995706035,test
train_1729397793,train
train_1314940581,test
train_2807155010,train
train_1866320878,test
train_756384910,train
train_1956927018,train
train_2105580548,train
train_2148397398,train
train_1325803250,train
train_548705591,test
train_3877758861,train
train_845691822,train
train_2385084757,val
train_2521483541,train
train_2686627319,train
train_608270229,test
train_2381381744,train
train_2167541923,train
train_4116316421,train
train_4280580992,train
train_3517646697,train
train_4111259456,test
train_2375408350,train
train_3398874534,train
train_3530558534,train
train_4188727779,train
train_1073345113,train
train_1482993046,train
train_1920962018,test
train_3568737372,train
train_1352013638,train
train_2421378296,train
train_410895741,train
train_2854896291,train
train_3199660393,train
train_2489802896,train
train_4153392359,train
train_2070273454,val
train_1794726174,train
train_687184374,train
train_4048836171,train
train_3392677272,train
train_2247395258,train
train_3996182881,test
train_2210706849,val
train_258105777,train
train_2109551117,train
train_3034496698,train
train_2833307243,train
train_851858367,train
train_326965149,test
train_1836175876,train
train_4020916097,train
train_2961703148,train
train_4292771935,train
train_2093953377,train
train_1134306225,train
train_1274231471,train
train_766710311,train
train_2124608846,train
train_3631086712,test
train_171792378,train
train_1588773883,train
train_3278507965,train
train_3998109132,train
train_1665508579,train
train_574223332,train
train_1938917822,train
train_47818822,train
train_2008776065,train
train_3854771213,train
train_2380541291,train
train_1477276462,val
train_2398692101,train
train_3193099700,train
train_3746460104,train
train_3138060503,val
train_1431053328,train
train_2652800276,train
train_2543365567,train
train_1196350027,train
train_3130476894,train
train_1915102032,train
train_327329491,train
train_1608747610,train
train_3033754052,train
train_1132571023,train
train_3850437168,train
train_3133784997,train
train_3074693067,train
train_172439299,train
train_3539657011,train
train_1030732466,train
train_2632634612,train
train_1118737835,train
train_3657396533,test
train_270324793,val
train_1963165572,train
train_3655323022,val
train_660757861,train
train_1600926927,train
train_733133460,train
train_1042444098,train
train_2618666642,train
train_3072795948,train
train_3175853833,train
train_3531948194,train
train_824732567,train
train_2043455052,train
train_393311179,test
train_2490342278,train
train_689287526,train
train_3655123622,train
train_1935217511,test
train_1260898064,train
train_1719566032,val
train_3406880042,train
train_703849407,test
train_3195163448,train
train_3050846549,train
train_4133784826,train
train_1054211816,test
train_23518822,test
train_778165768,train
train_454197079,train
train_1362943851,test
train_1649344261,train
train_65221692,train
train_2321760701,train
train_3285919400,train
train_3317192544,train
train_1590312601,test
train_3755917346,train
train_2713918463,train
train_1012619529,test
train_731855263,train
train_2608332947,train
train_2936413111,val
train_3132796658,train
train_1294901704,test
train_3166197308,train
train_992344861,train
train_2216976318,train
train_1145062173,val
train_1632363693,val
train_2552801283,train
train_3192868779,test
train_4103273745,test
train_2280100683,test
train_2946150478,train
train_1613263062,test
train_860637950,test
train_2964998711,val
train_837388645,train
train_3944829428,test
train_2257257583,train
train_3683292025,train
train_1448532070,test
train_4067007467,test
train_660894226,train
train_2019096404,train
train_2677353184,train
train_896939691,train
train_636451836,val
train_2888978786,val
train_126147864,val
train_3027357588,test
train_2056889473,train
train_871382520,train
train_3875494438,val
train_89617960,train
train_60167150,train
train_3308336522,train
train_1719691194,train
train_2213046756,train
train_4184151264,train
train_1331727154,train
train_2645873492,train
train_1060238576,train
train_2760497146,val
train_2905261157,train
train_633526244,test
train_2030865860,train
train_3869664966,test
train_2351791807,test
train_106511240,train
train_4122986616,train
train_4235592175,train
train_1668881079,train
train_958153727,train
train_4068972616,train
train_2526627167,test
train_2540651790,train
train_565848201,train
train_250967470,train
train_4262943865,test
train_4093716985,train
train_702541904,test
train_1731194588,train
train_1232614674,train
train_1627732617,train
train_1298341805,train
train_969745283,test
train_4136669705,train
train_245165919,train
train_3263104553,train
train_1043384855,train
train_1914874769,train
train_2379515820,test
train_75122079,test
train_3028784307,train
train_468693636,train
train_2512390616,train
train_3014645073,train
train_2174276947,train
train_3054045316,test
train_1329824940,test
train_3123828552,train
train_2170543645,train
train_2030865012,train
train_3743547646,train
train_1292448674,test
train_3830159810,train
train_1095088666,train
train_2564028201,test
train_751863621,val
train_24080171,train
train_2634745536,test
train_3467356065,train
train_1411489177,train
train_1123062391,test
train_3320181626,test
train_178042009,train
train_2039812806,train
train_1932076128,train
train_452547024,train
train_4285228637,val
train_3449872267,train
train_3396515577,train
train_3665612388,train
train_1230321191,test
train_3647685724,train
train_2283095382,train
train_25648347,train
train_3202887988,train
train_1558584621,train
train_2125554905,train
train_542112535,train
train_3601120928,train
train_3887565568,train
train_3100671862,train
train_322813306,train
train_1888464306,train
train_2510595818,train
train_1059721049,train
train_4240358892,test
train_1455549102,train
train_273082086,train
train_1777184272,test
train_328702340,train
train_2568554966,train
train_3504103768,test
train_910206103,train
train_3173813058,train
train_1198128332,train
train_3890950499,train
train_3691124331,test
train_2538871294,train
train_1919375704,train
train_252076048,train
train_107527158,train
train_3207710195,train
train_3538213567,train
train_1257844680,train
train_1216531591,train
train_1037865617,train
train_1302066437,test
train_257319821,train
train_3466276137,train
train_1447299648,train
train_584579213,train
train_1825071132,train
train_2017409335,train
train_4226830189,train
train_3128571486,train
train_3467675938,train
train_4068964796,test
train_1160179946,val
train_1654793776,train
train_2805806584,train
train_1127257296,train
train_1196843477,train
train_3707060629,test
train_3821881303,train
train_2796392069,train
train_1762528160,val
train_2587485173,val
train_1077985238,train
train_4233815244,train
train_742215561,test
train_3067795957,test
train_1955891964,train
train_1109444800,test
train_93714656,train
train_2215579597,test
train_461569087,test
train_3096718857,train
train_1350158381,train
train_1205857,test
train_3335768351,test
train_3272915227,train
train_2354922468,train
train_4164132244,train
train_110866581,train
train_547115972,train
train_1863482601,train
train_835835864,train
train_2216410129,train
train_1649718853,train
train_1524358261,train
train_3696624116,test
train_1619855311,train
train_2839949857,test
train_966357640,train
train_464077765,val
train_1638292695,train
train_2390943309,train
train_641609640,train
train_3997066022,train
train_466135735,train
train_4055572871,val
train_907754214,train
train_3260183998,test
train_2777723887,train
train_3947763284,train
train_490027414,train
train_256227777,train
train_1649051608,train
train_453865227,train
train_2486362364,val
train_3195776307,train
train_2446533322,train
train_4046954781,test
train_885107592,train
train_2232840147,val
train_2807562056,train
train_2381730056,train
train_1075983635,train
train_1379503025,val
train_184811153,test
train_665729486,train
train_2066206115,train
train_496956365,test
train_1315975412,train
train_3755702866,train
train_511637898,train
train_1848698155,train
train_4283013643,val
train_2164233590,train
train_765561469,val
train_3479796122,val
train_306680793,val
train_3260950578,train
train_3059335205,test
train_3259786011,test
train_475846900,train
train_1752730654,train
train_3582068839,train
train_510667590,train
train_453117596,test
train_3690236372,train
train_856120369,test
train_3451549965,train
train_1306906524,train
train_3307609038,train
train_2016117588,train
train_3570788818,train
train_1905522952,train
train_2755794799,train
train_390005367,train
train_86234003,train
train_3684706998,test
train_3333031575,train
train_1333548885,train
train_908867586,train
train_2891956003,train
train_3995330724,train
train_1808180374,train
train_1902550546,train
train_2776172987,train
train_4075413804,train
train_2469207629,train
train_3845683265,train
train_4229923355,train
train_3189609567,test
train_683767919,train
train_3735662477,test
train_3514865662,train
train_3663389447,train
train_1948153587,train
train_3623838856,train
train_3718856258,val
train_548692359,train
train_388491688,test
train_245856408,train
train_3083634204,train
train_553562592,train
train_2490066950,test
train_797504621,val
train_3985990210,train
train_3448755423,train
train_4113208928,val
train_671649605,test
train_865521865,train
train_2567870039,train
train_2089540208,train
train_3349584900,test
train_2261401027,train
train_694561934,test
train_1574813540,train
train_710709799,train
train_797501907,train
train_3481151531,test
train_70731646,train
train_2685077996,train
train_1783496192,train
train_1478340421,train
train_3825207617,train
train_1692082994,test
train_699619998,train
train_185768457,train
train_3580014680,train
train_496395883,test
train_1259794269,train
train_2525512967,train
train_528219452,train
train_973648209,train
train_2007604371,train
train_70202267,train
train_760707231,test
train_2356287805,train
train_621704597,train
train_1307823171,train
train_1472892982,val
train_1087747164,train
train_4144490020,train
train_3945647460,test
train_4056039763,test
train_2148830357,test
train_4070019637,train
train_211686610,train
train_1097992391,train
train_2902588660,train
train_206188175,test
train_1555633968,test
train_1616594570,train
train_2021766900,test
train_2416067554,train
train_1369918853,test
train_2653180778,train
train_247841371,val
train_99196156,train
train_3178715139,train
train_147379739,train
train_1422170664,train
train_955619098,train
train_2898212624,val
train_228105934,test
train_3354033395,train
train_3550403577,train
train_1372676133,train
train_4193722234,val
train_2525291046,train
train_1647381843,train
train_2227478163,val
train_702154010,train
train_1344439218,test
train_3575890145,test
train_2068026682,test
train_3151789779,train
train_2515066573,train
train_1451241310,train
train_2035900367,val
train_3716985734,test
train_330121189,train
train_3753747837,train
train_680466649,train
train_2499661816,val
train_362302335,train
train_4055855450,test
train_708741475,test
train_3279063051,test
train_3660766569,train
train_619286270,test
train_1445126832,test
train_4115840862,test
train_544340639,val
train_2130385567,train
train_3709532605,train
train_812319374,train
train_4217521443,train
train_21800707,train
train_220681880,val
train_1414539910,train
train_2821328746,train
train_3882424526,train
train_1520763422,train
train_1932958779,train
train_1756821746,train
train_1475040929,train
train_2847940048,train
train_3576294258,train
train_2394081634,train
train_3918186796,train
train_2108070979,train
train_4044410214,val
train_3421652926,train
train_2109064108,train
train_3404318740,train
train_2701709422,test
train_989660708,train
train_3027423772,train
train_3052745886,train
train_1131479872,train
train_2024287467,train
train_4121818726,test
train_1378218030,train
train_1592349311,train
train_616891597,test
train_1559543721,train
train_2585056633,train
train_489691448,train
train_1893840439,val
train_1870827227,test
train_493777288,test
train_401244684,train
train_3110690777,train
train_2532312733,train
train_422390188,train
train_3376891498,train
train_1460480284,train
train_779586036,test
train_3658212063,train
train_4170838646,val
train_2209205848,train
train_2007119067,train
train_237149258,test
train_995686072,train
train_172802175,train
train_4140248621,test
train_2959906366,train
train_3068718036,train
train_2596033311,train
train_2760981836,train
train_1116304223,train
train_2952536033,train
train_3612815702,train
train_791751795,train
train_953410009,train
train_98884917,train
train_563650917,train
train_963961617,val
train_189787237,train
train_458229590,val
train_1268414454,val
train_179961211,train
train_4000280485,train
train_3125040478,val
train_119541152,train
train_3052730201,test
train_2598912115,train
train_2140928347,test
train_3574057351,train
train_1195382316,train
train_644228956,train
train_3785039355,train
train_1334362576,train
train_1656747125,val
train_4188627252,train
train_906697578,train
train_1163894694,train
train_4029961125,test
train_293463146,train
train_2833245409,train
train_2446488568,train
train_1260667326,train
train_3405185591,train
train_4283069083,test
train_458374775,test
train_134811928,train
train_2520443270,test
train_2255802735,train
train_304770491,train
train_3030129206,train
train_1979989906,train
train_1419700762,test
train_2589361419,train
train_2718084131,train
train_51897346,test
train_1464621106,val
train_2826621003,train
train_623079160,train
train_1885415097,test
train_2727970905,train
train_3546985144,train
train_589146555,train
train_2122284733,train
train_3414398031,train
train_1952098551,test
train_569902990,train
train_479852691,test
train_2940569963,val
train_2925701809,test
train_3805960681,test
train_2351081465,train
train_2644277324,test
train_1219792407,train
train_3414285176,train
train_1788428051,train
train_923033414,test
train_2099658445,train
train_618110184,val
train_3311763835,val
train_4017871553,train
train_3057374867,test
train_2553461247,train
train_1709602257,train
train_2897145525,train
train_1392905157,train
train_441264806,train
train_2069323081,train
train_714636788,train
train_1919950255,train
train_2709669753,test
train_2360186177,train
train_328859776,train
train_2151996687,val
train_8661472,train
train_362942182,train
train_1940184172,train
train_2685397252,train
train_71511156,train
train_2601913533,train
train_2997540044,train
train_1099813451,train
train_3050986459,test
train_1161854903,test
train_2742134092,train
train_736415731,train
train_512878744,val
train_1062739910,train
train_2232408411,train
train_3784934945,val
train_1078724073,train
train_1552461840,train
train_1068676888,train
train_4091449169,train
train_4201527787,test
train_2093117156,test
train_2708049684,train
train_1908049228,train
train_646720782,train
train_1517624697,test
train_38697839,test
train_3728066237,train
train_1767083852,train
train_1734796888,train
train_229000892,train
train_4269204505,train
train_1434682905,train
train_1947180573,test
train_2530551114,test
train_2013806779,train
train_938947990,train
train_1374970932,train
train_3759478552,train
train_3629821058,train
train_3400541054,train
train_1847547236,train
train_4120272994,train
train_1598259684,train
train_4117853354,train
train_2710637784,test
train_2426353263,train
train_2980402703,train
train_2945535859,test
train_3987270330,train
train_2884575572,train
train_812803713,train
train_2788090676,test
train_1835737071,train
train_2584338419,train
train_2554774440,train
train_1629071244,train
train_1246687845,test
train_3885041661,train
train_2731013995,train
train_1689707531,train
train_333799052,train
train_460915158,train
train_2989513475,train
train_604973049,train
train_1607763504,train
train_3289840180,test
train_3380724732,train
train_1898472445,test
train_3067118885,train
train_1163295346,train
train_2057291100,train
train_2287615619,test
train_2366031701,train
train_2275467687,train
train_2978655605,train
train_1651492255,test
train_543706890,test
train_3747894294,train
train_1811729709,train
train_1040975959,train
train_3830384340,train
train_77176559,val
train_1747112126,train
train_3460109157,train
train_4152112601,train
train_1664636267,test
train_512823255,train
train_2614919161,val
train_1816503786,test
train_3742569753,train
train_4270187918,train
train_595222550,train
train_3961117946,train
train_1452043445,train
train_2879164756,train
train_1078407938,val
train_1104136780,train
train_1035186696,val
train_3011816356,train
train_4048133262,train
train_1880291231,test
train_3999738856,train
train_3396881816,train
train_3980670781,train
train_3781160337,train
train_3712550520,train
train_2202389457,train
train_1008375716,train
train_2863354788,train
train_419841635,train
train_691428183,val
train_2863108777,test
train_1239105841,train
train_3525945539,train
train_3083931514,train
train_1964612279,test
train_1248574177,train
train_1544517056,train
train_2068975294,train
train_2650229719,train
train_3357811163,train
train_1329630380,train
train_3925145158,train
train_3569483417,val
train_538180019,test
train_4070413770,train
train_2374620957,train
train_3518026116,val
train_419092572,test
train_668747929,test
train_2740015442,val
train_1945473201,train
train_2830351413,train
train_1746592200,train
train_4133489224,train
train_1048853262,test
train_2192511881,train
train_2836548437,train
train_1262816614,test
train_3316597617,train
train_3353910703,train
train_2739541152,test
train_3625839053,train
train_1063583274,train
train_1050822050,train
train_962986655,train
train_865656908,train
train_2337859400,train
train_4200515096,train
train_492825805,train
train_1815585692,val
train_4247738812,train
train_3372306189,train
train_905603699,test
train_1686176770,test
train_2047436110,train
train_1693361085,train
train_2358148756,train
train_2642111887,train
train_1174931869,train
train_1693157824,train
train_3854824918,train
train_2679817280,test
train_330114800,val
train_1514053866,val
train_831729890,val
train_158092055,train
train_3394167858,train
train_4028538739,train
train_204889793,val
train_735987942,train
train_3260959403,train
train_243501569,train
train_2124651970,train
train_1437076650,train
train_4140567747,test
train_3801646209,train
train_1090208413,train
train_59612027,train
train_3205349916,train
train_4291648132,test
train_400145853,test
train_455053906,train
train_13360731,train
train_1514489006,train
train_2398291386,train
train_2321055884,train
train_1000976599,train
train_322334707,train
train_603125329,train
train_1566150752,test
train_954466484,test
train_1962506898,train
train_2724583600,test
train_2074205316,train
train_1815963887,train
train_772273603,test
train_2155025420,train
train_2487966625,train
train_1682112965,train
train_2398123400,train
train_3063464967,train
train_3611193394,test
train_1666163768,train
train_2321598127,test
train_2512811171,train
train_2597566774,train
train_4163409220,test
train_2409698504,train
train_1100764139,test
train_495331568,val
train_2406314599,train
train_4027901160,train
train_2652611679,val
train_1864441089,train
train_101835396,train
train_3425831806,train
train_2191456961,train
train_2901880479,train
train_3820962727,test
train_2543735156,train
train_1230470917,test
train_2311763337,train
train_3975993284,test
train_979952849,train
train_1634132578,train
train_2026531245,train
train_493265472,train
train_2187448134,train
train_885666273,train
train_1759360687,train
train_3083096237,train
train_2354269215,train
train_625022305,test
train_2209892224,train
train_1951194780,val
train_2920614049,train
train_2797669564,train
train_3330791558,train
train_259228423,train
train_4015737225,train
train_3831201555,test
train_643006896,test
train_2024334879,train
train_588783670,train
train_3729339840,test
train_431068429,test
train_3024516969,train
train_2322465974,train
train_1037216711,train
train_174385203,train
train_3679426767,test
train_1205586120,train
train_43858483,train
train_2593211921,train
train_1007043494,test
train_668203555,test
train_64347754,test
train_4224419548,train
train_336084329,val
train_3897715894,test
train_493326067,test
train_260642745,train
train_726195683,train
train_3803549515,train
train_4246575566,train
train_1086707254,train
train_4107668186,val
train_1988012800,train
train_3050153221,train
train_3114424060,train
train_4024818434,train
train_3131652273,test
train_3261617386,train
train_3874935836,test
train_2984720314,train
train_2017396649,train
train_589283887,train
train_3875880542,train
train_803661824,train
train_1651603525,train
train_3080311168,train
train_3963874452,train
train_3185005825,train
train_3437295268,train
train_3033567206,train
train_2390457053,train
train_1619444197,train
train_3284081826,train
train_3619974502,train
train_2055586540,train
train_564808196,train
train_2099429344,train
train_2583186327,train
train_104885722,train
train_4046000534,train
train_163760782,train
train_3448377589,test
train_1368126278,train
train_1763478996,train
train_59789283,train
train_3537638610,train
train_2092174604,test
train_3569147945,test
train_4069428128,train
train_3676878111,train
train_140549457,train
train_1684472301,train
train_3644853854,train
train_3633958217,train
train_4076784419,train
train_1629465691,val
train_1445733336,train
train_2568346873,train
train_3590031883,train
train_2365948569,train
train_1352114104,test
train_1389850798,train
train_3776437086,train
train_2851441382,train
train_485219953,train
train_1966791736,train
train_2249939733,train
train_1097011287,train
train_1800010854,test
train_4183589277,test
train_3990138687,test
train_1848368643,val
train_3634481908,train
train_2034618598,train
train_2335757611,train
train_3164813132,train
train_1496035061,train
train_3654857974,train
train_3744203137,train
train_3455969887,val
train_4169474828,train
train_46458775,val
train_1093433235,train
train_1566232216,train
train_857145375,test
train_1333161794,test
train_3856452462,test
train_248270409,train
train_1807756594,train
train_469794532,train
train_2314136144,train
train_1708397227,train
train_167978582,train
train_2595001469,train
train_4182910081,train
train_2005792583,train
train_215301090,train
train_1274012398,train
train_3335317610,val
train_1628333119,train
train_3013651058,val
train_3557155526,val
train_2780049800,val
train_3466756274,train
train_401279840,test
train_1639537994,train
train_4024306798,train
train_1246860385,train
train_1091371065,val
train_1426058003,train
train_3032362019,test
train_3796785980,train
train_2732035890,val
train_222355490,train
train_3168232092,train
train_1658500448,train
train_1816173262,val
train_3380965219,train
train_357492071,test
train_2034828231,val
train_2475088382,train
train_959974891,val
train_756122932,train
train_2252301403,train
train_3837438349,train
train_2224156280,test
train_2226269261,train
train_2359464421,test
train_1526020135,train
train_3164748756,train
train_2139069394,train
train_776598540,train
train_1992679319,train
train_690190523,train
train_4115453730,val
train_1590793906,val
train_3897749682,val
train_2298905720,train
train_496877372,train
train_1555135455,train
train_3003249466,train
train_2583658022,train
train_258034937,train
train_1982857988,train
train_2269868660,train
train_328539657,train
train_2418995575,val
train_2203217971,train
train_3621483595,train
train_2096310118,train
train_3122164478,train
train_2565641823,test
train_2065429935,train
train_2419111691,train
train_981486171,train
train_37366756,train
train_287905271,train
train_2984389170,train
train_3753603577,train
train_1188980157,train
train_2079746446,val
train_261282232,train
train_2804316316,train
train_3929464671,train
train_3831516327,train
train_2940781680,train
train_4286335457,test
train_900795972,train
train_548782513,train
train_3604463841,train
train_1973806864,train
train_3848732432,test
train_826288952,val
train_3103365199,train
train_3794401293,train
train_546612253,train
train_216621148,val
train_3471900268,train
train_2045881322,train
train_13037096,train
train_3337221240,test
train_4225922983,train
train_154697717,test
train_4207674897,train
train_1937001163,train
train_3385080340,train
train_545145734,test
train_2973291863,train
train_4260776868,train
train_3762002724,train
train_3256219015,train
train_933371660,train
train_2933680206,train
train_2047313122,test
train_2851344233,train
train_1707281357,train
train_2096335458,train
train_2674953963,test
train_2387398437,train
train_2315240310,train
train_2065747370,test
train_2416452020,train
train_1137329612,train
train_3145079693,train
train_3676793370,val
train_2778142613,val
train_2411431673,train
train_342010894,train
train_1597545269,train
train_99880121,train
train_331127324,train
train_2319568806,train
train_3236789405,train
train_581111415,train
train_395732057,train
train_3489639599,train
train_4159282123,test
train_3193849510,train
train_2495329807,test
train_1631840955,train
train_1463274034,train
train_3750388440,train
train_1933077953,test
train_2227717348,train
train_1874877324,train
train_712767445,test
train_1434255509,train
train_396036486,train
train_3829394802,train
train_2929121762,train
train_1559260563,val
train_675405376,train
train_3224804343,train
train_3189128590,train
train_3741575657,train
train_28904344,train
train_297841314,test
train_1492405839,test
train_3687703485,test
train_2261508730,train
train_4265345721,test
train_3651614305,train
train_1337569431,train
train_4227251226,test
train_2668910044,test
train_261999701,train
train_2981020128,train
train_3498922695,train
train_3247587892,test
train_3341911345,train
train_2237957231,train
train_1486410344,train
train_3057839792,test
train_3492159635,test
train_830884721,train
train_621862145,train
train_3855585302,train
train_1119278754,train
train_3112970912,train
train_3614143168,train
train_480006902,train
train_3474847052,train
train_1501854937,test
train_2202328445,test
train_1401990065,train
train_818202932,train
train_748504357,train
train_567790605,test
train_501738077,test
train_3764587960,val
train_2619714095,test
train_2547528283,train
train_1829327780,test
train_2689474962,train
train_3722430985,val
train_1950639044,train
train_3247209446,train
train_1930813487,train
train_1213117778,train
train_291848503,train
train_4271193022,test
train_3479812332,train
train_1345122069,test
train_4263224699,train
train_681289713,train
train_2280916359,train
train_3185347590,train
train_1423079611,train
train_1396379865,test
train_4206829166,test
train_2091717035,train
train_1145933174,train
train_59243023,train
train_2004151340,train
train_3643616479,train
train_435998263,train
train_2660218308,train
train_4228802307,train
train_2615888969,train
train_348240575,train
train_1538689118,train
train_2394198590,train
train_2336648124,train
train_3828393494,train
train_2819644170,train
train_74611809,train
train_3064548120,train
train_35919463,train
train_603410791,train
train_2668012397,train
train_2720473227,train
train_2627311838,train
train_4253260589,train
train_2758762541,train
train_1705726877,train
train_2786865126,train
train_2689949880,train
train_2733576994,train
train_3657969043,train
train_4061302754,train
train_4278354844,train
train_1136147356,train
train_1561643004,test
train_864445642,train
train_412561407,train
train_622762570,train
train_219713110,train
train_3983514696,train
train_2859150163,train
train_631773192,val
train_3379508903,val
train_3130194332,val
train_3967513670,train
train_1718800248,train
train_2108567123,train
train_837157045,train
train_2229016750,test
train_2816201208,train
train_267527227,test
train_2611506209,test
train_2855665016,train
train_855376765,train
train_2919450156,train
train_1974098490,test
train_1407770700,train
train_379528076,val
train_1258434395,train
train_1914479454,train
train_3578385942,train
train_214107070,test
train_125993529,val
train_2857543447,val
train_4029639435,train
train_3771232329,test
train_2267283996,test
train_3862154859,train
train_1369506345,train
train_1861409769,train
train_831789544,test
train_1274354654,train
train_1592828384,test
train_3255436889,val
train_4090677916,train
train_249654934,test
train_2536656304,test
train_1777444494,test
train_3600941224,train
train_3251455933,train
train_2338517573,val
train_3632945155,train
train_1564213287,test
train_40347858,test
train_3595686558,train
train_508249386,train
train_4069724528,test
train_1121018736,train
train_593578998,train
train_2193627504,train
train_2028441650,train
train_3115217579,train
train_34474958,test
train_2628505961,train
train_1156535626,train
train_722983643,train
train_46854445,train
train_1269486079,train
train_113300865,train
train_1745659981,test
train_4018640682,test
train_1421317796,train
train_1781165040,val
train_368733761,train
train_220921526,test
train_2857738011,train
train_4001116944,val
train_2063821885,test
train_1103195249,train
train_3918141160,val
train_2248630472,test
train_3691543566,train
train_2070416681,train
train_3281036138,train
train_1344750098,val
train_58574564,test
train_3439436499,train
train_1373140230,train
train_669275047,train
train_2712782,train
train_800772245,test
train_583971919,train
train_2220525500,train
train_2393535903,test
train_3252116947,train
train_1423698310,train
train_3347000761,train
train_2626497576,test
train_3961861941,train
train_3711911761,train
train_3896983062,train
train_756883026,train
train_876622850,train
train_3050342388,train
train_3858791647,test
train_2974564568,train
train_4118514224,train
train_1879403358,test
train_2325372067,val
train_1061078100,train
train_411825020,train
train_2653612205,train
train_4127716202,train
train_505981888,train
train_1387790693,train
train_3067211295,train
train_3386709900,train
train_1966362616,train
train_3336598360,test
train_1441996822,val
train_4252464502,test
train_4214160226,train
train_1302658454,train
train_2673884846,train
train_4236612117,train
train_351250497,train
train_2485902957,train
train_2542939119,test
train_1542192859,val
train_1497515745,train
train_1841556261,test
train_3669822508,train
train_3464980807,val
train_900745873,train
train_2444608895,train
train_2403895833,train
train_875958858,val
train_1271922372,train
train_3349371239,test
train_4151900908,train
train_1422480324,train
train_1086590993,train
train_1983111658,test
train_1808865967,train
train_910440218,train
train_1643723816,train
train_3251720961,train
train_3224898384,val
train_2063774631,train
train_3847252486,val
train_581911789,test
train_2663152510,val
train_1905777405,train
train_3552406826,train
train_3208685077,train
train_3796733877,train
train_2204084575,test
train_3786847172,train
train_2183656041,train
train_3970346250,train
train_598231022,test
train_1186067641,test
train_4001439713,test
train_2455579816,train
train_615753519,train
train_3547534050,test
train_3589878390,train
train_3509272399,train
train_4125542135,test
train_2667978826,test
train_824747324,train
train_784027128,test
train_1103671857,test
train_2725927886,test
train_3087795505,train
train_387745288,train
train_2993518446,train
train_3241967240,train
train_2071576088,train
train_997033770,train
train_613062590,train
train_1767142380,val
train_1255733781,val
train_1375494981,test
train_2478821363,train
train_1447255347,train
train_3320120791,train
train_4248278437,test
train_1251197025,val
train_112132613,train
train_3307385969,train
train_917112940,train
train_58793206,train
train_1294823347,train
train_1322328268,train
train_548892835,train
train_3401304691,test
train_1650461044,train
train_2361780935,train
train_2067165629,train
train_1030681572,test
train_3973535453,train
train_3444582216,train
train_4252425535,val
train_2343815028,train
train_2597086733,train
train_2957381372,train
train_3717854698,val
train_400264382,train
train_3944126362,test
train_1342068588,train
train_689777229,train
train_73914758,train
train_3840523435,val
train_923725238,train
train_2636515079,train
train_737471793,train
train_2912947508,test
train_1973415914,test
train_1628467056,train
train_2333924615,train
train_86359751,train
train_2226385045,test
train_1370386400,train
train_354147588,val
train_3655224593,test
train_2236041133,test
train_798983928,train
train_3978968621,train
train_4012114079,train
train_540466836,train
train_4270956187,test
train_4016682862,val
train_2773568286,test
train_3014054920,test
train_1775247709,val
train_3128993885,test
train_3583157906,test
train_1757698001,train
train_2250132017,train
train_3377395713,train
train_2203945580,test
train_1822844834,test
train_3327371030,train
train_3367877516,train
train_2258675371,train
train_2423283889,test
train_160255660,train
train_3153795665,val
train_2947617779,train
train_1827788872,train
train_2815978193,test
train_3436601736,train
train_2753014904,test
train_1327765613,train
train_1037848339,train
train_1302199230,train
train_598560647,test
train_1563216992,train
train_2709764786,test
train_3731105558,train
train_365836018,train
train_3100321393,train
train_291635922,test
train_2430052919,train
train_1038939729,train
train_380958516,test
train_3348833,train
train_2587163189,train
train_1054869751,train
train_1830134270,train
train_624244828,test
train_133698266,train
train_58575922,train
train_50783457,train
train_2847749136,train
train_1930164533,train
train_2646678282,train
train_2803141929,train
train_3520975815,train
train_3334461931,test
train_2239947792,train
train_601331882,train
train_721815523,train
train_451861059,train
train_1960157797,train
train_2631804672,test
train_3030619945,train
train_284618577,train
train_4057764808,train
train_4198974274,train
train_566790542,test
train_4097106732,train
train_245078424,train
train_3563363070,train
train_1580839663,test
train_2511894482,train
train_2441876807,train
train_3542659250,train
train_2627157701,train
train_1018804505,train
train_1394952953,train
train_3618604171,val
train_2960095626,train
train_447417261,train
train_2094148082,train
train_2830035620,train
train_1031370537,train
train_2530002719,test
train_2751860431,train
train_2237534515,train
train_2216178285,test
train_3375314883,train
train_2882126008,train
train_192965512,train
train_2134684574,train
train_2281549344,train
train_3867912775,train
train_1696141040,train
train_1758261411,val
train_1863856540,train
train_3840249560,train
train_3393791017,val
train_3345044489,train
train_1571616759,train
train_2245927247,train
train_829170257,train
train_2721387009,train
train_2474119415,test
train_143005184,train
train_1911540662,train
train_1493464153,train
train_2773333154,train
train_3523169957,train
train_88656753,test
train_1677527866,train
train_381516473,val
train_3712399053,train
train_2672786546,train
train_966985033,test
train_3493323805,train
train_851517325,train
train_1822285085,train
train_1050251646,train
train_1590861887,train
train_1550579644,train
train_3860408474,train
train_385332599,train
train_146733663,train
train_517865605,test
train_154110064,test
train_1264418562,train
train_4272493704,train
train_616968648,train
train_913343891,train
train_4200009730,train
train_3855055492,train
train_2423449671,train
train_2541556588,train
train_4151325177,train
train_2028985761,val
train_1089341912,val
train_1369529780,val
train_1978248604,train
train_1690891116,train
train_1507026472,train
train_2974807196,train
train_3444168082,train
train_3831685952,train
train_3197440169,train
train_819554592,train
train_1641842576,train
train_1775737672,train
train_2114068626,train
train_3649821787,train
train_3645662472,train
train_726830311,train
train_3394543298,train
train_4224661043,train
train_1154704044,test
train_3454709670,train
train_3711182408,train
train_481167217,train
train_3058058015,test
train_3101964182,train
train_1489977047,test
train_1714823982,val
train_2948086966,test
train_3157736627,val
train_4044128099,train
train_3356810580,train
train_447138347,val
train_861006245,train
train_724078436,train
train_2611237614,test
train_88650170,train
train_144608599,train
train_4281199883,train
train_3976679470,test
train_2275283966,train
train_1694416873,test
train_1353138514,train
train_2351832384,train
train_1133017303,train
train_149715759,train
train_1632468843,train
train_4238226798,test
train_3674716256,train
train_3576309001,train
train_2239040790,train
train_977746614,train
train_2227304230,val
train_2265914078,train
train_1309911828,train
train_4215301425,train
train_3180972417,train
train_2350948987,train
train_3772206100,train
train_1527279640,train
train_2850072716,train
train_1946142160,train
train_1310160910,train
train_856535198,train
train_3528908124,train
train_973914079,val
train_2410278509,train
train_495431945,train
train_2689528304,train
train_1264882101,test
train_3868597876,train
train_1955080066,train
train_3254066288,train
train_1015892199,train
train_3936231060,train
train_2833330984,val
train_1228519030,train
train_1299716963,train
train_1694691821,train
train_3486099059,train
train_1880228735,train
train_1496261083,test
train_3050154018,val
train_2108138202,test
train_971761780,test
train_1388202123,test
train_3266025681,train
train_3303966562,test
train_422403842,train
train_2002622937,test
train_1614238065,test
train_1844340952,test
train_1539594513,test
train_785785061,test
train_798989211,test
train_2548010081,train
train_528855712,train
train_4011329257,train
train_2162750166,test
train_3816399867,train
train_3949833931,train
train_3516111094,train
train_3194062753,train
train_2066505398,train
train_3110985969,test
train_4139886661,train
train_90697484,test
train_824003195,train
train_1941027655,train
train_3469363133,train
train_4131963285,train
train_1080657109,train
train_1338049855,train
train_3348617775,train
train_3794420131,train
train_2272691306,train
train_3690749593,train
train_1627017490,train
train_467885365,train
train_87878467,train
train_1340997345,train
train_3720826850,train
train_2732780297,train
train_378911549,train
train_3392119229,train
train_3413453249,test
train_245372988,val
train_946160079,test
train_3773087463,test
train_4104358720,train
train_2500135868,train
train_651046929,train
train_1313853216,train
train_2662170101,train
train_2617945165,val
train_2941099935,val
train_3200773045,train
train_2182583120,val
train_4047980198,test
train_1013298657,train
train_908601534,train
train_1759891355,val
train_4083404754,train
train_188566971,train
train_3081960149,train
train_3151299248,val
train_1544261770,test
train_3479278753,train
train_2331476955,train
train_2022364083,train
train_287227498,train
train_1763878972,train
train_3978600303,train
train_248255750,train
train_1978788098,train
train_4260793075,train
train_1910525511,test
train_2107235762,train
train_3955366992,train
train_2265651088,val
train_2130895590,train
train_1367754567,train
train_3031035861,train
train_1942352205,train
train_2067597102,train
train_139116193,train
train_4102924465,train
train_2026192478,train
train_1831941588,test
train_4208690335,train
train_1958655744,train
train_180115806,train
train_1888762509,train
train_1093225336,train
train_2334887457,train
train_3831367780,train
train_2096461684,train
train_2025061578,train
train_1262089227,train
train_4112450156,val
train_3540646391,train
train_2558654474,train
train_30466525,test
train_1204403858,test
train_1959028619,test
train_1492916855,train
train_955208060,train
train_2925029700,train
train_1090204965,test
train_4046492938,train
train_896060716,train
train_1630871481,train
train_1452251753,train
train_2360118667,train
train_2795210000,train
train_3679679928,val
train_4101887958,train
train_4245217679,train
train_1502361856,train
train_3399686981,test
train_2859158886,val
train_1632464936,test
train_2823877112,train
train_2032444552,test
train_4096945778,train
train_1403903330,train
train_3025571730,train
train_224225845,train
train_1733098909,train
train_2970223750,test
train_1284910740,train
train_1535617571,train
train_3924743504,train
train_3536335456,val
train_1698050438,val
train_2138932822,train
train_851442843,test
train_1286352929,train
train_1178035678,train
train_3177070692,test
train_1549531437,val
train_1857644682,val
train_3990205042,train
train_940514588,val
train_3364925607,train
train_4177033089,train
train_3467638971,val
train_2459222709,train
train_1446899173,train
train_2783619727,train
train_753745143,train
train_14536913,train
train_3442976188,test
train_3295260741,train
train_3817368761,train
train_916519109,test
train_1193741508,train
train_1671049800,train
train_480924531,test
train_2879230536,train
train_3671554064,train
train_2380961635,val
train_2019147162,test
train_2707521683,test
train_2765752832,train
train_3421753310,train
train_1449432418,val
train_1460023817,train
train_2770690455,train
train_905614556,test
train_3734911025,train
train_453685444,val
train_1456805917,train
train_3614212663,test
train_27726943,test
train_676834316,train
train_3956300020,train
train_4131874013,test
train_10497581,val
train_3985201003,train
train_496742109,test
train_104257458,train
train_3455234284,train
train_1839403753,val
train_4090578972,train
train_2359409116,test
train_2670423013,train
train_1151308005,train
train_3758318554,train
train_3262930602,train
train_1380291242,test
train_2401473463,train
train_2643682225,train
train_3875029595,train
train_3628804299,train
train_2689709297,train
train_573765776,val
train_849279305,train
train_450344196,train
train_3013187166,train
train_3203850600,train
train_366512835,train
train_824583766,train
train_2621455894,test
train_3902670866,train
train_2445534833,val
train_865283130,train
train_1927506862,train
train_936401386,train
train_2465159159,train
train_875353760,train
train_441772249,train
train_4034006940,test
train_459442151,train
train_994699817,train
train_2854292546,train
train_1427367682,val
train_1875705607,test
train_2576171565,train
train_2641276510,train
train_1735203716,test
train_766223261,train
train_2299461686,train
train_3599816851,train
train_1374761322,train
train_3505953401,val
train_1695564998,train
train_764289860,train
train_2704088184,train
train_4167845796,train
train_3216306954,test
train_595193217,test
train_3829147141,test
train_2522709456,train
train_2196833025,train
train_3291615198,train
train_3416064139,test
train_3710580661,test
train_4202230454,train
train_2045546535,train
train_3521351457,train
train_312504169,train
train_2037566024,train
train_3888933567,test
train_1006841019,train
train_2999166368,val
train_1930536030,train
train_2512254083,val
train_1762475029,train
train_3039670177,test
train_496955003,train
train_4271201747,train
train_414843255,test
train_1732852484,train
train_509649581,train
train_1385844793,train
train_2082934113,train
train_2744664695,val
train_3339120615,train
train_795043729,train
train_3813415373,test
train_558544686,test
train_2934788510,train
train_1078296203,train
train_3654721173,test
train_1692299410,train
train_2414638476,train
train_2873403411,train
train_3137274788,train
train_459266942,test
train_2242779726,test
train_1044913806,train
train_858160727,train
train_4096552918,test
train_3951973237,train
train_4245811561,train
train_2433410497,train
train_3490823472,val
train_3989128491,train
train_2911173870,train
train_3678466805,train
train_2298393687,train
train_276344768,val
train_1228346137,train
train_1570859142,train
train_4192567666,train
train_3297252603,train
train_159270989,train
train_794594267,test
train_4231194613,train
train_1320100724,train
train_3948399148,train
train_371537752,train
train_3204752313,train
train_335447745,test
train_3004920063,train
train_789538936,train
train_3947184090,train
train_3947191369,train
train_291635553,val
train_1478586683,train
train_2341091475,train
train_104961037,test
train_2378979055,val
train_3875446743,test
train_2437103672,train
train_2626599651,train
train_997226780,train
train_1245898878,train
train_3746605641,train
train_3983728421,test
train_1173175840,val
train_2697659550,train
train_4010107660,train
train_2080955012,test
train_3463990371,train
train_3298410484,train
train_3253039656,train
train_1902708223,train
train_24061770,train
train_3036854994,train
train_734955680,test
train_1415915562,test
train_799735156,train
train_2029644866,train
train_1102754075,train
train_1007086803,train
train_4047125744,train
train_1133154105,train
train_1426749974,train
train_748532249,train
train_2907064408,train
train_3299704559,train
train_2173012056,train
train_1294403575,val
train_1606300851,val
train_2164411290,test
train_4227945312,train
train_3704669509,train
train_1308883890,train
train_3493418686,test
train_1855500925,train
train_3539453616,val
train_1157968285,train
train_1086554813,test
train_503217122,test
train_2083814419,val
train_396415946,train
train_1398209519,val
train_81706408,val
train_1960271422,train
train_735549524,train
train_2390233315,train
train_4051806674,train
train_2374242484,train
train_3339631737,train
train_2996488402,test
train_2767153006,train
train_3196345349,train
train_1400296259,val
train_1135965166,val
train_25936391,train
train_3766449601,train
train_3329918590,train
train_3493353794,train
train_2205039221,train
train_4279331071,train
train_1175954220,test
train_1290207212,train
train_39931131,train
train_2917744516,train
train_4073850147,train
train_2857803591,train
train_299727806,val
train_1423437439,val
train_4054725154,train
train_1751296979,val
train_2303383313,train
train_1132353824,test
train_2634709849,train
train_853548529,train
train_2374569033,test
train_3057940032,train
train_2322419409,train
train_1257796638,val
train_2776672359,train
train_2121550054,test
train_999066732,test
train_577315841,test
train_3587513406,train
train_1621436703,train
train_4094665188,train
train_3398839446,train
train_1191077087,test
train_3262876282,train
train_2085819945,train
train_1638717398,train
train_2274321904,train
train_3438058536,train
train_1621124554,train
train_460177761,val
train_6830939,test
train_2675193098,train
train_463544835,train
train_1669297056,train
train_2881765218,val
train_844525931,train
train_4059954204,train
train_3009952033,train
train_2602846244,train
train_2314729060,train
train_1499198399,val
train_2869935713,train
train_4007335750,train
train_225670337,train
train_1498611701,test
train_2843142312,val
train_949854060,train
train_1835164386,train
train_3110530324,test
train_4032499320,train
train_3768846282,test
train_1532575821,test
train_3340196116,train
train_673957325,test
train_2938409868,train
train_397270443,train
train_3177728906,train
train_2989960099,train
train_3095738415,val
train_3547953149,test
train_1929623650,train
train_105944126,train
train_3654418168,train
train_1844331364,train
train_535998043,train
train_1194303873,val
train_2686524447,test
train_4104875009,train
train_2825451235,train
train_1246392580,val
train_3756875414,train
train_3256916403,train
train_3934375532,val
train_745607062,val
train_2235393657,train
train_1338919818,train
train_1664864429,train
train_122952880,train
train_4189824924,train
train_2072711,test
train_3750655356,test
train_678461709,test
train_1171697314,train
train_742930403,test
train_3254942693,train
train_2333809615,train
train_1910132196,val
train_613915792,train
train_1713565973,train
train_323581086,train
train_167087612,train
train_2316470251,train
train_3510109326,val
train_2185497586,train
train_4067383287,test
train_3973108477,test
train_204736179,train
train_3636065884,train
train_4171995458,val
train_3289145971,test
train_2394996808,train
train_606503491,test
train_780776265,train
train_219390163,train
train_760357752,train
train_2418981964,train
train_680877862,test
train_421340823,train
train_3864297419,train
train_392583025,train
train_1281970066,train
train_801781048,test
train_1000990874,train
train_2859297863,train
train_1722212279,test
train_175932595,train
train_2686468831,train
train_3538863894,train
train_3341577644,train
train_3603635826,test
train_439898586,train
train_18068992,train
train_3778490249,test
train_95518890,train
train_1999987336,train
train_2735531899,train
train_608964432,train
train_4252955239,train
train_4033383583,test
train_2259756142,test
train_1011608429,train
train_2020283112,train
train_2403011858,test
train_1880067620,train
train_1248586376,train
train_2236108728,train
train_3462590030,train
train_3460896619,train
train_2403261387,test
train_1432182322,test
train_1919656847,train
train_369437440,train
train_3829923620,test
train_3436262848,train
train_3330036416,train
train_1216787260,train
train_1868076887,test
train_564454883,val
train_3533305624,test
train_481451172,train
train_3624355999,train
train_4228410476,train
train_3093557022,train
train_1805358596,test
train_2148888101,test
train_4204449480,test
train_2861801598,val
train_1224272246,train
train_126890495,train
train_1950155990,train
train_3705629920,train
train_1640519227,train
train_1123855463,train
train_509297860,train
train_3399110190,test
train_2683750575,train
train_2860866316,val
train_2458177134,train
train_2068622451,train
train_3175914849,train
train_1210290340,train
train_2385336321,train
train_2648862863,train
train_2354403012,train
train_1650423394,val
train_1302902041,train
train_3772351973,train
train_571614063,val
train_1794553948,test
train_2097610390,test
train_539770983,train
train_3277176363,val
train_1610080494,train
train_3428227826,test
train_1752346816,test
train_460440832,train
train_473252160,train
train_3699239950,train
train_31658947,train
train_1240664524,test
train_1857292141,train
train_4202553113,train
train_4045439239,train
train_1848512783,train
train_4073529375,train
train_3593794428,train
train_1911750895,train
train_2578950452,test
train_3375267005,train
train_1808429855,train
train_11369548,test
train_2942366902,train
train_2492609852,train
train_3450583361,val
train_640369413,train
train_159316800,train
train_2641993790,train
train_659733363,val
train_2211997221,train
train_2718697975,test
train_2678492714,test
train_111266897,val
train_416747117,train
train_14829542,test
train_308781231,train
train_730081372,train
train_1220427122,train
train_4010915128,val
train_2194502287,train
train_4169282500,train
train_2760203482,val
train_2365925756,test
train_1106783644,test
train_293636,train
train_1016053574,train
train_377786705,train
train_3185402399,test
train_3406541275,train
train_4011040129,train
train_1576660783,test
train_381264547,val
train_1213162986,train
train_2677095328,train
train_2621597563,train
train_2961446265,val
train_3506528946,train
train_1996793313,train
train_382609466,test
train_4257492387,train
train_953530031,train
train_524996482,val
train_2454463734,train
train_4147165983,train
train_2429037687,test
train_386426969,train
train_2691028495,train
train_1944515281,test
train_358395241,train
train_2150319759,test
train_4161481799,train
train_2144063103,train
train_3146055730,train
train_3257445741,val
train_456552983,train
train_1121245724,test
train_34533756,train
train_2504060882,test
train_101026516,val
train_3658610167,test
train_1236315394,val
train_2347196,train
train_4263385637,test
train_2732478172,train
train_2092662088,val
train_1048625705,val
train_1115042899,train
train_888879443,train
train_1306633097,train
train_1877872903,train
train_754867040,train
train_111870288,test
train_1228289370,train
train_1880630623,train
train_3061729109,train
train_507410182,val
train_3180123874,test
train_3680859397,train
train_1725985122,train
train_774767018,train
train_1031915409,train
train_1027285265,train
train_799416787,val
train_2165311249,train
train_1837530794,test
train_2396496481,test
train_1575813596,train
train_1037123790,train
train_3988521343,val
train_1910955374,train
train_46563631,train
train_906623530,val
train_2758332662,train
train_1707086899,train
train_3109066173,train
train_2206699454,train
train_212211175,train
train_465269280,train
train_2203875691,train
train_2606239029,test
train_323653914,train
train_3972276902,train
train_1426126560,train
train_1486087615,train
train_2947530151,train
train_3336987317,val
train_2213535410,train
train_1873357709,train
train_3655671912,train
train_3799651341,train
train_1852990179,train
train_700023002,test
train_2144273770,train
train_591553813,val
train_3165666556,train
train_3986138123,train
train_416185263,val
train_2616596847,train
train_931028630,test
train_2490728331,train
train_717467430,val
train_3151391365,train
train_3811050581,val
train_3531871767,train
train_1214112947,train
train_3841858937,val
train_1646304036,train
train_1305500108,train
train_3202174233,train
train_1127847506,train
train_82243744,train
train_4053992802,train
train_1543676581,train
train_3238048306,train
train_3077371628,train
train_3484464846,train
train_1117036095,train
train_244675321,train
train_1425134850,test
train_948070416,train
train_1905044128,train
train_1779422305,train
train_3934948246,train
train_2707324821,train
train_3765710217,train
train_284577308,train
train_109788017,val
train_1839693367,train
train_4008670395,train
train_882959318,train
train_1443495904,val
train_2019092646,val
train_2928591493,train
train_2847070030,train
train_34478113,test
train_4005794201,test
train_1715781649,train
train_1322057834,train
train_1352228545,train
train_1551417106,test
train_432767801,train
train_4169864668,train
train_873875716,train
train_1256372900,train
train_2955857944,train
train_2600115190,train
train_2150903810,test
train_3979835337,val
train_1937485092,train
train_439781287,train
train_3413288656,train
train_3890361254,train
train_908403435,train
train_3988193893,test
train_4265333959,test
train_3749991816,test
train_1570906270,train
train_3163491634,train
train_2075628359,train
train_3968195260,train
train_4088492864,test
train_1441070737,test
train_1700983381,val
train_3670611839,test
train_1917381233,train
train_2031303489,train
train_2143486404,train
train_1238500437,train
train_3511949730,test
train_1612045742,train
train_908352585,train
train_738846725,val
train_1401041918,train
train_1414984068,train
train_4241991623,train
train_768602492,val
train_4236992814,train
train_855515180,train
train_3950970377,val
train_181134972,test
train_513179134,test
train_1751160910,train
train_2910460736,train
train_2022526847,train
train_17515376,test
train_3917752823,train
train_4261256623,train
train_626068874,train
train_3798711468,train
train_4187325374,test
train_2512228881,train
train_883055286,train
train_2192273266,train
train_3247100597,train
train_783505852,train
train_3648856341,test
train_2944420622,val
train_3719284857,train
train_117948989,test
train_3454071238,train
train_3977732856,train
train_912968844,val
train_1371641765,train
train_959394325,val
train_1161088397,train
train_1434321373,train
train_3264782931,test
train_3764031286,train
train_2768108051,train
train_4189057829,test
train_757676033,train
train_433384584,train
train_3249890674,train
train_2304779029,train
train_63166657,val
train_2871684533,test
train_2293850858,train
train_3864002112,train
train_2655044356,train
train_2397162101,train
train_912714017,train
train_2793293401,val
train_2356948291,train
train_1774157340,train
train_866629367,train
train_3100268870,val
train_255269652,train
train_3437610988,test
train_1633389993,train
train_3425770593,test
train_927017583,train
train_2398870081,train
train_1594976786,test
train_2045158000,test
train_1237235903,test
train_1349688634,test
train_3480573800,train
train_4216948551,train
train_1802298124,train
train_1476075193,train
train_2830708677,train
train_4231716969,train
train_2246803404,train
train_2315648915,train
train_2016302440,train
train_382285391,train
train_1888066627,test
train_802255923,train
train_2486599982,train
train_1988037064,test
train_3715018424,test
train_2986868247,test
train_3061369935,train
train_1466089584,train
train_1562871987,train
train_773039694,train
train_2769326209,train
train_1536269677,test
train_332656166,train
train_876038770,train
train_3633209016,train
train_670356830,train
train_3152715859,train
train_2413761539,train
train_422235145,train
train_3033771624,val
train_1137727672,train
train_2210780250,train
train_2247062889,train
train_2971937665,val
train_1469137993,train
train_602025993,train
train_2108270840,val
train_2989309127,train
train_1211972030,train
train_2618141153,train
train_3029045900,test
train_2216775312,train
train_2919628988,train
train_3503742344,train
train_1435893644,train
train_2434746733,train
train_2521590570,train
train_1232888361,train
train_4108798940,train
train_1304542853,train
train_1447392064,val
train_3377259206,test
train_1093259244,train
train_3495791572,train
train_3728093344,val
train_3440806725,test
train_858821396,train
train_3114230620,test
train_1770782023,train
train_3356994714,train
train_1257860079,train
train_2470711154,train
train_3619467608,train
train_2888418437,train
train_1184675831,test
train_2778413397,train
train_45804116,test
train_2303967184,test
train_998899296,test
train_4120127945,train
train_128570940,train
train_1446846819,train
train_3471699741,train
train_1782489793,val
train_174234095,train
train_4232094647,train
train_321976429,test
train_1114511060,test
train_2806083894,test
train_3141752479,train
train_482159641,train
train_888990516,test
train_666750620,train
train_1299447054,train
train_3571679985,test
train_125296342,train
train_3519917292,val
train_1901726205,train
train_274942389,train
train_968763889,train
train_1484642766,train
train_2161255560,train
train_1824084489,train
train_241814290,train
train_1889347339,train
train_45127304,train
train_672428061,train
train_2068994103,val
train_2373092979,val
train_2114859772,train
train_2992694009,train
train_4272362128,train
train_2630483410,train
train_1293678016,train
train_1223571606,train
train_725386943,train
train_1669272770,train
train_1981718546,test
train_1600826528,train
train_3664799659,train
train_2488175282,train
train_4238094650,test
train_1110676511,train
train_2770295929,train
train_3170110039,test
train_362709640,train
train_3883860001,test
train_3471910496,train
train_3256580431,train
train_130859903,train
train_3322414730,train
train_840904371,train
train_3287334814,test
train_1450257251,train
train_1064367871,test
train_440697743,train
train_3026017687,train
train_2140334718,train
train_1967517038,train
train_1178721521,val
train_3868039537,train
train_3745676251,train
train_2542653872,test
train_3301764409,test
train_3400159991,train
train_2668329532,train
train_4275290551,train
train_3265561026,train
train_3132943941,train
train_3110736394,train
train_162550196,train
train_3255271986,val
train_943245845,train
train_3766019560,train
train_2319613215,train
train_696074873,test
train_2255572330,train
train_2713478960,test
train_1312282384,train
train_2213631280,train
train_961089600,train
train_4147920535,val
train_1688459519,train
train_343356992,train
train_3093099595,train
train_1279297344,train
train_47674618,test
train_1949346618,train
train_3269870940,train
train_3452367095,train
train_928412048,test
train_4033531623,train
train_2402670936,train
train_2404729236,train
train_1266014269,test
train_1204218860,train
train_565927629,train
train_1955969363,test
train_4167256190,train
train_4012194874,train
train_1286099646,train
train_924608507,test
train_1550933509,train
train_1165058967,test
train_581487092,train
train_1806160391,train
train_4187161045,train
train_2647568254,val
train_1861401229,train
train_2689602544,train
train_890109987,train
train_4258198325,train
train_498202,train
train_453074340,train
train_2130416560,train
train_1053151973,train
train_2168033097,train
train_3053844301,train
train_776624905,train
train_3867837792,train
train_1564873997,train
train_495524068,train
train_3801507873,test
train_1533525248,train
train_2466769288,test
train_2578022337,train
train_683001143,train
train_3486835866,train
train_1180393524,train
train_4258376384,train
train_1160017414,val
train_885308130,val
train_1601385496,train
train_383509837,train
train_900165309,train
train_19369476,train
train_2081169356,train
train_3531656367,train
train_1702203475,train
train_3528863774,train
train_4216753501,val
train_3053146030,train
train_4154493288,train
train_417281896,test
train_152454993,train
train_1028681311,train
train_2780453609,train
train_2274756071,train
train_164388006,train
train_3516284226,val
train_2121471003,train
train_2094489724,val
train_2527497175,test
train_1845804825,val
train_3171995249,train
train_602163917,train
train_4230104576,train
train_311802152,train
train_4246139076,train
train_2976994086,test
train_1651153800,train
train_2465246145,train
train_3194314355,val
train_1142799664,train
train_3189116570,train
train_348981727,val
train_1119269477,test
train_3594709253,train
train_3554003572,train
train_3549890756,train
train_3561981310,train
train_1155614413,val
train_2808781582,test
train_2276005704,train
train_979499812,val
train_744971306,train
train_4266189228,train
train_1675525545,train
train_3437930510,train
train_1291387542,train
train_2943406235,train
train_42035605,val
train_2622557385,test
train_4056694145,train
train_1000516097,test
train_334111278,train
train_3592352534,test
train_999361643,test
train_395850057,train
train_2996336009,train
train_3205825479,train
train_3941272342,train
train_3952337401,val
train_199334027,train
train_3695914037,test
train_3049963992,test
train_3319478255,test
train_2492208652,train
train_2549632547,train
train_2470713559,train
train_263959905,test
train_1099274487,train
train_4114407052,val
train_3933952478,test
train_4000238250,train
train_3680092284,train
train_4033511584,train
train_2415373457,val
train_3211063264,val
train_543869035,val
train_33379376,val
train_2849396758,test
train_4103000866,train
train_3140713920,train
train_4236299904,train
train_2493487339,train
train_2591221289,train
train_3960534116,val
train_723038943,train
train_2506061985,train
train_1017701847,train
train_530264297,train
train_318016570,train
train_630279165,train
train_2580259636,train
train_3907952962,test
train_3573567721,train
train_1772580477,train
train_3198290390,test
train_4126089437,val
train_2356282648,train
train_231823699,val
train_1884876264,train
train_106452932,train
train_79098564,train
train_1010648015,train
train_3737888301,train
train_4215954689,train
train_1966696155,val
train_1642727976,test
train_1039934125,test
train_2408473842,train
train_3904673267,test
train_3695194039,val
train_422424269,train
train_3016785305,train
train_689381145,val
train_2796492418,train
train_2234225325,train
train_2986964449,test
train_663543033,train
train_229850019,train
train_850164408,train
train_577251435,train
train_2502630211,train
train_3103824268,train
train_583015798,train
train_1140947073,val
train_1373339376,train
train_1251852539,train
train_2388659557,train
train_3994656497,train
train_728922937,train
train_2504884169,train
train_4285399628,train
train_3739960125,train
train_1017740782,test
train_104393727,train
train_3649932521,train
train_1352358231,train
train_3317546219,train
train_1285036559,train
train_427195650,test
train_2763369083,train
train_24545330,test
train_2760669086,test
train_2173795462,train
train_2311620397,train
train_2832731411,train
train_2513052224,test
train_82473095,test
train_2266921847,train
train_3569100320,train
train_3961719838,test
train_3591722659,test
train_4208683723,train
train_4194102281,train
train_4066363357,train
train_4037173080,train
train_1211058039,train
train_3729576354,train
train_1264816205,train
train_3214199729,train
train_554550288,test
train_3242289683,train
train_3263050442,train
train_2452559733,test
train_1608905471,train
train_2775763619,val
train_4228394397,train
train_2042899898,train
train_1985214769,train
train_3768360655,train
train_1573165370,train
train_3196543988,train
train_3292474029,test
train_2955504622,train
train_1987263521,train
train_859155235,train
train_2551091765,test
train_3812331311,test
train_1036381886,train
train_3415444169,train
train_315437860,train
train_1131963189,test
train_319580574,train
train_3437781157,train
train_1561062123,train
train_4274216762,train
train_1345767304,test
train_996743433,train
train_482775296,train
train_826470294,train
train_3149196700,val
train_1780204066,train
train_436886503,train
train_2699285337,test
train_3885387557,train
train_2187815755,train
train_475962651,train
train_3272596230,test
train_1455190892,test
train_3132132625,test
train_2122698680,train
train_3529044589,test
train_1124668549,train
train_2953963224,test
train_2892231661,train
train_3426941277,train
train_3904448127,train
train_2402166482,train
train_161015409,train
train_4024634890,train
train_3863897626,train
train_823638056,train
train_96875309,val
train_3857674512,train
train_452182286,test
train_3205674620,train
train_1703698221,train
train_4082710040,train
train_3400014080,train
train_3879752716,train
train_3958817816,test
train_4056111810,train
train_4197829472,train
train_86240045,train
train_3227882310,val
train_1357094486,train
train_3423235809,train
train_1693047307,train
train_2747792400,train
train_1397879517,train
train_1980120241,train
train_2564434100,train
train_603079494,train
train_1487153303,train
train_368724492,train
train_880524747,train
train_4115486505,test
train_2331956400,train
train_4177174477,train
train_4286514989,val
train_691673725,train
train_924802991,train
train_3097703239,test
train_2990439002,train
train_2163453143,test
train_2902608324,train
train_3057172622,train
train_1875390637,train
train_305327975,train
train_2678513284,test
train_3072097693,train
train_742340844,test
train_1684753027,train
train_2952697669,val
train_1176902721,train
train_1001956451,train
train_2459400803,train
train_3088877108,val
train_1901644975,train
train_3459133705,train
train_27572996,train
train_2659050939,train
train_4120428944,train
train_2095062361,train
train_3182818206,train
train_1960312405,train
train_3152935076,train
train_847233254,val
train_1839158027,train
train_2103982279,train
train_961080469,train
train_3331968255,train
train_278590815,train
train_2669650547,val
train_3256377940,train
train_1502995482,train
train_1785868270,test
train_3971958566,val
train_2107071260,train
train_3632393669,val
train_3963917176,test
train_1713159801,train
train_4097958204,train
train_189575337,train
train_3594365232,train
train_3617139557,train
train_2909113620,train
train_4280636726,train
train_2530102819,val
train_1944231146,train
train_2041386694,train
train_1644909505,train
train_627328419,train
train_3972158925,test
train_991165314,train
train_234789336,train
train_192856735,train
train_2658127279,train
train_11048355,train
train_1518814498,train
train_1854405283,train
train_364150680,train
train_954753036,train
train_352669375,train
train_867040586,train
train_1084262248,train
train_2875777562,test
train_2380070167,train
train_184593842,test
train_2384567129,train
train_715140237,train
train_710659157,train
train_351890215,train
train_2166321815,train
train_154330861,test
train_2425827356,train
train_2236201598,train
train_3513772229,train
train_235276766,train
train_4172358964,train
train_4019835600,train
train_1123555617,train
train_208861279,train
train_3602971377,train
train_3870915915,train
train_3398855813,train
train_2119609874,train
train_1658175990,train
train_3459298913,test
train_3288299376,test
train_44966147,train
train_3821641212,train
train_4096129091,train
train_3497954883,train
train_1863372344,train
train_2513892071,train
train_3540555053,val
train_2687131949,test
train_2868791316,train
train_2188650631,test
train_1507430363,train
train_2911917961,train
train_2505970813,test
train_1636239171,test
train_396267439,test
train_244825528,train
train_106191713,train
train_1402756026,train
train_2166949404,train
train_343332249,train
train_2879687914,train
train_1562967451,train
train_913703175,train
train_3202160006,val
train_1248706224,train
train_3395561056,train
train_3719211157,train
train_3716840940,train
train_3299572779,test
train_1063841895,test
train_553159096,test
train_1602801970,test
train_246281736,train
train_3171456042,train
train_4183032577,train
train_864792100,train
train_1841296950,test
train_2589306928,train
train_4116214512,train
train_224181919,test
train_3091874860,train
train_1419649024,train
train_381717660,train
train_3707695087,train
train_2829058030,train
train_4119621502,train
train_518127918,train
train_577960751,train
train_2244147780,train
train_1677817183,train
train_159497243,train
train_460355753,train
train_196889649,train
train_2178173143,train
train_3810904782,train
train_2639094676,train
train_3196723803,train
train_45411067,train
train_2526694664,test
train_3270828831,test
train_3443399635,train
train_3507098486,train
train_1038984961,test
train_1832580649,train
train_1580750435,train
train_3585624029,train
train_1619220014,val
train_1664607040,train
train_891764936,train
train_2413455542,train
train_673106961,test
train_530367509,test
train_918582936,test
train_230875956,test
train_542408483,test
train_2064403361,train
train_1021752817,train
train_1887898537,test
train_3787088902,train
train_2386417503,train
train_4227924186,train
train_3978400354,test
train_3700962697,val
train_1160730240,test
train_3015989011,train
train_906286903,train
train_2256302282,train
train_3550051722,test
train_1889784744,train
train_4121792949,train
train_1940924506,train
train_3515199340,train
train_2012959537,train
train_239759178,train
train_3918710549,test
train_2551549610,test
train_954646688,train
train_3487023166,train
train_1190102837,test
train_2701125080,train
train_1410722073,train
train_2366339891,val
train_2197178209,train
train_21777121,val
train_4206035960,train
train_3199340661,train
train_1628164467,test
train_2752987838,test
train_771203031,val
train_1785961224,test
train_162316636,test
train_1188715677,train
train_2379432299,train
train_302782407,train
train_2109401513,test
train_3649342435,train
train_1880292915,train
train_2763498587,test
train_1746812178,train
train_2097012508,val
train_3702218709,test
train_3994313243,train
train_2697736556,train
train_1985873476,train
train_2287311257,train
train_2800412388,train
train_2254581171,train
train_1060336191,val
train_598260672,train
train_1945632591,test
train_732582216,train
train_3652054905,train
train_1285515091,train
train_1553061748,train
train_3033008113,train
train_3381192198,train
train_703535546,train
train_1466580909,train
train_871824210,train
train_644041448,train
train_856069763,train
train_3340107931,train
train_2756464334,val
train_2162256432,val
train_1806843969,train
train_498385974,test
train_2299415089,train
train_2601681033,train
train_797746673,train
train_1685158865,train
train_2405462656,train
train_3551868579,val
train_1100229010,train
train_54281188,test
train_2377173984,val
train_2908125835,train
train_3140825259,train
train_1126946606,train
train_396852897,test
train_2522528249,val
train_418609226,train
train_1036217265,val
train_1412374008,val
train_1898059807,val
train_403656983,train
train_4069654322,test
train_2200993550,train
train_4204277749,train
train_1467348672,test
train_677961574,train
train_3322284705,train
train_444788391,train
train_3546726579,test
train_279114516,train
train_2865987208,test
train_1695381198,train
train_2430299750,train
train_3716226540,train
train_580110653,train
train_787370702,val
train_2870807441,train
train_32476901,train
train_2131478664,train
train_3932839686,train
train_3398834376,train
train_812343139,test
train_3586908585,train
train_2847310247,train
train_758837230,test
train_2748806169,train
train_2421939434,val
train_3227689290,train
train_2230152472,train
train_1870068113,train
train_1002719441,train
train_32871548,train
train_3975842837,train
train_2092353204,train
train_3355832936,train
train_947523960,test
train_3472325990,train
train_1173067537,train
train_1125328775,test
train_2502834656,train
train_278720752,test
train_2952376547,train
train_3952489301,val
train_3042594463,train
train_510683765,train
train_4145091985,train
train_1632311532,train
train_3575257305,train
train_4111091628,train
train_1086014309,train
train_3750919531,test
train_2745254157,test
train_3542791602,train
train_3058709984,train
train_1121610752,train
train_1375803825,train
train_897619948,train
train_2827557533,train
train_221526534,train
train_4234900252,train
train_944560013,train
train_3595779321,train
train_3262765635,train
train_4078853550,train
train_2583830619,train
train_3823987309,train
train_538324204,train
train_1579287993,train
train_588857229,test
train_4019729350,test
train_2872924383,val
train_2883898861,train
train_1894290530,train
train_3635164789,test
train_544142180,train
train_1524320824,train
train_576455692,train
train_3444431882,train
train_4026457407,train
train_3360727978,train
train_1626752913,val
train_842793501,train
train_2201353608,train
train_2625342929,train
train_3414954481,train
train_2789795007,train
train_1947694660,train
train_1151471897,train
train_2064935331,train
train_3980820034,train
train_3356243986,train
train_3314800920,train
train_2759687023,train
train_2795779469,test
train_3255867970,test
train_1654307967,train
train_309080852,train
train_248860876,test
train_620527852,train
train_612808853,test
train_3247519565,train
train_1101437039,train
train_4292762509,train
train_3566173248,train
train_3710519101,test
train_2908352005,train
train_2005531157,train
train_1473387513,train
train_4243366672,train
train_3106969568,train
train_1274037124,test
train_1757874016,val
train_1262569303,test
train_1459554137,train
train_2593122571,train
train_434043702,train
train_1314539340,train
train_3550043417,train
train_355304931,val
train_2836064484,train
train_220265128,train
train_3619156994,train
train_1572518663,val
train_2324634223,test
train_287206353,train
train_3177850101,train
train_3954003449,train
train_1702375156,train
train_1422277808,train
train_2524528098,train
train_3854080843,train
train_188255836,test
train_278779699,test
train_1324019957,test
train_59648443,train
train_2417273679,train
train_3698795238,val
train_1506381466,train
train_569726705,train
train_146509312,val
train_3881883226,train
train_2190571353,val
train_3100720541,train
train_1593567052,train
train_1505753092,val
train_1674894686,val
train_186577535,val
train_861693257,train
train_977421437,train
train_2650430247,train
train_3503923825,train
train_1768004049,train
train_346654324,train
train_3427610393,train
train_1734440042,val
train_1716061228,train
train_1420698394,val
train_3439069396,train
train_83305737,train
train_2486208513,train
train_3387323177,train
train_1215926489,train
train_983145552,train
train_3735226511,test
train_2005004829,train
train_1600488857,train
train_3677747298,train
train_2274431635,train
train_2817302761,train
train_4167001084,val
train_1687539678,train
train_3805508898,test
train_1040131046,test
train_1872433261,test
train_857912615,train
train_2064432794,train
train_824255811,train
train_1315934554,train
train_3945800827,train
train_329988377,test
train_736321243,train
train_4179177592,train
train_1240615019,train
train_3510224970,test
train_1397296290,test
train_1557192288,test
train_879027694,test
train_1474686705,val
train_911592292,val
train_3614602981,train
train_542136215,train
train_814931387,train
train_1846881032,train
train_1801132208,train
train_86688747,train
train_2462760595,train
train_2260133210,val
train_3766939843,val
train_3267536062,train
train_2839427653,train
train_322812745,train
train_3858729622,train
train_4126282620,train
train_825448332,train
train_943295226,test
train_249891543,val
train_4002648940,test
train_1491700217,train
train_4193354423,train
train_2029914782,train
train_2638290284,train
train_3443098916,train
train_1428073544,val
train_737720880,test
train_1242180001,train
train_3155956884,train
train_3733263365,train
train_2354925542,train
train_4129791793,test
train_1506800866,test
train_2101073012,train
train_2708745638,val
train_671806794,train
train_2971294916,train
train_2281491732,train
train_933597029,train
train_226218456,train
train_985085866,train
train_1144657737,val
train_2659640718,val
train_2954678457,val
train_2382203087,train
train_3444022543,train
train_1671864204,test
train_893448642,train
train_1497105101,val
train_468099283,test
train_1407447067,test
train_3557376851,train
train_3175366694,train
train_1920037698,val
train_3239633685,test
train_1810864192,train
train_2238660989,train
train_2875934035,train
train_2336150288,train
train_1916430386,test
train_115439988,val
train_3648296149,test
train_99468617,test
train_2765131462,train
train_861835875,train
train_1149325426,train
train_3447220633,train
train_3196208522,train
train_189027684,test
train_2618326199,test
train_523238856,train
train_628151965,test
train_3017064859,train
train_1443121861,train
train_3433558650,test
train_1087453672,train
train_1999591485,train
train_1920055473,train
train_210036817,train
train_2706426002,test
train_29497578,train
train_308392837,train
train_3059839997,train
train_2789820394,train
train_3288464416,train
train_498801116,train
train_3984710869,train
train_1273268061,train
train_1551917833,test
train_1870662377,train
train_2915626659,train
train_2554571749,train
train_1785829508,train
train_1810990624,train
train_3773598871,train
train_3549358439,train
train_2535905444,train
train_1820685084,train
train_3960603714,train
train_3821918251,train
train_2860247764,train
train_3510917760,train
train_736709746,val
train_3792097563,train
train_3314986507,train
train_2203300016,train
train_3727615643,test
train_140584237,test
train_1260612291,test
train_2002067690,train
train_3466096470,train
train_806284314,train
train_1474942581,train
train_3344627742,train
train_3837025314,train
train_280888942,train
train_1578471936,train
train_787211093,train
train_4032484425,train
train_2147207422,test
train_3305223507,train
train_3863413306,train
train_425351053,train
train_2862395335,train
train_4011331955,train
train_2225375700,train
train_3593127930,train
train_3785750215,train
train_2833461863,test
train_3817160304,train
train_1036954450,train
train_3523809077,train
train_814862300,val
train_3631729014,train
train_1954475089,train
train_233683509,test
train_1504946383,test
train_2976593981,train
train_3920343969,val
train_2676568391,train
train_2968048298,train
train_2135037677,train
train_4275518990,train
train_2084491342,test
train_1130037637,train
train_476112712,train
train_1128849795,test
train_2808016470,train
train_3766558023,val
train_2933345057,train
train_2658275706,test
train_477968867,train
train_1957130737,train
train_1088880076,val
train_2153303565,train
train_2043535264,train
train_1544028900,train
train_2496231615,train
train_3712924251,test
train_1120385392,train
train_1165747591,train
train_1485689738,test
train_1324555291,test
train_1515946740,train
train_3175599073,train
train_3412304779,train
train_1746715217,train
train_3844933051,train
train_570835170,train
train_784255673,train
train_4267177968,train
train_4240208439,train
train_3099264493,test
train_2498300229,train
train_1961286810,test
train_553894022,val
train_3495527269,train
train_3540066212,test
train_332927067,val
train_3540176877,train
train_2985078824,train
train_1059520027,train
train_3533153241,test
train_3336911992,train
train_2839570372,train
train_1364191424,train
train_489884886,train
train_2030604206,test
train_4094897292,train
train_3743161156,train
train_1523949271,train
train_2355079296,val
train_4024518117,train
train_4113847380,test
train_1325118974,test
train_716177017,train
train_3283723219,train
train_2345745981,val
train_2844710931,train
train_4207163556,train
train_3793072161,train
train_3967791623,val
train_3143265870,train
train_3310166485,train
train_3489881088,train
train_3544453356,val
train_1445476583,train
train_3085166001,train
train_2457943078,train
train_3467832853,train
train_2187307179,train
train_3289126424,train
train_310838593,train
train_3100661468,train
train_4275435984,val
train_334239549,train
train_362637395,test
train_456386496,train
train_2437527822,train
train_3045608374,test
train_2130723769,train
train_2356744875,train
train_784674854,train
train_2862867624,test
train_589440967,val
train_2343807684,train
train_822764169,val
train_1459737918,val
train_1087612928,train
train_2939943026,val
train_4044590007,train
train_2774413133,train
train_389580299,test
train_3582317998,train
train_527750815,val
train_3962234848,train
train_2497842445,train
train_62260000,train
train_1872132821,train
train_1549082987,train
train_3824074497,test
train_2268521278,train
train_1434134137,train
train_3515476846,val
train_2430992211,test
train_4060523147,test
train_901288632,train
train_764702950,test
train_3964520326,train
train_263910496,val
train_2300937845,test
train_3205040211,test
train_2622139241,train
train_1935153677,train
train_3173439223,train
train_3903271866,test
train_1113561750,test
train_3343934633,train
train_1497731060,train
train_420249086,train
train_591549350,train
train_221955201,test
train_523789483,train
train_207169629,train
train_3411347209,train
train_3019385580,test
train_2065132675,train
train_665875729,train
train_2639391249,train
train_1713085159,test
train_3944799082,train
train_825656075,train
train_1619274066,test
train_58556243,train
train_1953066363,test
train_1778985644,test
train_4217843282,val
train_565011531,train
train_3325618291,test
train_4096913747,val
train_2361491916,val
train_2830379691,val
train_1025067155,test
train_3641494531,val
train_1673151708,val
train_3049053653,test
train_1951462726,train
train_285235937,test
train_3406549598,train
train_4118014707,train
train_1241055511,test
train_971416781,train
train_3680016963,test
train_2342803549,train
train_3120320655,test
train_2053790654,train
train_2927601695,train
train_713712339,test
train_2830275235,train
train_4211797822,train
train_1100951933,train
train_2617284077,train
train_1677737815,train
train_881044689,train
train_473444031,train
train_3332454754,val
train_3542363901,train
train_2219913961,train
train_3526564476,test
train_313798125,test
train_3004638782,test
train_2107149059,train
train_303281519,test
train_388446951,test
train_888168329,val
train_1275325095,train
train_1461670740,train
train_3942893420,test
train_3599974861,test
train_2008569610,test
train_1384392086,train
train_1531105592,train
train_1026809962,train
train_309781198,train
train_1379958338,val
train_3858769814,train
train_1524901674,val
train_1680689848,train
train_1865475206,train
train_1508740407,train
train_3518313595,test
train_1704869412,train
train_778107228,test
train_3984051391,train
train_1289480126,val
train_3392125155,test
train_2645663486,train
train_2883804736,train
train_1937453136,test
train_485226428,train
train_3595115405,train
train_2335860925,val
train_2858380301,train
train_1256453047,train
train_1606675663,train
train_527188780,train
train_617595972,test
train_286080382,val
train_2816234027,val
train_2766968267,train
train_2738024639,train
train_3424930327,train
train_3389371684,test
train_3845121440,train
train_2854299399,train
train_3667754575,train
train_3580268622,train
train_982236973,train
train_1258183777,train
train_3964233128,train
train_1291743464,train
train_1881029728,train
train_601495002,train
train_3902083107,train
train_1798256820,train
train_1408006176,train
train_4016582588,train
train_3080672068,train
train_2724295008,test
train_1678312214,train
train_346697073,train
train_150843145,train
train_3334114492,val
train_1653596628,val
train_4039065603,train
train_3662625177,train
train_3263743430,train
train_3248861891,train
train_2404963959,train
train_1202578340,train
train_1930599078,train
train_2149994410,test
train_1630693033,test
train_4248767492,train
train_1253328614,val
train_2898916720,train
train_1208917867,train
train_2288694427,train
train_4231509941,train
train_36277123,train
train_128611491,val
train_1584506046,train
train_4089756195,train
train_2980795248,train
train_4079663384,val
train_2564536462,train
train_3011232121,train
train_3838813974,train
train_2218026202,val
train_684650454,train
train_1055597351,train
train_2886681369,train
train_150164271,train
train_4088128002,train
train_639709161,train
train_38309879,train
train_694009897,val
train_1926081797,train
train_1606743060,train
train_539450509,train
train_1211250796,train
train_2698824587,train
train_1691679814,train
train_2994234361,train
train_2432860747,train
train_1905063016,train
train_3136083164,train
train_1000697977,train
train_3904039266,train
train_1909100939,train
train_2638227964,test
train_2240898099,train
train_2326597771,train
train_1357227867,train
train_1705721973,train
train_1236091889,val
train_2544691918,train
train_1211425121,train
train_2695581008,test
train_2337124220,test
train_2256570721,train
train_3798121724,train
train_1038088836,train
train_2080010196,test
train_2344058764,train
train_2001374262,test
train_1848823309,train
train_1232739735,train
train_2009017584,test
train_1707201808,test
train_1090477083,test
train_3994168387,test
train_297038403,val
train_766114795,train
train_1488764797,train
train_1458270144,test
train_669755276,train
train_1698846674,train
train_2550227771,train
train_1526015275,train
train_4291270729,train
train_3080144562,train
train_742884071,train
train_3117256250,test
train_1762262592,train
train_3064158781,train
train_2622349277,train
train_81939726,train
train_1604118549,train
train_4089829106,val
train_3377080497,test
train_43123445,test
train_2054875063,test
train_1792487968,train
train_1044443383,train
train_2836716709,train
train_3243368362,train
train_1971999269,test
train_3654279950,train
train_2011167048,train
train_1565603658,train
train_2097889497,val
train_184419637,test
train_3563495442,train
train_2306249015,val
train_3900072982,train
train_423345795,train
train_857491600,train
train_3275594101,train
train_2140401045,train
train_1608278450,train
train_3074024323,train
train_184218120,train
train_1281622527,train
train_3856703738,train
train_107542464,train
train_4165962981,test
train_1435866189,train
train_2011620963,train
train_160089901,train
train_791183726,val
train_788796118,train
train_751228140,val
train_2655890802,train
train_4087384926,train
train_3040946603,train
train_3584948328,train
train_3591837251,train
train_1406146131,train
train_3863249142,test
train_3373940447,train
train_1741115229,test
train_632200452,train
train_1581172929,val
train_3248651458,train
train_2786646631,train
train_2350778160,train
train_1288546216,val
train_2773263149,test
train_2938125887,train
train_2569303563,train
train_2443209457,test
train_1479647822,val
train_4269114602,train
train_834892444,train
train_1373968050,val
train_4162929531,val
train_4019951277,test
train_191247597,val
train_2025387889,train
train_4117261493,val
train_464408383,train
train_1996821200,train
train_1648837128,test
train_2070683128,train
train_1038254590,train
train_3725996602,train
train_690092593,train
train_269204631,train
train_1724922769,train
train_4087461533,test
train_4294232503,train
train_2098901769,train
train_2139641946,train
train_1914688126,train
train_863369151,val
train_632419906,train
train_345203243,train
train_1826969961,train
train_728890928,train
train_2685842307,train
train_3136025641,test
train_190553578,train
train_2760452222,train
train_1407222518,test
train_3151717370,train
train_1889804778,val
train_4065803988,test
train_4234758483,train
train_485578372,train
train_2265565003,train
train_3180833772,train
train_3174657706,train
train_307527305,test
train_3405876607,train
train_1719664856,train
train_1925153249,test
train_3420379444,train
train_3070428467,val
train_2472780488,train
train_1735051147,train
train_4277543962,train
train_3971827070,test
train_1620872858,train
train_2264169038,train
train_433573008,val
train_2370512083,test
train_1649306204,test
train_1858108012,test
train_1030012333,train
train_855486947,train
train_3759269011,train
train_4042808416,val
train_1465987636,train
train_1991601479,train
train_2720712078,train
train_224876796,train
train_236515281,train
train_2540368161,test
train_2000516070,train
train_632143575,val
train_463489902,train
train_1062300941,train
train_4165097365,train
train_3417950415,val
train_3073905495,train
train_2443517246,train
train_1735192144,test
train_801643191,train
train_3921451171,test
train_155539795,test
train_2036809859,train
train_1369435429,train
train_1379374866,train
train_1155855695,train
train_1978004130,train
train_1103751514,train
train_3666878690,test
train_3974700460,train
train_2927323892,train
train_461072077,train
train_3702875534,train
train_1419944156,train
train_3221584992,test
train_283374703,test
train_3629216221,train
train_2393141979,train
train_1010331917,train
train_3984834939,train
train_2010582345,test
train_294263452,train
train_4051051379,train
train_1899389683,train
train_2060982805,train
train_2510164603,train
train_634074172,train
train_2783040283,train
train_3208872172,train
train_1530762427,train
train_2453896034,test
train_1910827787,train
train_1829436365,train
train_1902093497,train
train_1023451380,train
train_3248721108,train
train_1485888228,train
train_1381555317,test
train_3504341015,train
train_3214002390,train
train_2358966499,train
train_2028780669,val
train_2711557015,test
train_1709051053,train
train_82260551,val
train_123001041,train
train_3474797264,val
train_954991200,train
train_3011620107,test
train_3248490260,train
train_3622564702,train
train_1899422653,train
train_2017146374,train
train_1461409280,train
train_2476684706,test
train_1697652486,train
train_2764460294,train
train_801360908,val
train_3304815472,val
train_2711276410,train
train_151016487,train
train_290537910,test
train_4234817656,train
train_883564923,train
train_1343906288,train
train_1650788245,train
train_1786511156,train
train_51586323,train
train_2852450732,train
train_383338155,val
train_656497393,train
train_851099077,train
train_211369303,val
train_3914843041,train
train_1840721689,train
train_2710253568,train
train_376321406,test
train_137940722,train
train_418828557,train
train_2407952705,train
train_1582991006,test
train_2701185468,train
train_3012039188,train
train_1163030354,train
train_2100532330,train
train_1241515540,train
train_2306873762,train
train_3837885058,test
train_967357472,train
train_1430630293,train
train_2057567284,test
train_1217091186,test
train_1832899734,train
train_797491270,val
train_3860108533,test
train_1593547966,test
train_3166532282,test
train_3444153999,train
train_2344233937,train
train_1639969691,train
train_3595345864,train
train_2854869051,test
train_3502273170,train
train_3920580343,train
train_4035582527,val
train_178870809,train
train_2576073009,train
train_2514975589,train
train_4525168,test
train_2850080409,train
train_298591778,train
train_2877948159,train
train_2717189631,val
train_3117244917,train
train_3647458940,train
train_727979622,test
train_2520580952,val
train_432632367,train
train_3559180704,train
train_3182129962,train
train_4073776664,train
train_1922106403,train
train_320799764,train
train_3252243152,train
train_4061882670,train
train_165053497,train
train_1265266951,train
train_718861848,train
train_582890927,train
train_3374172245,train
train_526447346,train
train_2529143591,train
train_3711770206,test
train_3217165508,val
train_2600322122,test
train_2564115333,train
train_3458439412,train
train_3275192963,train
train_1497486932,train
train_1401626433,test
train_3179328761,train
train_3627190606,train
train_89714591,test
train_775772247,train
train_3772643271,test
train_4154306526,train
train_2294053571,train
train_4250236185,test
train_1453735902,train
train_1123809138,test
train_2090574369,test
train_3065802740,train
train_2566570271,train
train_4126888680,train
train_208951,train
train_3673236292,train
train_4077263031,train
train_4042584985,train
train_2390554939,test
train_666032187,test
train_2864132633,train
train_225901814,train
train_2244663813,train
train_2620734546,train
train_22902111,train
train_13133408,train
train_988160693,train
train_3239759832,train
train_3686978838,train
train_975843401,train
train_1892803039,train
train_442833429,train
train_4082148907,train
train_949634595,train
train_1342834287,train
train_4162349436,test
train_578001984,train
train_4109813433,test
train_3211711005,train
train_2256469567,train
train_3585737636,train
train_4097304947,train
train_38759622,train
train_543974397,train
train_797341323,train
train_2558052976,train
train_1731231380,test
train_2507672437,train
train_3404528299,train
train_3265741992,train
train_2240508186,test
train_1858752595,train
train_865845891,train
train_2112515703,train
train_1566715838,train
train_2772840818,train
train_3650024300,train
train_1439239037,val
train_340890334,train
train_2831071799,test
train_3541402887,train
train_1415341757,train
train_3844902221,train
train_1027818065,train
train_1755940048,train
train_4162415519,train
train_1791424913,train
train_2079617142,train
train_200649983,test
train_69323431,train
train_3023369684,train
train_2617889719,test
train_3519672885,train
train_1950426841,test
train_3068161064,train
train_1441046811,train
train_649258532,train
train_3868506098,val
train_4000251687,val
train_972685049,train
train_2794211473,train
train_3365369196,val
train_2849895384,train
train_3088783023,test
train_2817956017,train
train_4207068046,train
train_734692390,train
train_1339642343,train
train_4217833294,train
train_3077254094,train
train_1823877601,train
train_3726361409,train
train_182412819,test
train_4240053269,test
train_106935591,train
train_392437497,train
train_2266267747,train
train_931949347,train
train_2734185082,test
train_2452742048,train
train_3035091649,test
train_1803754944,train
train_2869957209,train
train_2987324244,train
train_3401636571,test
train_2310491569,test
train_380788309,val
train_3946641028,val
train_1287918221,test
train_49694504,train
train_3785218807,train
train_1830381225,train
train_3412800226,train
train_3068398458,test
train_903568712,train
train_1873302179,train
train_278782192,train
train_728667141,train
train_353549435,test
train_4014057720,train
train_1943476304,test
train_542260169,train
train_2462741674,val
train_4086864698,train
train_3948795581,test
train_255281919,train
train_4232622183,train
train_1976051181,train
train_2352346905,train
train_2537337390,train
train_1666321291,val
train_398730695,train
train_275843110,train
train_2939781394,train
train_1698162568,train
train_1109042819,val
train_3191586380,train
train_3705831720,train
train_1604867950,train
train_1560368762,train
train_2374199591,train
train_1089344950,val
train_1541542845,test
train_315740167,train
train_1594856249,train
train_517093919,train
train_1157207566,train
train_3590437760,val
train_2687832779,train
train_3157690618,train
train_1636016446,train
train_3686236782,val
train_199426579,train
train_4182914035,train
train_3920932923,test
train_3117010027,train
train_4241685688,train
train_3770478575,train
train_1201964348,test
train_1072165261,test
train_138922896,val
train_4161887890,val
train_951097372,train
train_17320364,train
train_128139042,train
train_1062046612,train
train_3118260265,train
train_684278759,test
train_3779068666,test
train_2332554765,test
train_90800863,train
train_1718287548,val
train_2218846097,train
train_1111762796,train
train_3688770328,train
train_1689298260,train
train_1340817231,train
train_4147702477,train
train_325157124,train
train_245222467,test
train_2916809405,train
train_3213527163,train
train_2397431388,train
train_319433393,train
train_1043687807,train
train_2582888497,train
train_2691502104,train
train_16408655,train
train_3885313007,train
train_1932697033,val
train_223032431,train
train_1886112042,train
train_2489461538,train
train_1464864164,val
train_1510240796,train
train_2968460872,train
train_2853373404,train
train_1379049191,test
train_1388655852,train
train_2281818008,train
train_2049475442,train
train_1438220509,train
train_1999410723,train
train_3067889429,train
train_2188452845,train
train_1437806970,train
train_3716921566,val
train_2564717706,val
train_3301603537,train
train_3913371749,train
train_2305472172,train
train_4266567399,train
train_3227177026,train
train_4063121913,train
train_2094538511,val
train_2646447854,test
train_281503914,train
train_2636893662,train
train_3300440526,train
train_1308919668,train
train_1734979385,train
train_3657896881,train
train_1724220356,train
train_2907216518,train
train_3664619707,train
train_447444795,train
train_1762825523,train
train_1218262135,train
train_1712594148,train
train_3308594946,val
train_1052373471,train
train_4202068823,train
train_575432484,train
train_1395505112,train
train_2700657350,val
train_1000574656,train
train_488225768,val
train_880215134,val
train_1858311129,train
train_2914883244,train
train_1897009489,test
train_4116178380,train
train_357100011,test
train_2185892330,test
train_1861263976,test
train_1637596730,train
train_913335161,test
train_2307902289,train
train_1191311325,val
train_2950279320,train
train_3673579059,train
train_2448383381,train
train_2905560406,train
train_574952557,train
train_3402950409,train
train_349715306,test
train_2876218061,train
train_579316174,train
train_2019712068,train
train_3223480268,train
train_968376873,train
train_2157123117,train
train_1658777383,test
train_613832447,train
train_3976004106,train
train_3169357038,train
train_2870657365,train
train_3393273885,train
train_730890336,train
train_2701945755,train
train_3561438632,train
train_3130590335,test
train_3562299154,train
train_3004612446,train
train_3560338900,test
train_1520245749,test
train_1027851133,train
train_3558375597,train
train_410140883,val
train_2946444786,test
train_2370239228,test
train_203259566,train
train_1902904193,train
train_301140344,train
train_2231745432,train
train_2232463693,train
train_2480568707,train
train_1290098696,test
train_1072468195,val
train_787372474,train
train_195657502,test
train_3710127624,test
train_2350446714,test
train_903059715,val
train_3656732012,train
train_313373581,train
train_2563504380,train
train_1208516073,train
train_1658249795,train
train_879939039,test
train_310195194,test
train_1100643213,train
train_2527649848,train
train_484876973,val
train_3120519708,train
train_483907925,test
train_3959988469,train
train_2051613389,val
train_3585706986,val
train_3924963984,test
train_1974734658,test
train_1972015433,val
train_1328425268,train
train_4210619842,val
train_429068901,train
train_3418626572,test
train_4273642716,val
train_3766896180,val
train_413499534,test
train_502081419,train
train_2248210395,train
train_2112458105,test
train_4079900255,train
train_444649469,train
train_399975313,val
train_166824345,train
train_3537777618,train
train_3328984198,train
train_1177339172,train
train_1265506948,train
train_1801560645,test
train_1024966311,test
train_3798604985,train
train_235645062,train
train_1264963027,train
train_2707430163,val
train_3873230497,test
train_2174414859,train
train_2687269697,test
train_3211164202,train
train_1487169845,train
train_917092304,train
train_3530402162,train
train_1135371056,train
train_3881031082,train
train_112083765,train
train_1336810484,train
train_1131314333,train
train_88252639,train
train_3692613786,train
train_972315100,val
train_2086808640,test
train_494270422,test
train_3783836146,train
train_1080361271,train
train_382920242,train
train_1903429305,train
train_2897484030,train
train_3048708494,test
train_3883202471,train
train_1778701009,test
train_4097293245,train
train_617724569,train
train_775513777,train
train_623843197,train
train_3643272318,train
train_2840113699,train
train_1543675254,train
train_1310134196,val
train_1847614966,train
train_3270085673,train
train_3266714293,test
train_1515324757,test
train_3974490924,val
train_3449250287,train
train_472949113,train
train_2419746715,train
train_3959478170,train
train_3721007158,train
train_1507376457,train
train_2979645656,train
train_3670975417,test
train_1571305782,train
train_977070632,train
train_3754459818,train
train_1146300090,train
train_2502087889,test
train_2964818010,train
train_429651273,val
train_952355152,test
train_1364089967,train
train_161235653,train
train_216643046,train
train_536457643,test
train_391860786,val
train_2213308692,test
train_1720032728,train
train_2400918227,train
train_2944692568,train
train_828584882,train
train_1727044044,train
train_1937171853,train
train_2624032383,train
train_2275362640,train
train_118181658,train
train_2624454234,val
train_1284618480,train
train_641533771,train
train_2336716747,test
train_2979765634,train
train_1557915171,train
train_217567017,test
train_1320646399,val
train_1352079318,train
train_1732983877,train
train_403863087,train
train_1211928254,test
train_2986372180,train
train_3986233571,test
train_2756419608,test
train_1657193979,train
train_2345825275,train
train_4192082347,train
train_1385735573,test
train_3781455920,train
train_3875593744,train
train_664622960,val
train_1615882896,train
train_3663335785,train
train_2160849933,test
train_1583093753,train
train_2088927825,train
train_1714224702,train
train_4141961671,train
train_2505772449,train
train_1198086539,train
train_211876974,train
train_2687019409,train
train_3188453115,train
train_176083841,train
train_1087940886,test
train_3692822968,val
train_2097910451,train
train_940125589,train
train_2182723875,test
train_1981225506,train
train_2680418217,train
train_2539722776,test
train_2153293565,test
train_1762573560,train
train_2280558444,train
train_3242479290,train
train_324285547,train
train_1299954067,train
train_4093653276,test
train_4090323527,train
train_2665721136,train
train_2208314685,val
train_24385055,train
train_4069972748,train
train_2560249367,train
train_1187044476,train
train_1319335009,train
train_685385513,train
train_946078211,train
train_4168914734,train
train_3845723204,test
train_817019316,test
train_827432643,train
train_2453106886,test
train_1117400875,train
train_4203130821,test
train_1408061216,test
train_1244789415,train
train_247715515,test
train_4170720607,train
train_4101881555,train
train_435961664,train
train_3699903027,train
train_2845661916,train
train_758775376,train
train_1064632030,train
train_3513986061,train
train_3339055457,train
train_3002846809,train
train_3154501084,test
train_593681648,val
train_2327912171,train
train_1101621934,train
train_716529063,train
train_235795439,train
train_1117126301,train
train_976380000,test
train_3744627266,train
train_4240280929,train
train_784592423,train
train_3363573910,train
train_1075877258,test
train_3359300733,train
train_1415643831,train
train_772476084,train
train_4143759607,train
train_3027513151,train
train_407239607,train
train_929387095,test
train_3181148663,train
train_3924566053,val
train_3180767191,train
train_630133359,train
train_3235125546,train
train_810330365,test
train_499077760,test
train_1164430959,train
train_687173318,train
train_1982283301,train
train_2662055931,train
train_4241330221,val
train_30331330,train
train_3068743384,train
train_3980198483,train
train_3321612302,train
train_3214504574,train
train_3389587040,test
train_3768789899,train
train_1457185113,train
train_3004985828,train
train_1048792557,val
train_3450861179,train
train_515709976,train
train_520812878,test
train_612037810,train
train_1993356453,test
train_1694442409,train
train_3614849788,train
train_874165121,val
train_1931012388,train
train_2525564452,train
train_1742471045,train
train_2992201629,test
train_256288205,train
train_671987653,train
train_2040872393,train
train_3389098019,train
train_1388822048,train
train_4185992336,train
train_3879541060,train
train_558811131,train
train_526733233,test
train_3597301904,train
train_3551675088,test
train_1849506955,train
train_4076836319,train
train_1602793175,train
train_2527715843,train
train_122810477,train
train_3988902274,train
train_1501189667,test
train_3020857904,train
train_4252355151,test
train_825362713,train
train_758390757,train
train_3060997118,train
train_4020356772,test
train_1648298471,train
train_505436407,train
train_2239980865,train
train_860014450,train
train_2196376498,train
train_1859471506,train
train_3823846239,train
train_3826168199,train
train_766162755,train
train_3842563644,test
train_345455943,train
train_1376043571,test
train_888029874,train
train_2602631790,train
train_1925888648,val
train_2658094389,train
train_1935811539,train
train_3325571658,train
train_2996249881,train
train_2762069909,train
train_4281317659,train
train_1119934345,train
train_3734061671,train
train_1055653860,train
train_3810892578,train
train_3517879481,train
train_2162201531,train
train_4081497537,test
train_1479300847,train
train_2689673223,test
train_1875817589,train
train_994746781,train
train_4260268061,train
train_1489494460,test
train_271833792,val
train_1644579712,val
train_1762379453,train
train_2372985021,train
train_917440850,train
train_782093360,train
train_3582750859,test
train_47124377,train
train_4208489750,train
train_2459849419,train
train_2959450537,train
train_2997036647,test
train_2012462097,train
train_2789193535,val
train_2517499480,val
train_466312008,val
train_778547790,train
train_4055124148,train
train_1976659412,train
train_2418790238,train
train_1976276825,train
train_2570681901,train
train_557403297,train
train_517082873,train
train_2460682090,train
train_2098312869,val
train_2829421913,train
train_666034214,train
train_879950940,train
train_2867968829,train
train_2136710992,train
train_3762701492,train
train_3203000010,val
train_1291056882,train
train_2853637814,val
train_2560751210,test
train_2716301322,train
train_2137431197,train
train_4246332072,train
train_1784776711,train
train_1443946270,train
train_543385171,val
train_1459319977,train
train_1108589250,val
train_129602365,train
train_650019135,test
train_3813569860,train
train_536366664,train
train_3041298046,train
train_3756859045,val
train_3769308559,train
train_2577261300,train
train_3285033566,train
train_343735250,train
train_834210365,test
train_2993064689,train
train_1407147366,train
train_1714698450,train
train_2170044922,test
train_3241881161,test
train_2250676509,train
train_408742332,train
train_3630361744,train
train_1539993537,train
train_2782127682,train
train_435459702,test
train_1066297702,train
train_1183447041,train
train_1792708653,train
train_3872372029,train
train_2379784995,train
train_878568805,train
train_1029747870,train
train_148882098,train
train_2317243599,train
train_1849090347,test
train_4076475123,train
train_829761235,val
train_2760540023,train
train_1675156782,train
train_3721412582,train
train_2251689922,train
train_4036033948,train
train_2122350750,train
train_789986060,train
train_2919110849,train
train_538463136,train
train_321020794,train
train_2632984003,train
train_241440525,train
train_4285122625,train
train_2419943180,train
train_1164635541,train
train_2827025715,train
train_177772718,train
train_1045811766,train
train_2347403568,train
train_4118882354,train
train_3697320891,train
train_2119602397,val
train_797379015,train
train_2425542888,train
train_2583435138,train
train_4207048249,train
train_2010417361,val
train_2755714429,train
train_2290779776,train
train_1709847854,train
train_3351803605,train
train_3539492037,train
train_3000393033,train
train_1998255213,train
train_3647650173,train
train_2470059935,test
train_123575323,train
train_3036333102,train
train_1813212867,val
train_3928261436,test
train_3167288608,train
train_3102371337,train
train_4023331311,train
train_942029375,val
train_2216662733,train
train_255576357,train
train_1180771792,train
train_1732700713,test
train_258544745,train
train_2819078819,train
train_3741375951,test
train_1003115935,train
train_2919386341,train
train_3795758417,train
train_2012055636,train
train_3665483171,train
train_4224525996,train
train_2917660501,train
train_585680781,train
train_2752613227,train
train_3191385878,train
train_4082051356,train
train_1164362424,train
train_535175733,val
train_843236722,train
train_3295226165,train
train_2691212971,train
train_2007216816,val
train_3303300755,train
train_2568942814,val
train_3766304461,train
train_618702602,train
train_1004211854,test
train_969035410,train
train_1065472200,train
train_3924805715,train
train_2876255851,train
train_1303985612,train
train_1295285449,train
train_816086274,test
train_1179544463,test
train_3751840466,test
train_189940899,train
train_2362178943,test
train_2043854682,train
train_4165212021,test
train_1928798039,test
train_3900244025,train
train_1513450508,train
train_580892067,train
train_1455843501,train
train_3321613560,train
train_741662922,train
train_1862234356,train
train_3611951971,test
train_1736669357,train
train_1244009723,train
train_1728165146,train
train_416750668,val
train_4088580902,train
train_2840198664,train
train_1706421712,train
train_611158382,train
train_2737521623,train
train_2013747665,train
train_2481060711,test
train_1171627212,test
train_1903009393,val
train_398375607,train
train_1403457054,train
train_2702771053,val
train_782497666,train
train_1514416692,train
train_3936409562,train
train_550939918,test
train_145452976,train
train_1342173309,train
train_1439458874,train
train_2601276851,test
train_3715000082,train
train_3608002132,train
train_1814385128,train
train_964720681,test
train_1607160542,train
train_640588681,train
train_89153722,train
train_4056035930,train
train_3443815191,train
train_380742744,test
train_1119881771,train
train_1492895690,train
train_475736434,train
train_4217729206,train
train_1833300529,test
train_4126927315,train
train_1094352672,test
train_2823422808,train
train_381612686,train
train_3062087910,val
train_895341554,train
train_3146573870,train
train_3936064039,train
train_246435806,train
train_1934979011,train
train_3075956398,train
train_1776001032,train
train_2055966190,test
train_352788479,test
train_1210856146,train
train_3572101422,train
train_3736371216,val
train_3919059385,val
train_4290320742,val
train_867113804,val
train_3430572031,test
train_3785351664,train
train_1806573578,test
train_3435796905,train
train_3338616318,train
train_626925869,val
train_3338946142,train
train_2666954778,train
train_1446806219,test
train_277592042,train
train_3400822744,train
train_897398275,train
train_1525640142,train
train_2957588378,train
train_3645053984,train
train_1485376226,train
train_3674008140,train
train_2226807765,val
train_1120414796,val
train_2176028688,train
train_493684647,train
train_607321143,train
train_155914073,val
train_3619440333,train
train_2794162509,train
train_1594934821,train
train_3446162576,train
train_2407923872,test
train_2269932107,train
train_632745654,test
train_616274256,test
train_2194071798,test
train_273692620,train
train_4292083915,train
train_4259718365,train
train_1239895006,train
train_2273341985,train
train_3515526661,test
train_3864352321,train
train_661892807,train
train_1869046491,train
train_1164878507,test
train_7437096,train
train_515373139,train
train_2370356102,train
train_3102364034,train
train_1809043452,train
train_1133295522,train
train_2992532200,train
train_2125300794,val
train_3467578395,test
train_3624605525,train
train_2592457426,train
train_4225387453,train
train_3486859108,test
train_1919664774,train
train_497543862,test
train_2279145196,val
train_127581352,train
train_96279535,train
train_1627628415,train
train_3173256261,train
train_1517015550,val
train_2190648217,val
train_1870820673,val
train_604574041,train
train_2332850039,train
train_366089493,train
train_808326690,train
train_2343771203,train
train_3494038844,test
train_1646304979,train
train_1805853097,train
train_2986947203,train
train_336881752,train
train_3392993040,train
train_1487654649,train
train_3333110292,train
train_3189151947,test
train_1680828004,val
train_725952694,val
train_3876780341,train
train_544455445,test
train_1182906906,train
train_280585741,train
train_686039761,train
train_3700404900,test
train_3738941410,test
train_3951730968,test
train_3737590156,train
train_2554721725,test
train_3568951139,train
train_2361998822,train
train_3904191352,test
train_462639833,train
train_2432241623,val
train_1652485337,val
train_2482044384,train
train_732286256,train
train_2659891791,test
train_400379362,train
train_2526180615,train
train_3971286781,train
train_1806248089,train
train_3197978028,train
train_448373494,train
train_1269265256,train
train_1543918412,train
train_1476821925,train
train_711567482,val
train_3019903417,train
train_953854502,test
train_1817819355,train
train_115157077,test
train_18795264,train
train_869090175,train
train_1125701206,test
train_2698763951,test
train_2526736124,train
train_4147112260,train
train_2268161245,test
train_2337691713,train
train_2766792264,train
train_613960981,test
train_3782994779,train
train_2805591692,train
train_1800541663,train
train_626759172,test
train_3227349104,train
train_2494451339,train
train_2722654509,train
train_1923235192,train
train_1512734795,val
train_3226293197,val
train_6820361,train
train_3395965655,train
train_2225768967,train
train_232663570,test
train_998327339,val
train_752492581,test
train_1922719502,train
train_1741541506,train
train_2367571164,train
train_1540437839,train
train_1804833607,test
train_1395147349,test
train_1667304879,test
train_3166004633,train
train_3572776525,train
train_4126952540,train
train_2557766374,test
train_2361051771,train
train_3548140033,train
train_1211957039,train
train_3728498916,train
train_4104192486,train
train_2810145478,val
train_3625970221,val
train_2808105621,test
train_3596239687,train
train_1127687404,train
train_1948840703,train
train_1350917296,train
train_3143952677,train
train_1059874205,train
train_3813210970,train
train_107789332,val
train_3138276832,test
train_131796873,train
train_521963158,train
train_4291604734,test
train_2376864631,test
train_2406793832,train
train_171394486,train
train_3880464742,train
train_1369465902,test
train_2221977479,test
train_3415086514,val
train_1626957789,train
train_2605657698,test
train_1614909691,train
train_557324508,train
train_1813811693,train
train_225570533,train
train_3888584671,train
train_118723833,train
train_2069499190,train
train_2574937457,val
train_2083527965,train
train_3134555962,val
train_683629249,train
train_772518855,test
train_2998955216,train
train_373074416,train
train_2054677687,val
train_2613965442,test
train_2407987121,train
train_2792914161,test
train_3841784810,train
train_519180846,train
train_1998109499,test
train_1140345955,train
train_207861766,train
train_1167552051,train
train_373165129,train
train_693740103,train
train_4082248150,test
train_300100917,train
train_2081843396,train
train_4290033067,val
train_2249712217,val
train_3955663587,val
train_2333729794,test
train_3849873836,test
train_2310793925,train
train_2856695670,train
train_987707767,train
train_1798368792,train
train_1932074896,train
train_198152774,test
train_3501623444,train
train_2391502542,train
train_1547607523,train
train_3756518738,train
train_259343455,train
train_3316756597,train
train_2679050144,train
train_1838634896,train
train_2188207532,train
train_946859898,train
train_1832063669,train
train_932270116,train
train_1707157999,test
train_1322817981,train
train_952612214,train
train_322275660,train
train_58627456,train
train_3032196374,test
train_4121616168,train
train_606366910,train
train_3523120047,train
train_9499551,val
train_3216141414,train
train_3745701444,train
train_2096469702,train
train_2729133611,train
train_1029655023,train
train_449207799,train
train_1811476552,train
train_3675439878,train
train_2214359633,train
train_2466052055,test
train_1875994876,test
train_1835198284,train
train_2331501603,train
train_277195103,train
train_4109938236,test
train_1761473248,train
train_2976050558,train
train_133648441,test
train_81215840,train
train_4280872943,val
train_2021766358,train
train_735606162,val
train_734989217,train
train_1052472010,test
train_1481884221,train
train_251271793,test
train_2860266907,test
train_385551088,train
train_2282371122,test
train_1454612117,train
train_2751521943,test
train_3236690662,train
train_1194420786,train
train_1439985912,train
train_2701266114,train
train_3693312079,test
train_3702611914,test
train_918171638,train
train_676138465,train
train_3956497436,train
train_123854629,train
train_2049432974,train
train_1904916258,train
train_2017705551,train
train_657292363,train
train_3055192895,train
train_3903718431,train
train_2177683161,train
train_2536100325,train
train_1168202336,val
train_1341001630,train
train_417797854,test
train_3439470269,train
train_3414212813,train
train_3119230651,train
train_1600335919,test
train_2017173356,test
train_3463255585,train
train_587781209,test
train_3945814165,test
train_1065224027,train
train_2109181757,test
train_4030877279,train
train_2540724354,val
train_2624669947,train
train_293383340,train
train_3975641144,train
train_4197408843,train
train_3146051671,train
train_85620888,train
train_3018501054,train
train_3247624818,test
train_950428255,test
train_961843295,train
train_2009605218,train
train_235430313,train
train_1236143738,test
train_424953237,train
train_1030347974,train
train_635611608,train
train_3793771500,train
train_1138524194,val
train_2556008065,train
train_1740344938,train
train_389259041,train
train_1096381323,val
train_1694778197,train
train_2933770197,train
train_1720004583,test
train_3395610063,test
train_4004119681,train
train_106738152,test
train_2397011498,train
train_166625623,train
train_4265813494,test
train_2637353345,train
train_135963797,test
train_3404654849,test
train_2026051218,train
train_1472262052,train
train_481515401,train
train_2785638706,train
train_4098547817,train
train_1995570237,train
train_333638707,test
train_3975724135,train
train_3295952133,test
train_52080708,train
train_1306376198,train
train_928374630,test
train_2816458766,train
train_2457940541,train
train_4105152927,train
train_1985063223,train
train_1365406992,test
train_1316936602,test
train_1522961877,train
train_2062397295,test
train_3521574318,test
train_3063341873,train
train_989811160,train
train_2641080163,train
train_1481369815,train
train_4223583444,val
train_3908948633,val
train_1016118791,train
train_27231426,train
train_2858697257,val
train_2878728385,test
train_627193632,train
train_962487674,val
train_1085240851,train
train_334363889,train
train_2579551606,train
train_2762353219,train
train_461383438,train
train_3938684045,train
train_3994691338,train
train_3608089697,train
train_3642988142,test
train_4072650638,train
train_1352149167,train
train_647074353,train
train_3779896318,train
train_3505474836,test
train_106799909,train
train_675536307,train
train_2033222547,test
train_2380585678,test
train_4004298475,train
train_2498948931,test
train_1082570816,train
train_1827962737,train
train_2485765632,train
train_3198597415,test
train_3372748951,train
train_3635536921,test
train_3652484220,test
train_383479006,train
train_1981978097,train
train_3700444932,train
train_439257564,test
train_2439550867,val
train_1968381944,train
train_1748125201,train
train_1633622311,train
train_563128010,train
train_3399962041,test
train_2456584076,train
train_2337041484,train
train_799943521,train
train_1936668219,train
train_291544419,train
train_2086803920,train
train_1948185984,val
train_593293747,test
train_3428556705,train
train_1636659936,test
train_3433291151,train
train_3258774916,train
train_3868181814,train
train_1638187876,train
train_880950433,train
train_2629017100,train
train_1312573020,val
train_2402173658,train
train_1627269985,train
train_1972732851,test
train_436867924,train
train_1644152845,train
train_1990118232,train
train_2102983547,test
train_4206383502,val
train_564240111,train
train_330400119,train
train_917649574,train
train_1273780316,train
train_2717993027,train
train_2517107987,val
train_2379337133,train
train_1810110300,train
train_499100780,train
train_4119278903,train
train_1453123182,train
train_597555864,train
train_2654912655,train
train_389624018,test
train_3942715484,train
train_1487781258,test
train_1140142915,train
train_3741348921,val
train_1144774622,train
train_2252693689,train
train_2853695827,test
train_2328684746,val
train_3158302438,train
train_3858289949,train
train_64262093,train
train_736867665,test
train_2024144845,train
train_265435996,train
train_2418270129,val
train_1307471163,train
train_2821549861,train
train_300094886,train
train_2923063902,train
train_1181207955,test
train_4198802102,val
train_3165044247,test
train_2197429989,train
train_1862469600,val
train_1500569576,train
train_682378421,train
train_828334939,train
train_2607333535,train
train_770430318,train
train_2490401068,train
train_1524965662,train
train_2042257925,train
train_294672754,val
train_2736008213,train
train_1236742496,train
train_4071624010,train
train_461012768,test
train_3373500830,train
train_612834751,train
train_3418483336,train
train_2297325980,train
train_2693177282,train
train_3348513537,train
train_3744923107,train
train_2948591420,test
train_1065047648,train
train_3410184654,train
train_3553325914,train
train_4272277786,train
train_836061884,test
train_4122448751,train
train_205782773,train
train_2325340174,test
train_346736790,train
train_2874706333,test
train_533310888,train
train_2126542336,train
train_1188282239,test
train_709577424,val
train_67171656,train
train_3657959710,val
train_3548968633,train
train_1990525346,train
train_319723447,train
train_3541413154,val
train_3772635453,train
train_1956277957,train
train_1163262579,train
train_2190905963,train
train_2957038718,train
train_137945382,train
train_1647297464,train
train_3188511984,test
train_2831040660,val
train_3611620089,train
train_4171284039,train
train_1559408419,test
train_571600270,test
train_3693320440,test
train_2144773842,train
train_252985147,train
train_337079068,val
train_3022791861,train
train_1498727234,test
train_244652740,train
train_59248319,train
train_3332128755,test
train_679934626,val
train_2577123364,val
train_3763847518,train
train_2544946297,train
train_30256366,train
train_3652518890,train
train_500616211,train
train_474111060,test
train_1848347392,val
train_365277645,train
train_1291088239,val
train_46919072,train
train_1290652640,val
train_3089938920,train
train_2755546390,train
train_3576542542,train
train_1710173030,train
train_197330630,test
train_3928936815,train
train_4171030531,train
train_2219093366,train
train_1665693208,train
train_1157910392,test
train_3124836068,test
train_3939843351,train
train_2190825449,train
train_2594761375,test
train_2606843849,train
train_2201553587,train
train_2395230198,train
train_546921397,train
train_50421074,train
train_1352205528,train
train_3600790521,train
train_570506488,val
train_1148395408,train
train_3873781962,val
train_1085336059,train
train_2257795181,test
train_131000902,train
train_1059691234,train
train_2540214617,train
train_4224187112,train
train_395315991,train
train_3272047184,train
train_292925337,train
train_311753646,test
train_942758776,train
train_1371420750,train
train_4043036197,val
train_1351084608,train
train_4094900766,train
train_2942227459,train
train_1347964248,train
train_3485209887,train
train_3751059218,test
train_3203807847,train
train_2102271992,train
train_2939301199,train
train_19057560,train
train_3901393217,train
train_1988815823,train
train_1598446545,test
train_3555192012,train
train_1688412298,train
train_168423926,test
train_1895050587,test
train_1676745495,train
train_3074559172,train
train_3504902322,train
train_2253927408,test
train_4162728401,train
train_3263902840,val
train_967272558,train
train_3199436528,train
train_2871799265,train
train_3029410027,train
train_3341829396,train
train_908055552,train
train_2178297835,train
train_2096814076,train
train_1112724160,train
train_2719096020,train
train_3408153422,train
train_59720762,train
train_4149910268,train
train_812543425,train
train_958721039,train
train_696248802,test
train_2640036529,train
train_1167695436,train
train_1554834438,train
train_3655831280,train
train_1904894609,train
train_4022844955,test
train_4198050768,test
train_2239008101,test
train_2712974997,train
train_1259367735,train
train_2998099810,test
train_2029475461,train
train_3815249797,train
train_312889749,test
train_961279865,train
train_1689731465,train
train_985358999,train
train_1668185328,train
train_1956505537,train
train_3852954062,train
train_1481257436,train
train_1982957579,train
train_4125082224,train
train_4214702323,train
train_155187926,train
train_4029690899,val
train_1629608792,val
train_4125260414,train
train_688649208,train
train_2493109578,train
train_3621257255,test
train_1547900818,train
train_936126269,train
train_2611767764,val
train_3953636264,val
train_3452847115,train
train_1704054450,train
train_3526552635,train
train_1641555276,train
train_2930533628,train
train_741927956,train
train_3868749643,test
train_1199917100,train
train_3467591926,val
train_671101179,train
train_2894639052,train
train_4147952423,train
train_2622065992,test
train_3889132756,test
train_1053313034,train
train_242728262,train
train_2768194168,train
train_3350668252,train
train_319556555,train
train_1784343380,test
train_1593405799,train
train_2334960897,train
train_3372000840,train
train_425353546,test
train_2155712694,train
train_2712630555,train
train_2882431530,train
train_238353133,train
train_320267968,train
train_1244901027,train
train_2251804917,val
train_4090008365,train
train_2615355809,test
train_2691745534,train
train_586035468,train
train_1340876743,train
train_1007749586,val
train_792882331,train
train_2770808306,val
train_1507327169,train
train_4114138916,train
train_411452928,train
train_3266566669,train
train_4065744312,train
train_348831359,train
train_449014519,train
train_3551399518,train
train_409680722,train
train_3860724018,val
train_817589896,val
train_2443937815,train
train_4245926417,train
train_3393739966,train
train_894696977,val
train_3470449307,train
train_2295820120,test
train_2813655033,val
train_2143923578,train
train_825492103,val
train_2893582064,test
train_1483737034,train
train_2041854621,train
train_983773162,val
train_3926545112,train
train_271878578,val
train_3210516128,train
train_1550089161,train
train_1217581024,train
train_2478434473,val
train_3962402156,train
train_606563365,train
train_3056213570,train
train_3979821446,train
train_2103371896,train
train_2259188081,train
train_3632121570,train
train_359065829,test
train_2528597279,train
train_3222848957,val
train_1422389609,train
train_3547727499,train
train_946463608,val
train_3572158200,train
train_97424106,train
train_4131116782,train
train_1966569930,train
train_2003007305,test
train_1002715246,train
train_4165399295,train
train_3010257481,train
train_2355579841,test
train_830247605,train
train_2967276237,train
train_1554695425,train
train_1852349030,test
train_3135417229,train
train_2365703029,train
train_2528673251,train
train_3388672436,train
train_3083173467,train
train_400369535,train
train_2214276894,train
train_3463823449,train
train_3163122372,test
train_1310693057,train
train_2131830770,train
train_2693991977,train
train_1665895041,train
train_1957306631,train
train_1553039102,test
train_1242641798,test
train_1191962025,train
train_16207489,train
train_2359835250,train
train_1246010452,train
train_2907908909,train
train_1256708206,train
train_3666421380,train
train_1456692222,train
train_1254446920,train
train_3083482784,train
train_411298164,train
train_1187596622,train
train_1492699111,train
train_1893050197,val
train_3789774475,train
train_3098257155,train
train_3343658924,train
train_2897218302,train
train_241434038,train
train_1773197852,train
train_254648579,train
train_3995855789,train
train_3470764593,train
train_2478795876,train
train_808844931,train
train_1266998466,train
train_714365960,train
train_511971788,train
train_185964599,train
train_609632601,train
train_2268860050,train
train_1480828261,train
train_4046559769,test
train_2639020717,test
train_2537927858,train
train_190072944,train
train_229182727,val
train_1460310099,train
train_722335768,val
train_2298922457,train
train_3037337244,train
train_2890216677,train
train_795806209,train
train_1928431856,train
train_120526777,train
train_3760158623,test
train_2598644234,test
train_998173076,val
train_895553530,train
train_1763848313,train
train_3180975537,train
train_1923216434,train
train_772877264,val
train_2519640203,train
train_2413220560,train
train_2820724146,test
train_3663294865,train
train_746293168,train
train_3920242730,train
train_832803835,test
train_3872899411,train
train_2599382411,train
train_1265336779,train
train_4151975162,train
train_1652102979,train
train_970324169,train
train_1621986617,val
train_441130124,val
train_1061409238,train
train_1607288536,train
train_1597430592,train
train_3395184652,train
train_2046107691,test
train_1648122286,train
train_2249946708,test
train_4003942066,train
train_3884278298,train
train_1035778922,train
train_4101788738,train
train_2573648452,train
train_3537899103,val
train_1569927965,train
train_3628995069,train
train_177822273,train
train_1126634248,train
train_2265464673,test
train_721238346,train
train_2057301396,train
train_636963630,train
train_802883308,train
train_4014048455,train
train_458714460,train
train_1104674040,train
train_2043094887,train
train_1158713658,train
train_3677696059,train
train_1143762595,train
train_4285813008,test
train_311789458,test
train_4061755009,train
train_3772065001,train
train_254496619,train
train_263048894,test
train_108727677,train
train_2083971794,train
train_1867953447,train
train_1451986732,train
train_259662014,train
train_4278335930,train
train_3211434769,train
train_3240601707,train
train_2139094314,train
train_2447611768,val
train_1913039534,train
train_2238050175,train
train_2211686434,train
train_1763912590,train
train_1146335559,train
train_6930451,train
train_1438299562,train
train_3131594085,test
train_4200248893,test
train_2466252337,val
train_3075752961,train
train_518815888,train
train_3186152035,train
train_3224884023,train
train_771390199,test
train_251564276,train
train_3836978561,val
train_403927349,val
train_3712216675,test
train_3714975635,test
train_2020954998,test
train_3549680391,train
train_1738939704,train
train_1658819473,train
train_3884132609,train
train_236977639,test
train_2621630688,train
train_1531098626,test
train_3115121245,train
train_4153202332,train
train_2509852793,train
train_765449595,train
train_1673818464,test
train_1105442663,test
train_1868145252,train
train_911801700,val
train_85754922,train
train_1999120881,train
train_1806715265,train
train_483185598,train
train_68161341,train
train_662214182,train
train_98908803,train
train_203723287,train
train_3572460047,val
train_424039746,train
train_145673959,train
train_2353444841,train
train_182119135,train
train_2761561946,test
train_121722664,train
train_743939892,train
train_3045742003,train
train_349798462,train
train_266118005,train
train_179122117,train
train_3055935623,train
train_2901104735,test
train_1130796107,train
train_3978871475,train
train_3976301245,test
train_1373828148,train
train_3662127888,test
train_927298896,test
train_2744929386,train
train_1626595977,train
train_2241763137,train
train_972515718,train
train_63196596,train
train_3366353700,train
train_954714657,train
train_3245740312,test
train_1308396432,train
train_4089913049,train
train_1049176779,train
train_3702612341,train
train_6919809,test
train_4153802292,test
train_3789725061,train
train_449083767,test
train_1662853135,train
train_484550452,train
train_1443416968,test
train_2774990088,train
train_1314975508,test
train_1909808172,train
train_2303499577,train
train_4088637802,train
train_322743603,train
train_1715560651,train
train_1554726187,train
train_346999902,train
train_3124967511,train
train_312506952,val
train_2973056177,train
train_653040440,train
train_619714609,test
train_969367345,val
train_2156577174,train
train_1198631677,train
train_3425551984,train
train_4005756296,test
train_4026347562,val
train_1713972016,val
train_2871641309,train
train_2285318422,train
train_3605931619,train
train_4142642942,test
train_1817397853,train
train_1068890071,train
train_587942506,train
train_3195944558,train
train_2104848414,train
train_314979331,test
train_3571079892,train
train_97343526,train
train_3668859200,train
train_3724788955,test
train_2691652134,val
train_4087474997,train
train_549277860,train
train_2817994545,train
train_928409900,train
train_3731814260,train
train_1867807139,train
train_1236239874,test
train_881750448,train
train_3005942847,val
train_2898818273,train
train_3030092720,test
train_3891513104,train
train_2891864660,val
train_1514721968,train
train_307068664,train
train_2188661942,train
train_523511864,train
train_686974052,train
train_1728591911,test
train_2109366873,train
train_1627206979,train
train_926812216,train
train_470754832,train
train_247987208,train
train_3480843729,test
train_1120425152,train
train_1307235186,train
train_2025542233,train
train_2154507196,train
train_1952707470,train
train_876048634,train
train_1013630801,train
train_4252294516,train
train_2765348674,train
train_3557798075,test
train_437528116,test
train_2560623727,val
train_3113989669,test
train_3549847352,test
train_1076294400,train
train_3183212741,train
train_3326769100,train
train_3504631566,test
train_3485401225,train
train_4102063492,train
train_2593610824,train
train_3007211310,train
train_3002121071,train
train_1376748780,train
train_4103873542,train
train_3044910078,val
train_1799985616,test
train_2904228356,train
train_728530820,train
train_4003658555,train
train_388182253,train
train_2882829868,train
train_2599769710,train
train_3378928984,train
train_650976416,train
train_3065553437,train
train_3810032222,train
train_1365325916,train
train_3440419373,train
train_3739935491,train
train_3956272227,train
train_2219454162,train
train_3486936445,test
train_3111376146,val
train_2818601069,val
train_52611273,train
train_3227446527,train
train_954515234,train
train_230135191,train
train_2153809545,train
train_3345086777,train
train_3497203178,test
train_2768248204,train
train_2788813119,train
train_4156751465,test
train_2621744162,train
train_155653808,test
train_2296288429,train
train_220408869,test
train_1754269941,train
train_3593361574,train
train_2014623311,test
train_1732820774,train
train_1272329457,test
train_2314289390,train
train_1056725982,train
train_2489192468,train
train_2489907307,train
train_2093128644,train
train_832656135,train
train_27736056,val
train_3194935263,train
train_3524642839,train
train_696474503,test
train_576603239,train
train_779224926,test
train_3034782808,train
train_907473541,train
train_1054760346,train
train_1814854753,test
train_1542634621,train
train_2051569208,val
train_2796339393,train
train_1607832931,train
train_315380254,train
train_2836333517,train
train_174030479,train
train_1547719442,train
train_4025803477,train
train_3454340883,train
train_373676246,val
train_409555325,test
train_763686473,train
train_1432141402,train
train_3556128304,train
train_3185559167,train
train_3269753804,train
train_37539121,train
train_2338964173,train
train_654625056,train
train_2356048198,train
train_178169596,train
train_483960827,train
train_986783084,test
train_1720788597,test
train_1056076180,train
train_945467363,test
train_2172500642,train
train_844768203,test
train_2515497249,train
train_3218382871,val
train_3534229196,train
train_3604960713,test
train_3496323471,train
train_2163758180,train
train_1514355862,train
train_2591207682,train
train_2096737620,train
train_4055273374,test
train_1777685343,train
train_263260749,train
train_3153712052,train
train_3473970506,test
train_2320270009,train
train_967664541,train
train_328662761,train
train_650473256,test
train_3967631975,train
train_1305422397,train
train_4059318128,train
train_2881331035,train
train_3559674885,train
train_2591508759,test
train_3922275072,test
train_3700503493,train
train_2699110819,train
train_2738638414,train
train_3209602077,train
train_2574718032,test
train_2726557135,test
train_4118317034,train
train_1411761219,train
train_3648643402,test
train_2790976294,train
train_3371636599,train
train_1322429361,train
train_2348417070,test
train_198690236,val
train_3299028015,test
train_198065144,train
train_2007610052,train
train_1235005919,test
train_2179698443,train
train_19092557,train
train_2378689644,train
train_307059329,train
train_3755300224,train
train_3660276760,test
train_2489880034,val
train_3262642441,train
train_541270951,train
train_2180500239,train
train_210711939,test
train_1624175199,test
train_2888885831,train
train_1350769995,train
train_2285382836,train
train_1969728655,train
train_1336948430,test
train_317843527,train
train_371476290,train
train_2419208039,test
train_4062051680,train
train_631930233,train
train_2174588590,val
train_3525789797,test
train_3158683820,train
train_3323614021,train
train_1660103771,train
train_4067246476,test
train_3324597473,train
train_4054419689,train
train_2556201207,train
train_4273033951,train
train_1150362564,train
train_1702527472,train
train_1926056991,test
train_2671949253,train
train_1725158496,train
train_4211513283,train
train_3386749360,train
train_1370893266,train
train_1736549347,train
train_2178079912,train
train_1200104800,train
train_2608507645,train
train_1908288077,train
train_3939638366,test
train_4107765584,train
train_2064751433,val
train_3094516238,train
train_2505863081,val
train_217201915,train
train_2649122981,train
train_4289424650,train
train_3922500175,train
train_3251129501,train
train_2202809544,train
train_4112441423,train
train_1731478377,test
train_2010453187,test
train_522784651,test
train_1347675476,train
train_3768397941,train
train_2891327911,train
train_3560084687,train
train_232453704,train
train_3869321316,train
train_1295364483,train
train_2949220720,test
train_1043653037,train
train_3793240086,train
train_1358576431,train
train_3648416437,train
train_2149939089,val
train_9815981,train
train_1512475953,train
train_2147998362,train
train_3058662787,val
train_3278652594,train
train_2051260634,train
train_4030399838,train
train_876411543,train
train_1847466514,train
train_1125651501,train
train_480172004,test
train_576523017,train
train_3512153060,test
train_869598398,val
train_3726168104,val
train_269910546,val
train_2490201622,train
train_239866377,train
train_3097122661,train
train_282556326,train
train_1890689336,train
train_2202522259,test
train_910581851,val
train_3793619912,val
train_1678368425,train
train_1809507852,test
train_1367125110,train
train_2103756593,train
train_1844935252,test
train_3566454168,train
train_3347331679,train
train_2196027940,train
train_494093746,train
train_3090681724,train
train_2774250857,train
train_2188871055,val
train_2010985670,train
train_1740979313,train
train_556326002,test
train_2864491797,train
train_529267479,train
train_3118756415,train
train_1122780198,train
train_2070445085,train
train_2113864537,train
train_1474520469,val
train_903576331,train
train_3180377679,test
train_694790927,train
train_3852899328,test
train_3909744546,val
train_697962257,train
train_50413173,train
train_2099070914,train
train_508697664,train
train_1285149624,train
train_5267831,train
train_349230643,train
train_2202259592,test
train_359355535,train
train_98403376,train
train_4037565267,test
train_3379387160,val
train_346065422,val
train_3240335654,val
train_4193843595,val
train_987389737,train
train_986285772,train
train_1658054471,train
train_1670717985,train
train_3934184738,train
train_3796433851,train
train_66489731,train
train_1771872897,train
train_3395874530,test
train_2594428362,train
train_4114154821,test
train_1198030499,train
train_3172638491,test
train_4279128666,test
train_478510536,train
train_1622104831,train
train_3946531251,train
train_3931492058,test
train_149764966,val
train_1571033966,train
train_2410431034,val
train_62504746,test
train_3632498123,train
train_2843085149,train
train_4070741878,val
train_2127803032,train
train_288413860,train
train_1952487763,train
train_3079691220,train
train_2793039505,train
train_1987824355,train
train_1207811372,val
train_3930566485,test
train_1242690713,test
train_4053283729,test
train_2969110933,train
train_470415393,train
train_1522952648,test
train_381384569,test
train_928399939,test
train_746090162,val
train_605927177,train
train_3748944324,train
train_477745991,train
train_149093745,train
train_584701863,train
train_299423300,test
train_2448636512,train
train_1010113489,train
train_3162196422,train
train_1718080630,val
train_772306416,train
train_1287393667,train
train_1044568097,val
train_3390140864,train
train_2328314020,test
train_4002806667,train
train_79739389,train
train_1790137265,train
train_2569015259,train
train_2615867697,train
train_774674388,train
train_1788789453,train
train_1538025626,train
train_4014822321,test
train_1718766807,train
train_1659944775,train
train_1830604980,train
train_2076227336,train
train_3957235942,train
train_3731787296,test
train_3405295461,train
train_1307218788,train
train_2744025490,train
train_607272127,train
train_2625434276,val
train_240158006,train
train_852987491,train
train_2597325762,train
train_2745873084,test
train_3280907906,train
train_4118047306,train
train_1850043370,train
train_461131136,train
train_2919344198,train
train_400725785,train
train_1460326018,train
train_2832601463,train
train_2046648117,test
train_4157127524,train
train_1340352533,train
train_1463190049,test
train_1519424603,train
train_3557081735,test
train_349933632,train
train_352444819,train
train_3358430323,val
train_820247334,test
train_486706041,test
train_1448047761,test
train_3516250866,train
train_3481769296,train
train_2900038174,train
train_3520927973,train
train_1289658199,train
train_687847181,train
train_2129045681,train
train_3531098453,train
train_393032861,train
train_3139252876,train
train_811370303,train
train_265471147,train
train_3403003364,train
train_3843292195,train
train_2707832241,test
train_164527659,train
train_1554071006,train
train_3875020256,train
train_2774027730,train
train_3400468238,val
train_2351390745,val
train_3208147495,train
train_895605782,val
train_4242531403,train
train_3060439197,val
train_2603178482,test
train_1483556727,test
train_3946128332,train
train_4004383287,train
train_2814341523,train
train_2144672406,test
train_3440527249,train
train_1040263340,train
train_2156664068,train
train_929740855,train
train_2112596726,test
train_3648763809,test
train_2238074966,test
train_3170988485,test
train_1611583388,test
train_3000304022,train
train_247580897,train
train_1458435983,train
train_629962110,test
train_2524745494,train
train_210125555,train
train_3809329135,test
train_328759118,train
train_1931419892,train
train_488486329,train
train_1774583703,train
train_3326138858,train
train_2636707592,val
train_2728799426,train
train_2548480872,test
train_1412907287,train
train_724882257,train
train_271260043,train
train_179227343,train
train_4117043865,test
train_1187231558,train
train_78681411,train
train_1002824438,train
train_2784515210,train
train_1846016543,train
train_255014781,test
train_4063588571,train
train_554494748,train
train_2395522169,val
train_427935921,test
train_1444690218,test
train_752838374,train
train_387158080,train
train_730132049,test
train_2336064338,test
train_2664097238,train
train_1118075101,train
train_900379114,train
train_3341686577,train
train_1435258926,test
train_1231571789,train
train_2886344367,train
train_1133568834,train
train_3996713527,train
train_744726146,train
train_2913057271,train
train_3523579713,train
train_87870719,train
train_3370905683,train
train_457488513,train
train_2571336423,train
train_1995131575,train
train_2968455490,train
train_1452121836,train
train_2114933541,train
train_1131643780,train
train_2087323349,test
train_4069588169,test
train_3888263831,test
train_1691364197,train
train_1920270066,train
train_2151998293,train
train_2708666847,test
train_459375406,train
train_1503516859,train
train_3022479490,test
train_710101448,val
train_1778192076,train
train_615923615,train
train_3275284398,train
train_592604757,train
train_2143101004,train
train_4120437054,train
train_1428198250,val
train_649342144,test
train_3689798371,train
train_19434559,train
train_2210966531,test
train_3595883369,train
train_4126053301,val
train_1009620393,train
train_1436453129,train
train_604871432,train
train_1029733396,train
train_1292200509,train
train_3207964616,train
train_1371006716,train
train_3781086387,test
train_2422886333,train
train_1598254292,test
train_3118427665,test
train_2107623056,test
train_3612988326,train
train_1190745689,train
train_822766593,train
train_3240835248,train
train_3554299240,train
train_4182236352,test
train_1122231176,val
train_2321725816,train
train_1772608871,test
train_1640873048,train
train_2138061128,test
train_3552603246,test
train_1345646537,test
train_3672881550,val
train_3048243980,train
train_629562753,test
train_162452766,train
train_4078910777,train
train_2218240706,val
train_4162065845,train
train_1454662450,val
train_3343691252,test
train_891598980,test
train_2025446405,train
train_3959884374,train
train_3897008118,train
train_1961530973,train
train_3590672916,train
train_3835241202,test
train_2833219839,test
train_4117590889,train
train_4249499429,train
train_1822046792,train
train_1982937813,train
train_3939596147,train
train_1889634838,train
train_2161215884,train
train_3989403655,train
train_3071585894,train
train_2617696686,val
train_836011677,train
train_3325457754,test
train_2648292795,test
train_275292465,train
train_94129753,train
train_381554002,train
train_3068342070,train
train_3973119463,train
train_4016575345,test
train_2406125854,train
train_3633381404,test
train_807664594,train
train_840972244,train
train_504403139,test
train_1815218122,train
train_92471912,val
train_2822665233,train
train_2417833020,train
train_2160271797,val
train_41179718,train
train_2755701361,train
train_4113921924,train
train_2265923546,train
train_469753337,test
train_2126120358,test
train_4115145106,train
train_2763887874,test
train_2685657068,train
train_520736537,train
train_230422064,val
train_1884604654,val
train_2598987073,test
train_2020670356,train
train_577501841,test
train_3436513037,train
train_2163962683,test
train_534459620,train
train_1734527503,test
train_4122090346,test
train_127303784,test
train_3862786544,val
train_2690671396,train
train_1938734487,test
train_4080938820,train
train_2535115169,train
train_1574249182,val
train_4216047904,val
train_1989595678,train
train_790266997,train
train_2829588692,train
train_2328636601,test
train_1682287213,train
train_1310421846,test
train_2300245820,train
train_1120247039,train
train_2141708149,test
train_2914176316,train
train_457787196,train
train_450527316,train
train_2929088326,val
train_429282382,test
train_3250386143,train
train_3542284276,train
train_3398318598,train
train_2497676427,train
train_3562435914,train
train_269585399,train
train_2802015964,train
train_1685702427,test
train_667445325,train
train_928870755,val
train_2340405538,train
train_4280215512,test
train_1118284532,train
train_2986228147,train
train_155190838,test
train_3844597619,train
train_2589156207,train
train_687865690,test
train_2696718434,val
train_2407505234,train
train_1864893803,train
train_4042056797,train
train_651460400,train
train_4132438835,train
train_3064461104,test
train_646131593,train
train_1624396518,test
train_1838792724,val
train_931153631,train
train_2317917703,val
train_2089790010,train
train_2666144454,train
train_1463962973,train
train_3039964226,val
train_3689732351,val
train_2986421540,val
train_1876077383,train
train_3518986709,test
train_2762576012,train
train_2472532232,test
train_609275021,train
train_3886389487,train
train_2593571287,test
train_3625276280,train
train_1057750755,train
train_3042464637,val
train_3352725232,train
train_2061068904,train
train_3845436164,train
train_2614341634,train
train_2915446183,train
train_1943472851,train
train_2408117118,train
train_281907506,train
train_2851667912,train
train_838131283,train
train_1727409122,train
train_445763415,train
train_3190650747,train
train_4013027797,train
train_3705783919,train
train_1481986574,test
train_95766860,train
train_1959499953,train
train_510780042,train
train_3449324438,train
train_1673961953,train
train_557859198,test
train_773748354,test
train_1112935125,train
train_3992706925,test
train_1331683173,train
train_2117720007,train
train_768264269,val
train_1535107925,train
train_3163470979,train
train_348886224,train
train_3520231849,train
train_304237174,test
train_1293408174,train
train_3073441025,train
train_3789712063,val
train_2696654205,test
train_1504436451,val
train_349302535,test
train_3477534161,val
train_2997151848,train
train_3759430798,val
train_1497943983,train
train_3087741494,train
train_2766868702,val
train_2371481600,train
train_1020784485,val
train_2351585241,val
train_3439319573,train
train_1164870419,test
train_2571880441,test
train_633824095,test
train_1050340768,train
train_1030658447,train
train_1235588169,test
train_1794378288,train
train_4030915976,train
train_2998702168,train
train_4263084414,test
train_4173608970,train
train_3608956647,train
train_1543914143,train
train_2432527681,val
train_2022747443,train
train_605760680,train
train_2620802154,train
train_1989131290,test
train_876703982,train
train_1791613648,test
train_1088203003,test
train_3631019244,train
train_2069675267,train
train_2158498901,test
train_2312337653,train
train_4105787225,val
train_4205667165,train
train_848364711,test
train_2232749522,train
train_3470254641,train
train_4002249379,train
train_2091196525,train
train_2817530009,val
train_3779760492,val
train_2384025303,train
train_3214729179,train
train_3514550930,train
train_1276207556,test
train_1444903057,train
train_2637329726,train
train_866477769,train
train_2307143802,val
train_3524306924,train
train_4205426924,train
train_3457983404,test
train_3887396396,train
train_4183047147,train
train_2680214613,train
train_3889027224,train
train_544245844,train
train_1969594426,train
train_3575703314,train
train_2708216442,train
train_4122754612,train
train_2310888731,train
train_1054044430,train
train_2309855967,train
train_2876427890,val
train_2235882569,train
train_1398071160,train
train_2375747291,train
train_1588611912,train
train_3016962623,test
train_3410629918,train
train_3328882245,train
train_2147056614,train
train_482392321,test
train_2754001609,train
train_672734641,train
train_3381766196,train
train_2924468696,val
train_384376997,train
train_3374438773,test
train_2637374163,train
train_4026430365,train
train_1633843449,train
train_1806071524,train
train_2843835301,train
train_2280433966,train
train_640024357,test
train_2268204808,test
train_393322033,train
train_2649949793,train
train_468751922,train
train_654707801,train
train_929108377,train
train_1434057060,test
train_843809790,train
train_2081112808,train
train_661225125,train
train_3991270377,test
train_177300313,val
train_1922062464,train
train_3947625320,train
train_4082031443,train
train_2812635096,test
train_1792423170,train
train_2598954604,train
train_3646389349,train
train_2404777416,train
train_285822071,train
train_662114917,train
train_1402371271,train
train_4266532350,train
train_1753538782,train
train_2402992160,train
train_1247788509,train
train_3366483952,test
train_741387749,train
train_624003519,test
train_410407893,train
train_4089760173,train
train_803954116,train
train_1618754993,train
train_4002548179,test
train_34015507,train
train_695318717,train
train_2628812206,train
train_3520231362,train
train_655396691,test
train_3402159748,train
train_1412085886,train
train_3711921649,val
train_2028214528,test
train_586161127,train
train_1300881280,val
train_26894087,train
train_2994547967,train
train_860326879,train
train_2845558870,train
train_2353014912,train
train_2146343055,train
train_2547569152,train
train_3578248856,train
train_2013267906,test
train_1571637421,train
train_3974559700,train
train_1644433970,train
train_2286518898,val
train_1188182159,train
train_3111996978,test
train_4285884352,train
train_3148692774,train
train_1186336765,train
train_1135906830,train
train_3478717703,train
train_3860529037,train
train_1683604570,train
train_1003561550,test
train_855286643,test
train_3615094030,train
train_91809739,train
train_2330324222,train
train_510263262,test
train_1911257755,train
train_3627507100,train
train_1478192579,train
train_1917762181,train
train_3257297978,train
train_1731135375,train
train_1242023254,train
train_1923017809,train
train_1304632450,train
train_2648908268,train
train_3170203919,test
train_3597458798,test
train_2108264719,train
train_1248792094,test
train_2970690673,train
train_3885225935,train
train_3440553419,train
train_3848744399,test
train_4108661349,test
train_1045204073,train
train_1043983152,test
train_3760459409,train
train_3259984123,train
train_3704635344,train
train_501751944,train
train_1066728976,train
train_2467829402,train
train_2731386635,train
train_1613603781,train
train_679236167,val
train_1778308922,test
train_3319611878,train
train_1263417214,train
train_2799072806,test
train_4210177578,train
train_1284876230,train
train_3975818767,train
train_2149797782,train
train_918156043,val
train_3375374759,train
train_2815077452,test
train_390649353,val
train_875872629,train
train_3947821411,train
train_3579291642,train
train_3547256259,train
train_3876879533,train
train_1499697196,train
train_2404554329,val
train_411039203,train
train_2951106324,train
train_3842641744,train
train_418938563,train
train_3451730997,train
train_699672978,train
train_1458498348,train
train_3855778974,test
train_654251841,test
train_2512560669,val
train_1914971729,val
train_2791233397,train
train_88857004,train
train_2135371226,test
train_664168483,test
train_3751459577,test
train_285372242,test
train_1958996682,train
train_3395081567,train
train_2771578506,test
train_377130725,test
train_2708790747,test
train_2222005586,train
train_1650899687,train
train_1210102540,train
train_2735037260,train
train_4021447310,train
train_1000782282,train
train_454774967,train
train_1493361001,test
train_3362684903,train
train_2246094604,test
train_1249841799,test
train_62116380,test
train_2530894428,train
train_2620578437,val
train_2082789949,train
train_4095211744,test
train_4136013975,train
train_1353149619,train
train_808789257,train
train_3685830448,train
train_2759041999,train
train_1627699402,train
train_452285171,test
train_2384922669,train
train_3749946992,test
train_936727437,test
train_3905003387,test
train_3832436825,test
train_2255419956,train
train_3745643577,train
train_3399684214,train
train_1576135571,train
train_3580741401,test
train_2262383199,train
train_60511937,train
train_3260997294,train
train_3809009713,train
train_280947063,train
train_2540028384,train
train_2213654031,test
train_849112800,train
train_1634853852,train
train_694315837,train
train_3950993681,train
train_390741499,train
train_792072256,train
train_3039090824,test
train_3183593245,train
train_143310543,train
train_658477378,train
train_4059999437,train
train_2661254633,train
train_584176815,train
train_2662599778,train
train_129415084,train
train_630600734,test
train_2467541832,train
train_1534879331,test
train_1514327973,train
train_1812694751,train
train_118463712,test
train_117585586,train
train_4056687656,val
train_1976509146,train
train_3715890493,train
train_2554777657,train
train_4273486050,test
train_3574971737,train
train_3060220904,test
train_3336694264,train
train_2578897315,train
train_488600623,train
train_2522158364,val
train_1869871858,val
train_1084120918,train
train_1170560929,test
train_3525467153,test
train_817032823,train
train_2534097253,train
train_1364913527,train
train_1983933518,train
train_1695545144,train
train_2365190778,train
train_3527203980,test
train_3057739889,test
train_2269957770,val
train_2367758514,train
train_2594763545,train
train_3336909646,val
train_3264382212,test
train_1535708280,train
train_3709888692,train
train_2248201070,train
train_3729823113,train
train_829141579,train
train_4183875049,train
train_2288626407,test
train_3661358081,train
train_1715266250,train
train_2137677186,train
train_1074096399,train
train_3957744150,train
train_403111504,train
train_3359127934,train
train_1219096107,train
train_4006388230,train
train_1751583421,train
train_1005891749,test
train_539150902,train
train_874042079,train
train_3133984125,test
train_11137834,test
train_3601644044,train
train_642995441,train
train_2656147488,train
train_2995183543,test
train_391107216,test
train_2244552096,train
train_3078339013,train
train_2822004076,val
train_1623300390,train
train_3721879624,test
train_630395841,train
train_4097025108,train
train_2430446607,train
train_3078405468,train
train_4043119471,train
train_1009828532,train
train_3417362501,train
train_2209553863,train
train_1380061978,train
train_383062029,train
train_1989803205,train
train_1744956981,train
train_3522551177,train
train_2962433447,val
train_2504542260,val
train_1291224957,val
train_1107291667,train
train_3021457278,test
train_1292720179,val
train_1355899055,train
train_1947817852,train
train_2068773077,train
train_2025883366,train
train_2151627054,train
train_495638834,train
train_2474253409,test
train_1657744166,test
train_400926514,train
train_3799002371,train
train_1485604662,test
train_2718185034,train
train_3499861026,val
train_2298597089,train
train_3542613430,train
train_195461675,train
train_2600079121,train
train_2180595954,val
train_2786270981,train
train_2351172849,test
train_1027572426,train
train_208006150,train
train_41976958,train
train_306148962,train
train_1421006265,train
train_4098002458,train
train_1713469433,train
train_3911975751,train
train_2135609614,train
train_1688357207,train
train_1107460792,test
train_323895517,train
train_2823488985,train
train_2102901562,train
train_1212169987,test
train_3875172474,train
train_1161690658,test
train_3674267260,train
train_1024291301,train
train_1697086798,test
train_554813771,train
train_744868504,train
train_3060817649,train
train_2066816417,train
train_2493525268,train
train_1464086168,train
train_3638356701,train
train_238998134,train
train_2846869413,train
train_3237737360,val
train_1231255969,train
train_3412316361,val
train_3708416008,test
train_2130698397,train
train_3134909453,train
train_656173029,test
train_1332179862,train
train_2861399105,train
train_3919302374,train
train_664887031,val
train_98313252,train
train_2521793467,test
train_257215904,test
train_2334413690,train
train_2763351858,train
train_1449662804,train
train_771971112,train
train_2529405184,train
train_1600146203,train
train_1933569716,test
train_2675862531,train
train_1847212747,train
train_530505223,test
train_766914410,train
train_3176154511,test
train_3723472135,train
train_2954306675,train
train_3675691968,test
train_95311721,train
train_2609905517,train
train_309525883,train
train_2846295269,train
train_943459192,train
train_123445796,train
train_2630638523,train
train_3407194355,train
train_397195104,train
train_3976583605,train
train_3068962481,train
train_931677318,train
train_607177206,train
train_862768853,train
train_3418279426,train
train_2455795711,train
train_1393784206,train
train_3554380700,train
train_2186448487,train
train_195083104,train
train_2073374355,train
train_3537625050,train
train_268209901,test
train_1657812011,train
train_2802174280,train
train_1216146928,train
train_4081726617,train
train_944150113,test
train_3831651128,test
train_2870365511,test
train_540509718,test
train_1158760781,test
train_281255832,train
train_3699501448,train
train_112164694,train
train_469486002,test
train_3856309677,train
train_4242466012,train
train_1842376947,train
train_2824601705,train
train_2426805003,train
train_2756127918,test
train_2168993061,train
train_283454397,train
train_1864049756,train
train_1946384638,test
train_4140670619,test
train_1401647221,train
train_310017016,test
train_511692366,train
train_2640900282,train
train_3071954163,test
train_3451330199,test
train_1384108219,train
train_3513428619,train
train_2256767890,train
train_548561316,train
train_820550088,train
train_538965997,train
train_2322348403,train
train_2486180838,train
train_1616715300,test
train_1839602894,train
train_886149252,train
train_3762323679,train
train_1246968706,train
train_2619314080,train
train_2986521052,test
train_3968177796,train
train_3748656857,train
train_1939746091,train
train_3988820423,train
train_29335018,train
train_2679992695,train
train_87958488,train
train_4206380801,train
train_37863605,train
train_1728041289,train
train_4286208815,train
train_2364009116,val
train_2665153587,train
train_3396077644,val
train_4258529665,train
train_914148560,test
train_1936535886,test
train_332624493,train
train_4225506047,train
train_781584719,test
train_1553554355,train
train_3761144353,train
train_430432886,test
train_2182920226,train
train_1625717317,test
train_2834224553,test
train_3100740271,train
train_2885672456,train
train_3574556377,train
train_759073913,train
train_3740184963,train
train_539340358,train
train_1563543878,train
train_218475932,val
train_582607109,train
train_1700965134,train
train_2582084633,train
train_2854403123,test
train_1216360046,val
train_4156451497,train
train_2595106766,train
train_24689662,train
train_3796406918,test
train_658245414,val
train_1558454855,test
train_251687686,train
train_795480066,train
train_2162527931,val
train_3510473577,train
train_2598465082,test
train_1626014367,test
train_2504031818,train
train_697873372,train
train_2872890411,test
train_2304760112,train
train_3017545088,train
train_1543945326,train
train_1337037877,test
train_2792965391,train
train_696957927,train
train_1632488499,train
train_3592211280,train
train_4080435355,train
train_2311559006,test
train_3302866803,test
train_2925081281,train
train_1117917007,train
train_4252770623,test
train_3013111088,train
train_3612155891,train
train_2033666015,train
train_1990872249,test
train_1827744454,test
train_3322701176,train
train_3866321536,train
train_2354751773,train
train_2113790288,train
train_1610885965,val
train_1346918087,test
train_3892143047,train
train_3855277209,train
train_3227085748,test
train_402122805,train
train_3128132229,train
train_1206386464,test
train_624384240,train
train_970211246,train
train_2827892760,train
train_882838230,val
train_3592945989,test
train_3484555655,train
train_4033337112,train
train_4232053880,train
train_3619077139,val
train_762742581,train
train_3329533718,train
train_3261026951,test
train_1093937314,train
train_2128389901,train
train_2885093405,train
train_197167960,test
train_4140972248,train
train_1095501803,train
train_3390572471,train
train_1807160650,train
train_2195053226,train
train_1655461746,train
train_2810087830,test
train_3520734336,train
train_767955789,train
train_4028145462,train
train_584138337,train
train_1179664871,train
train_1431057286,test
train_775044192,train
train_1235669333,train
train_3834482169,train
train_1663740527,train
train_3988254353,train
train_3103253770,train
train_4018203372,train
train_3484198448,train
train_3643388659,test
train_3161003640,train
train_4139159388,train
train_3069587451,train
train_1807585926,train
train_1049430844,train
train_277770389,train
train_3736503088,train
train_1994959597,val
train_3493273450,train
train_3568130669,test
train_2333653420,train
train_395056425,train
train_4028002740,train
train_1586729422,test
train_3852293821,train
train_1779109447,train
train_2140183529,train
train_2373789652,train
train_587312684,train
train_1008048465,train
train_3588501759,test
train_1964301568,train
train_2309302739,train
train_3707754761,train
train_1168263422,train
train_305532393,train
train_4237668956,test
train_4292254763,test
train_1751820402,train
train_2889857063,test
train_912670859,train
train_2803695449,train
train_2272919513,train
train_2613499840,train
train_2894070026,train
train_1836418659,train
train_2568412776,train
train_2741142026,train
train_2723633127,train
train_4228207612,train
train_2652701493,train
train_1857795508,train
train_705735383,test
train_3049834927,test
train_3357337359,train
train_3234079082,val
train_2429166542,val
train_971847126,test
train_3484447556,train
train_1120925791,train
train_3143683241,train
train_599224031,train
train_3947026216,test
train_1284225050,train
train_4204231951,train
train_2378779736,train
train_2022113923,train
train_3123377159,train
train_2033962072,test
train_42207959,train
train_1698580469,train
train_3570575225,train
train_3520906809,test
train_817098858,train
train_1283857273,val
train_1666759135,train
train_1179416391,train
train_3086929988,test
train_3288863614,val
train_2219483276,test
train_1079312636,test
train_711042017,train
train_582240013,train
train_2573384428,train
train_511635458,val
train_269671734,train
train_3107019232,test
train_1095404736,train
train_2757867636,train
train_1747707919,train
train_3637489010,val
train_4077115599,val
train_3043895290,train
train_438548090,test
train_1596884810,test
train_2125298029,train
train_1616071295,train
train_1778503030,train
train_1851039036,train
train_3713329526,train
train_37629384,train
train_1798547553,train
train_63808729,train
train_3848430185,train
train_3719622129,train
train_1277614755,val
train_2784780998,train
train_1488759066,val
train_2895441172,train
train_3244152300,train
train_3767580580,train
train_2408563652,train
train_432829989,train
train_3971972217,train
train_1077431588,train
train_1456454670,train
train_1078159987,train
train_877925503,test
train_2220404479,train
train_3549908319,train
train_3781063098,train
train_3227426807,train
train_746416457,val
train_3255709588,train
train_2854446078,train
train_663244022,train
train_2569079761,test
train_1020950000,test
train_2752327336,train
train_334195089,train
train_1422625180,train
train_2116320073,train
train_2479785199,train
train_1805854656,train
train_2547924496,test
train_2597498688,val
train_2229888476,train
train_381854602,test
train_650355007,test
train_505874320,train
train_2168368961,train
train_4023800614,train
train_2185508910,train
train_843967950,val
train_961126248,test
train_914781911,train
train_3664728417,train
train_3804773252,train
train_2458177985,train
train_2672482598,val
train_831555130,train
train_1824435193,train
train_1817830849,train
train_3834258928,test
train_4049121652,train
train_1875418771,train
train_3913168931,test
train_1374080458,train
train_1323599955,test
train_1741496338,val
train_305884580,train
train_4148088053,train
train_1736759326,train
train_3071150493,train
train_469136795,train
train_1700311275,train
train_3037321658,test
train_1905898995,train
train_2927908092,train
train_618201517,val
train_2819872232,val
train_1027959456,test
train_2085229601,train
train_1074781538,test
train_3667520026,train
train_3625653856,val
train_4266563050,train
train_4165595447,test
train_2146279151,train
train_4294536428,train
train_537936906,test
train_4087707515,test
train_769809992,train
train_2697314994,train
train_2320389581,train
train_17158740,test
train_1672662567,train
train_333064285,train
train_206682210,train
train_1983058535,train
train_693562778,train
train_1986328034,train
train_3540773462,train
train_2331305610,val
train_2874319685,train
train_3971099823,train
train_719431433,train
train_3098940485,train
train_3290621681,train
train_2524035746,test
train_3136634235,val
train_24102952,train
train_4224267758,train
train_2268725397,train
train_1018334835,train
train_2680227996,train
train_4139996754,train
train_1920564679,train
train_2723218914,train
train_2989967915,train
train_2457126168,train
train_2517649922,train
train_3087234249,train
train_4157769313,train
train_4220062483,val
train_89509949,val
train_3794742339,test
train_2669559796,val
train_1354704315,train
train_1482552487,train
train_3326482659,test
train_2617266147,train
train_2307290282,train
train_3630522412,train
train_3273191090,train
train_152088373,train
train_2614622776,train
train_1296217634,val
train_3848049016,test
train_559155862,train
train_1226241912,train
train_1016621342,train
train_2521291863,train
train_1620907629,train
train_1044669466,train
train_4068191592,train
train_28173981,train
train_728769572,train
train_3734425121,train
train_1743372719,train
train_540302865,train
train_3770660483,test
train_15483509,train
train_1967179186,train
train_43865683,train
train_1543316237,train
train_2166002243,train
train_2333705544,train
train_3886904302,train
train_1787280150,train
train_718936305,val
train_352209655,train
train_3116570611,val
train_1444528669,val
train_2749539615,val
train_1832409470,train
train_3509540769,train
train_2558647836,train
train_3437072136,train
train_2864026814,test
train_33541516,train
train_3398737201,train
train_1853856433,val
train_2069335892,test
train_3345581488,train
train_1880897612,train
train_1293777148,train
train_739014040,train
train_683700150,train
train_3509671394,test
train_558686769,val
train_3270365343,test
train_1925422589,train
train_3021727232,test
train_4043192407,train
train_4041591422,test
train_900519743,test
train_1455336593,test
train_3212356069,test
train_341359276,train
train_3408064994,train
train_1067935769,test
train_581412210,test
train_104288742,val
train_1584813615,train
train_1554882625,train
train_585356429,val
train_975890921,train
train_3127897266,val
train_3084483541,train
train_3355823236,train
train_2949973138,test
train_612260629,train
train_4121996614,test
train_412662930,train
train_653545052,train
train_2075578057,val
train_1998624108,train
train_3328939554,train
train_1728226647,train
train_620032589,train
train_1815564834,train
train_1519857078,train
train_3477309660,train
train_2181332714,test
train_3412656406,train
train_2825389857,train
train_235177286,train
train_1007352162,train
train_2007313696,train
train_2863711522,test
train_3878112873,test
train_2982842615,test
train_127383790,train
train_3246050970,train
train_38463933,train
train_407445296,test
train_3333559871,train
train_3024403050,train
train_470275348,val
train_1633762030,test
train_531919303,train
train_317811505,val
train_843046590,test
train_3235714595,train
train_325317798,train
train_1255078407,train
train_636178895,train
train_2952244249,train
train_2956463868,train
train_590836001,train
train_563157063,train
train_4294120429,train
train_2819614836,train
train_2848314422,train
train_2759622847,train
train_1096412011,train
train_324144671,train
train_197574884,train
train_212580176,train
train_303743774,train
train_916179476,test
train_3552139915,val
train_3252408645,train
train_2154758897,train
train_3475679156,val
train_1273060058,val
train_2565200017,train
train_2813067780,train
train_675842483,test
train_2662748804,test
train_1518005107,train
train_1303362318,test
train_1910962052,train
train_3985215324,train
train_881849592,train
train_424048545,val
train_3716440866,train
train_4136780766,train
train_3673646204,train
train_1026584608,test
train_796848486,train
train_1520338762,test
train_1244063261,train
train_2772640946,val
train_2390942216,train
train_2042278632,test
train_2057014032,test
train_3641343340,train
train_1908965644,train
train_2925674381,test
train_523363809,train
train_3660238717,val
train_2066744629,test
train_1728389806,val
train_261951301,train
train_868297715,train
train_564301248,val
train_3216071508,val
train_2840733589,train
train_3855733355,test
train_1421434322,test
train_4232267982,test
train_930589990,val
train_1547711473,train
train_1455236527,train
train_2928402332,train
train_2623364373,val
train_262047702,val
train_1926919430,test
train_2725077043,train
train_503105714,test
train_3451393883,val
train_865484290,train
train_3699301220,train
train_2148109532,train
train_1231415057,train
train_608356461,train
train_1301833668,val
train_422374441,train
train_1342798453,train
train_2678108124,train
train_4219891860,val
train_1496534917,val
train_3542222269,val
train_81908900,val
train_3692728330,train
train_2968005408,train
train_1934123243,val
train_4199561596,train
train_163393760,train
train_803244889,train
train_2757915922,train
train_3570019817,val
train_3434132357,train
train_461869626,train
train_3865058514,train
train_507606615,val
train_756126675,train
train_3925420678,test
train_3141900476,train
train_101686569,train
train_979653467,train
train_2045544506,train
train_3523685315,train
train_452298409,train
train_599968583,test
train_545812551,train
train_2557744070,train
train_1610010412,train
train_527118952,train
train_2364999625,train
train_698203883,train
train_239432105,train
train_3878736395,train
train_985880123,train
train_1100365146,test
train_2970878270,val
train_2473382224,train
train_2493681011,val
train_1848099657,train
train_1217730773,train
train_3542719216,val
train_4144587542,train
train_1042314348,train
train_580582888,train
train_226393098,test
train_2510765797,train
train_213863092,train
train_1451218216,val
train_1944611590,train
train_3385441458,train
train_735696086,train
train_1975904797,test
train_1325593428,test
train_3422105578,test
train_4063122979,train
train_674041975,train
train_3248511514,train
train_3669764771,train
train_1702848527,test
train_3700882746,val
train_2961850832,test
train_2230754774,train
train_2508682610,val
train_3889452837,train
train_3767027123,train
train_593745087,train
train_129599320,train
train_2065228783,train
train_3870213490,train
train_1482495163,train
train_1233313080,train
train_1294487234,train
train_3511538239,train
train_3964150058,train
train_3979189105,train
train_2616217990,test
train_1857789889,test
train_3992227060,train
train_4205614313,train
train_2262729744,train
train_2481347849,train
train_2428513640,train
train_2788878732,train
train_2594893028,train
train_2732784934,val
train_2902716958,train
train_660604902,train
train_2302926611,val
train_1610614352,train
train_3413314037,val
train_4154753792,train
train_662343654,train
train_2755905499,train
train_4141298225,train
train_2277924134,train
train_201644351,train
train_3383255849,train
train_2829161572,train
train_1855616774,train
train_3069827215,train
train_866733330,train
train_975561537,train
train_2243728099,train
train_1158330602,train
train_1379654027,train
train_1648091657,train
train_3285218444,train
train_2015658422,train
train_3142682990,test
train_3679526723,train
train_2105195684,test
train_3081370323,train
train_2286139194,val
train_1725239991,train
train_1972705937,train
train_1014525841,train
train_4083715182,train
train_2211062636,train
train_2993610064,train
train_641827208,val
train_4231443873,train
train_2383537010,train
train_660437971,train
train_2522826277,test
train_3726306826,train
train_862784445,train
train_3975020637,train
train_3200034798,test
train_784214654,train
train_866794966,train
train_1117317568,train
train_4116084936,train
train_1608936846,train
train_1534342569,train
train_3762870754,train
train_304831569,test
train_1321723041,test
train_1856801712,val
train_1646195687,train
train_3147989217,train
train_2647202805,train
train_1767804965,test
train_2169488176,test
train_2815881965,train
train_2037488427,train
train_3981839620,train
train_3870189797,train
train_3943934033,test
train_2639419003,train
train_3041184027,train
train_2826678027,val
train_3959226353,train
train_2515146880,train
train_2328474373,train
train_1629954175,train
train_3236389430,val
train_3829647969,val
train_2113011980,val
train_3567937748,train
train_2112659259,train
train_657636518,train
train_3858828790,val
train_775329480,train
train_2520049290,train
train_2511907944,train
train_1560445550,train
train_3779312818,train
train_3588102550,test
train_1075263264,train
train_3239425368,train
train_3557424567,train
train_2020347570,val
train_3697227665,test
train_1011578443,train
train_333630824,train
train_245460697,val
train_1611093982,test
train_3254279425,train
train_3028990154,train
train_1735037920,train
train_3996958209,train
train_4267809389,val
train_982333689,val
train_2968062485,train
train_165918880,train
train_2742976726,test
train_2001864569,train
train_1866005900,train
train_3860064498,train
train_848031400,train
train_2190752055,train
train_2179950323,train
train_1344061655,train
train_2233909315,train
train_2223044282,train
train_4230771093,train
train_1545090805,val
train_1993136394,train
train_3889256600,train
train_547666967,train
train_4167042886,train
train_2920879604,train
train_340767149,train
train_4040304053,test
train_357450241,test
train_3089680369,train
train_924467621,train
train_3022256747,test
train_642132649,train
train_1648651213,train
train_3699422831,train
train_241646306,train
train_1767017848,train
train_2272206642,train
train_899199231,test
train_1119375684,train
train_3258335386,train
train_1502016432,val
train_599194733,train
train_2721837433,test
train_3742666482,train
train_814691264,train
train_3151364741,val
train_1005535634,val
train_107359117,test
train_2005895397,train
train_1933559329,test
train_774325344,train
train_686541160,train
train_2924423621,train
train_584435919,train
train_2076088795,test
train_4242080396,test
train_415713536,val
train_2536484603,train
train_2040967989,train
train_87113188,val
train_1467465001,train
train_2662652634,train
train_1586609700,train
train_2223189861,train
train_2851662,train
train_901688101,train
train_4229384979,train
train_1626265769,test
train_423036027,train
train_66475012,train
train_1210242662,val
train_3774464325,test
train_3404369086,test
train_1785974525,train
train_2646206980,train
train_420219351,train
train_1053316057,train
train_309471185,train
train_4025094834,train
train_1015272555,train
train_3563273672,test
train_1692454136,test
train_586481869,val
train_1986664785,train
train_3691504993,test
train_745588513,train
train_2272480492,train
train_143666014,train
train_2588646242,train
train_124166961,train
train_1913074554,train
train_2501463196,train
train_664812395,val
train_1589141645,val
train_460756857,train
train_2331899532,val
train_3853580193,train
train_2788214893,train
train_2978492344,train
train_3327862172,train
train_2891737993,train
train_1739285670,train
train_1191930319,train
train_443311569,train
train_2576285682,train
train_2014329190,train
train_104918599,train
train_800889804,train
train_3485999019,train
train_785039550,train
train_820857988,train
train_2640015806,test
train_816742396,train
train_1027729739,train
train_754866683,train
train_726436238,train
train_603414013,test
train_2088055067,train
train_3678369003,val
train_2540044172,test
train_2099080167,train
train_730861366,train
train_2911017787,train
train_379491893,train
train_52371274,train
train_2171615197,train
train_2512607642,train
train_1809646538,val
train_1402309685,test
train_2350046350,val
train_1799274693,train
train_1302036550,test
train_1586241120,train
train_813603552,test
train_600992233,train
train_734528318,val
train_3395705154,train
train_3854170450,train
train_2556644237,val
train_807800819,test
train_3959679639,train
train_3300321634,train
train_4035834793,train
train_1598508982,test
train_1605433846,train
train_2227140623,test
train_3158768392,train
train_2697894998,val
train_4258241452,train
train_3028891856,train
train_3526220009,val
train_2067815565,test
train_3039860015,train
train_3223246085,train
train_67216078,train
train_2615574037,test
train_1005417777,train
train_166645986,train
train_1287165536,train
train_3287870896,test
train_3708734743,test
train_2809563668,train
train_1545663440,train
train_1501015700,train
train_2242643081,train
train_291244843,train
train_1990675649,test
train_165041776,test
train_3592916404,test
train_1788562624,train
train_3850547325,test
train_3013222679,test
train_3351573409,test
train_3535057754,train
train_121127670,train
train_2968757035,test
train_2753930766,train
train_83237149,train
train_1743776109,train
train_158808861,train
train_6241579,train
train_3790918665,train
train_3097713372,train
train_1562459247,train
train_203674692,train
train_1508895348,train
train_1375448317,val
train_37567259,val
train_3929381339,train
train_2477524191,test
train_2700807460,test
train_2617475906,train
train_3861766435,train
train_2276784527,train
train_723640428,test
train_511189744,test
train_4056781494,test
train_763317164,train
train_3630221272,train
train_1805906291,train
train_707944953,val
train_1265602885,train
train_2874417248,train
train_36508312,train
train_1543513113,train
train_2493507457,val
train_3632362884,train
train_4076183744,test
train_491682715,test
train_1218506562,val
train_2882716789,train
train_2941597585,train
train_1391130791,train
train_3606841448,train
train_1710063044,train
train_2426431438,train
train_1553120502,test
train_467235057,train
train_3414495230,train
train_3192928204,train
train_2354427476,test
train_2506251636,train
train_1423929180,test
train_1697339900,train
train_912736414,train
train_3564860297,train
train_1140728641,test
train_1680441952,train
train_2710828031,train
train_3350644548,train
train_1143576193,test
train_737701104,train
train_2119794665,train
train_261682953,train
train_850060428,train
train_3251954727,test
train_3520800987,train
train_3990953202,train
train_102771198,train
train_2093742892,val
train_3769433665,train
train_3923750444,test
train_1604307785,train
train_2880913122,train
train_2966656749,train
train_1453612941,test
train_3901996972,test
train_172813413,train
train_215760627,train
train_4192494824,train
train_1043407996,train
train_3091337493,train
train_663473374,test
train_3548847063,train
train_2905853295,train
train_2626202329,val
train_1484876308,train
train_970536412,val
train_895412887,train
train_3082224184,train
train_4010695276,val
train_1855104293,train
train_3943548077,test
train_1834831453,train
train_2303392436,train
train_2620906154,train
train_3371137580,train
train_2656021163,train
train_459848178,train
train_3225064911,val
train_2357168229,train
train_1319025859,train
train_2038692971,train
train_2536128213,test
train_2822628867,train
train_1422620898,train
train_1422283704,train
train_1771240478,train
train_946746566,train
train_2900656427,train
train_4285276890,train
train_863651854,train
train_2933289229,train
train_470018962,train
train_2214327223,test
train_2907087402,train
train_3604588578,train
train_2913813509,test
train_2854834737,train
train_64918479,train
train_445706358,train
train_547482873,train
train_1920242104,train
train_481998841,train
train_5943876,test
train_3236021729,train
train_2412775804,train
train_1922687721,train
train_630017268,test
train_441118178,train
train_1577098440,train
train_4192368104,train
train_4140989504,train
train_1959166094,test
train_798664679,val
train_2541462550,train
train_1074897612,train
train_3219501503,train
train_1059823097,train
train_3238311671,train
train_2745569541,train
train_761898080,train
train_4248610702,test
train_1188428383,train
train_1434957705,train
train_407206597,test
train_4285870546,test
train_3544101584,train
train_3647730166,val
train_1977491871,train
train_778215433,train
train_3448403685,train
train_4187881787,train
train_1698858449,test
train_1924608863,train
train_1200130916,train
train_2822866664,train
train_3889830294,train
train_3166278692,val
train_4097351780,train
train_1905440719,train
train_1144979117,train
train_3138583836,test
train_2692613184,train
train_1913761923,test
train_3669906467,test
train_1429008354,val
train_1604133068,train
train_495768286,val
train_2749097387,train
train_3134683592,train
train_1683280183,train
train_633982262,train
train_78789285,test
train_2803232659,train
train_2966399279,train
train_272125969,val
train_4152210112,train
train_1615190399,test
train_214479468,train
train_3294864553,train
train_1250765386,train
train_1528545665,train
train_697167096,train
train_310970479,test
train_739694470,test
train_2073631815,train
train_3587991157,val
train_1631277847,train
train_3392244413,train
train_3549038868,train
train_1534340458,train
train_1720992323,train
train_2718327730,train
train_959879012,train
train_1503562387,test
train_1450804620,train
train_79202464,val
train_3120164204,train
train_2699125845,train
train_3489004297,train
train_3314707772,train
train_3710477850,train
train_6329881,test
train_4266153577,test
train_690280147,train
train_3323657346,train
train_2413695895,val
train_4238517916,train
train_3725471292,train
train_224721717,test
train_1544363187,train
train_3506568010,train
train_3068813196,train
train_2644999127,test
train_629215108,train
train_513937913,test
train_2585918814,train
train_1641882347,train
train_4097499611,test
train_3741656208,test
train_1216033424,train
train_836567228,train
train_1936465303,train
train_376118626,train
train_18741778,val
train_3160324211,test
train_2398992485,train
train_710085749,train
train_1259194574,train
train_145826461,train
train_2073579888,test
train_3763196674,train
train_225989431,train
train_1834984573,test
train_1331848744,test
train_1764664257,test
train_1101296451,train
train_3049195292,train
train_1143892414,train
train_2897993413,train
train_1635631837,train
train_2000596753,train
train_2240015596,test
train_3148034330,train
train_485839480,test
train_1857362794,train
train_2897715552,train
train_1741645014,train
train_2924920556,val
train_3792301782,train
train_153754027,train
train_49387330,train
train_259372416,test
train_331449382,train
train_1759041167,train
train_2521189312,train
train_2241401000,train
train_1061460046,train
train_3572747063,test
train_3346042912,train
train_2848841772,train
train_3165292845,test
train_3521351715,train
train_3641591765,train
train_2564703924,train
train_3003094342,train
train_1512904202,train
train_3642455607,train
train_2920207130,train
train_1448499764,train
train_2865013690,train
train_1582908495,test
train_2527659042,train
train_3203272223,train
train_3098810504,test
train_2494367387,train
train_1798709955,test
train_4020538259,test
train_2391259350,test
train_1785006029,train
train_2662174975,test
train_2681574850,test
train_2632727442,test
train_2370065621,test
train_1596381507,test
train_1348372617,train
train_1187662056,train
train_1977945726,train
train_1851811895,train
train_1034788054,train
train_2472397733,train
train_3129874402,test
train_1127089854,train
train_2723727651,val
train_2637601259,train
train_1052253452,val
train_2245652385,test
train_836369039,train
train_4148381363,train
train_843330214,train
train_748404710,test
train_1639463652,test
train_939124705,train
train_1133966700,train
train_1225206510,train
train_2447474598,val
train_391414736,val
train_1999871567,test
train_799917659,train
train_505175560,train
train_2283998978,val
train_2197132622,test
train_156555439,val
train_278310253,train
train_1443352654,test
train_505127195,train
train_305493730,test
train_3246247698,train
train_3709206090,train
train_4202871789,train
train_3088922435,train
train_1048138596,test
train_1507194162,train
train_3886828709,train
train_102835266,train
train_1252445173,train
train_4059344799,train
train_317153625,test
train_3083301272,train
train_982725553,train
train_928276999,train
train_2700042576,train
train_3269035148,train
train_1012025512,train
train_1698340041,val
train_3206735432,test
train_2666269465,train
train_1688611703,test
train_177136644,train
train_556509614,test
train_1926162836,val
train_1605223031,train
train_1026366300,train
train_1576267703,test
train_1106529266,train
train_2191928997,test
train_1175574739,train
train_2594604400,train
train_115217781,train
train_1763260210,train
train_2530782075,train
train_3114669608,train
train_1107062772,train
train_2833966941,train
train_746703750,train
train_179601416,train
train_2778795097,train
train_1096868297,train
train_2977532364,train
train_3167295381,train
train_3825889461,train
train_2522911980,train
train_852886384,test
train_3672261442,train
train_1012968660,val
train_3177318920,train
train_3635090822,train
train_1245074332,train
train_4004860386,train
train_2194013877,train
train_512297426,train
train_3208280657,train
train_502959608,test
train_756032768,train
train_2153866432,train
train_2662368470,train
train_3352349046,train
train_43788134,test
train_1002800682,train
train_1568340369,val
train_302429109,val
train_4080124942,test
train_3424980304,train
train_971926919,train
train_1517473754,train
train_2992839348,val
train_2710852660,test
train_967911395,train
train_2001377160,train
train_2093121531,train
train_1402702945,train
train_1248358305,train
train_3884764257,val
train_1285449259,test
train_2193054604,val
train_3863191683,train
train_1137610960,train
train_1530381228,train
train_3466870843,train
train_1525472586,train
train_3847554399,val
train_2944330222,train
train_3569659850,train
train_532660518,train
train_3264219814,train
train_3624188097,train
train_4290561303,train
train_43533397,train
train_1016336554,test
train_2382820825,train
train_1850146320,train
train_3217442853,train
train_3911439118,train
train_852719805,train
train_2789242699,train
train_2217574287,test
train_2993233834,train
train_4283961499,train
train_2315699169,train
train_38751360,test
train_4061307333,train
train_1761075782,val
train_1018366203,train
train_95537778,train
train_2538521635,train
train_1053322829,test
train_617293422,train
train_930064105,train
train_188597662,train
train_3260017982,train
train_14359232,train
train_3793020602,val
train_2983763003,train
train_2668612840,test
train_1446414816,train
train_1677612096,train
train_729504517,test
train_479980569,train
train_3960694942,train
train_3249267667,train
train_1346139841,train
train_1911501744,test
train_181193863,train
train_515679748,train
train_2746591931,test
train_242759122,train
train_888154812,val
train_512145217,val
train_3202990929,train
train_1014721953,train
train_2383137116,train
train_3364390719,test
train_3991637379,train
train_395406256,train
train_1910856914,train
train_3970952486,train
train_3659039677,train
train_1992434235,train
train_2084899313,train
train_2142361660,train
train_3645996871,train
train_4178419804,train
train_2295805311,train
train_265111794,train
train_632824378,train
train_3028465633,test
train_543076217,train
train_391337377,train
train_2659470237,train
train_3525504278,train
train_2338756893,train
train_2679080462,train
train_1331744123,train
train_2748651083,train
train_2873751457,train
train_781372404,test
train_3377050946,train
train_3417232270,test
train_1725158673,train
train_735501232,test
train_1032038522,train
train_1580491126,train
train_3551268626,test
train_48618955,train
train_2115720188,test
train_2546948871,train
train_3218060299,train
train_598546286,val
train_2892127198,test
train_1366310182,test
train_1986374095,train
train_3611303728,test
train_3601018913,test
train_4284781491,val
train_4281166768,test
train_1327840112,train
train_3551564396,train
train_224667402,val
train_4252901485,train
train_2234417841,train
train_3840304866,train
train_2843154073,val
train_3103752611,test
train_2657811563,test
train_357799836,train
train_3879943340,val
train_151380610,train
train_4267691298,train
train_3651642296,train
train_4009789915,test
train_3538451822,test
train_2110778917,val
train_2603166560,val
train_2155111228,train
train_1144658748,train
train_1007328381,train
train_1258437188,train
train_1934684519,train
train_4068176566,train
train_2381804806,train
train_2253601030,test
train_1439839581,test
train_2631852894,test
train_80490554,train
train_331436791,train
train_548039175,val
train_917829297,test
train_2154748350,val
train_1484454319,train
train_1742073263,val
train_1723270005,val
train_400291736,test
train_112503137,train
train_4112972087,train
train_2349344461,train
train_1697364767,train
train_3219563251,test
train_2010882547,test
train_2014026787,train
train_3189871060,test
train_3177654145,test
train_2156199340,train
train_550872261,train
train_1110420245,train
train_1129270557,train
train_1930488629,train
train_1647457435,train
train_1064205981,train
train_3444754947,train
train_760894706,train
train_531930241,train
train_1348835815,train
train_98619170,train
train_3273040224,train
train_3558285642,val
train_2612228310,val
train_1845892823,train
train_2796243502,train
train_3442637537,train
train_2925437527,train
train_343169490,train
train_1059223830,train
train_3415569472,train
train_3296387473,train
train_3992219823,val
train_2558504969,train
train_1032762673,train
train_3089241236,train
train_2384917973,train
train_684976348,train
train_1258377128,train
train_2288556358,test
train_2413043438,test
train_714756323,train
train_746799509,test
train_3555364833,train
train_104615151,train
train_2660178265,train
train_809188925,test
train_2213937814,val
train_642933011,train
train_451084272,test
train_3541794019,test
train_1684692220,train
train_3724532157,train
train_39193538,train
train_3847244429,train
train_1694793195,test
train_3903258334,train
train_3024056050,train
train_910259413,val
train_1814156179,train
train_3489203471,train
train_1123236796,test
train_3653943439,train
train_713428734,train
train_1445398281,train
train_1837400581,train
train_2256506861,test
train_3693573145,train
train_698301312,train
train_3846947656,train
train_294481336,train
train_1324831570,val
train_3122295724,train
train_2020786711,train
train_570807167,val
train_3040310884,test
train_2665257054,train
train_3392502435,train
train_3983383192,test
train_380645893,test
train_2901570425,train
train_3951880732,train
train_1356154317,test
train_2533609590,train
train_2992472817,train
train_2879479255,test
train_361518755,train
train_3172872581,test
train_803431274,train
train_195827990,train
train_3619988823,val
train_4056292552,train
train_876772927,train
train_4022615111,train
train_1609237242,train
train_2343475412,test
train_4276194499,train
train_824948349,train
train_4037725882,test
train_4198643859,train
train_254822559,test
train_1221682000,train
train_2649609039,train
train_1803751850,train
train_3024369780,val
train_2227793598,test
train_4009250351,train
train_1613122277,train
train_1814111763,test
train_429095784,train
train_3548273533,train
train_495819976,train
train_1835376406,train
train_1495753847,train
train_318335005,train
train_497428540,val
train_1165116650,train
train_928541043,train
train_3836675966,train
train_170314070,train
train_597254411,test
train_3825928558,train
train_2880077040,train
train_2703612739,test
train_949629321,train
train_3231359349,train
train_2325210644,train
train_811837284,train
train_161578771,test
train_1238603882,train
train_2105392449,train
train_2970788994,train
train_1429501207,train
train_588794911,train
train_3860005169,test
train_3252769546,train
train_2767226184,test
train_336966868,train
train_784933170,test
train_3060578105,test
train_1799817756,train
train_976793035,test
train_3916960828,val
train_1836696834,train
train_3558542890,train
train_3116035324,train
train_1788758310,train
train_1536006413,train
train_970246741,train
train_1898739959,train
train_63996627,test
train_770148006,train
train_1286299849,train
train_215201248,train
train_2866352866,test
train_3883658392,train
train_3507624092,train
train_1563517606,test
train_4204021611,test
train_10703966,train
train_127570355,test
train_3731573739,train
train_1857035584,train
train_2120502128,test
train_3997059536,train
train_3687628662,train
train_2022391154,train
train_796772147,train
train_2315989780,train
train_3011722562,train
train_1802524750,train
train_3438674731,train
train_673768107,train
train_1715784657,val
train_3845864116,train
train_2534375072,train
train_1785191702,test
train_3052368748,test
train_869439929,train
train_2569602523,train
train_2812625328,train
train_4191161706,train
train_1276666031,train
train_2350710135,test
train_1023916234,train
train_1736353261,train
train_2834506095,train
train_1981158457,train
train_3003057752,test
train_1710566465,train
train_4214189853,train
train_584601975,train
train_2571590193,test
train_342637970,train
train_1347656677,train
train_127376090,test
train_2266598926,test
train_2490951609,train
train_1138668506,train
train_1648575810,val
train_3434130728,train
train_553272265,train
train_3388693515,test
train_2664551626,train
train_203937691,train
train_2075493723,train
train_272090252,train
train_3002839714,val
train_239248155,train
train_1137152308,val
train_626163330,train
train_2795921944,train
train_195703093,train
train_2816982858,val
train_3758518816,train
train_274216971,train
train_3290587433,train
train_3355408589,train
train_4267624923,train
train_1189980728,train
train_536227524,train
train_1305785428,train
train_48476009,train
train_1027792354,train
train_671864912,train
train_3964641072,train
train_74951425,train
train_4265978876,val
train_2829078153,train
train_3676963614,train
train_659884738,train
train_3165585081,test
train_1403175086,train
train_1386422388,test
train_3358726538,train
train_1870332421,train
train_1221296023,test
train_3418869841,train
train_1994837668,train
train_262305875,train
train_3706623460,val
train_4239411389,val
train_2032306771,train
train_714944441,train
train_2300751667,train
train_1851729750,test
train_3380506274,val
train_851920492,train
train_3561361754,train
train_31935968,train
train_886002087,train
train_138924985,val
train_4177880699,train
train_3321524207,train
train_322120295,train
train_1030726487,val
train_3760792366,val
train_1746577589,val
train_2896781178,val
train_751384044,train
train_2436481562,train
train_3396412169,train
train_1051842465,train
train_1191830518,train
train_3885558258,train
train_4274125652,train
train_2612869114,test
train_696243308,test
train_1210362773,train
train_1061612744,train
train_4291361887,train
train_4029929676,train
train_301477899,val
train_581445038,train
train_3233859617,val
train_1333047654,train
train_163879507,train
train_1233486111,train
train_1391076960,test
train_330917563,train
train_4035896140,train
train_891793627,train
train_1295383668,train
train_3683043918,train
train_1201270498,train
train_3824114445,train
train_3308244419,val
train_495294808,train
train_2876085530,train
train_1742398556,train
train_396196244,train
train_1334962197,test
train_3493652138,test
train_1092469200,train
train_1492521453,train
train_3716041149,train
train_2329784638,test
train_814190272,train
train_1500319162,train
train_2512107236,train
train_2279885562,train
train_2341905830,train
train_4218560595,train
train_859476272,test
train_429414754,train
train_1240702583,train
train_849405849,val
train_2699604400,train
train_1119634717,test
train_2861679658,train
train_1652682673,train
train_2387877105,train
train_2211282947,train
train_1440138446,train
train_3865654472,train
train_4275368408,test
train_2953368967,val
train_1999114349,train
train_831766027,test
train_4189113094,train
train_611454874,train
train_1177573553,train
train_4005777507,test
train_2523691568,train
train_1946094930,test
train_3159700565,train
train_731198057,val
train_1160538249,train
train_2691673011,train
train_2252347761,train
train_2221189489,train
train_2145025864,train
train_3458950005,train
train_2468152289,train
train_2004653831,train
train_1222077827,test
train_2338762420,train
train_3823345779,train
train_562725489,test
train_840114362,train
train_2320290795,train
train_2934237802,test
train_76256943,test
train_2744598554,train
train_2422388948,train
train_4047716119,test
train_3771051686,test
train_1320635644,train
train_1504597168,train
train_3227564190,train
train_3012616017,test
train_4228174610,train
train_2942489995,val
train_412080107,test
train_3984736875,test
train_2529238582,train
train_4069746180,train
train_342543451,train
train_3303530554,test
train_267505380,test
train_3754564424,test
train_3432541273,train
train_2136892893,train
train_766724052,test
train_1236429712,test
train_4257136523,train
train_4055380654,train
train_114587169,train
train_201376339,train
train_3804743817,train
train_3115263518,train
train_3307042617,val
train_592416652,train
train_2392097821,test
train_2591215007,train
train_1350379458,train
train_1798860675,train
train_2636843319,test
train_2485457154,train
train_3084638472,train
train_679749792,train
train_1958259262,train
train_2877827827,test
train_673681421,train
train_4267716570,train
train_13692217,train
train_4202721958,train
train_1241063813,val
train_155946791,test
train_2610094005,train
train_2676167242,train
train_1386591626,train
train_3650829043,train
train_2599913078,train
train_4034471436,train
train_1189794181,train
train_4047827851,train
train_478136409,train
train_690288721,train
train_1788709708,train
train_1019334362,train
train_1602943191,train
train_1419360929,train
train_2766702935,val
train_1264917017,train
train_590280812,train
train_1709401292,train
train_20939766,train
train_2819103511,train
train_4220330127,train
train_3884768201,val
train_185854697,train
train_3466253051,train
train_3336571686,train
train_144478806,train
train_2266041454,train
train_3106543429,train
train_3463141964,test
train_1841316132,train
train_3229605758,test
train_1710744977,test
train_1728335804,val
train_3636998199,test
train_2516512022,test
train_3744997355,train
train_3627650209,train
train_2491509480,train
train_1191624235,train
train_2466028410,train
train_1753606974,train
train_3520836374,train
train_3333914170,train
train_2245734233,train
train_2959484927,train
train_1423319877,train
train_2127105068,train
train_1345163924,test
train_1456994857,train
train_3776892887,train
train_3572766330,train
train_2383249508,train
train_3084977889,train
train_2862528842,train
train_2863599401,test
train_1903504903,train
train_1630606096,val
train_1254764034,train
train_1069116512,test
train_2614317276,test
train_2912643768,train
train_280052091,test
train_2003482099,train
train_3692322252,test
train_1820528552,train
train_1405395837,train
train_3331542684,train
train_2733278772,train
train_3653456112,train
train_1218725871,train
train_1177177198,train
train_3659227213,val
train_3757569400,train
train_1125288942,train
train_1300595635,train
train_3025138900,val
train_3132154902,val
train_2332501080,train
train_3057152496,train
train_3532908129,train
train_949462386,train
train_2829381839,train
train_429155158,train
train_2618599115,train
train_2982726854,train
train_2451300550,train
train_2474245463,train
train_3408137259,train
train_359119894,train
train_590442048,train
train_2679218571,train
train_3251295159,test
train_2897404724,test
train_2759413452,test
train_3914488276,train
train_4279055919,train
train_1175604619,train
train_3082379360,train
train_795505113,train
train_1016728949,train
train_3307583095,train
train_498545408,train
train_10984860,train
train_4089731039,train
train_2772879922,test
train_2141117679,test
train_3256317337,train
train_3330610755,test
train_2709447254,train
train_842301223,val
train_2073085183,train
train_3237870770,train
train_933366685,test
train_1329912537,test
train_2103222905,train
train_21849672,train
train_2620721772,train
train_117931866,val
train_1073247888,train
train_4271456313,train
train_3214050028,val
train_3721212137,train
train_359704519,train
train_12109017,test
train_932815573,test
train_96274527,train
train_2620378311,train
train_2582218799,train
train_930323761,test
train_100315994,train
train_432085135,test
train_1293290246,train
train_1280553309,train
train_725991339,train
train_2608863143,train
train_920310303,test
train_1417095870,test
train_3328154104,train
train_2029262940,train
train_4134499941,train
train_2713588832,train
train_2657933415,train
train_822078958,test
train_3977055509,train
train_2342665196,train
train_4227759523,train
train_2157767075,train
train_399069218,train
train_2462990306,train
train_3231189905,train
train_3619767761,train
train_2236562764,train
train_1834352946,train
train_1635977827,test
train_859968224,train
train_3230754971,train
train_3814470355,train
train_2124872440,train
train_1500166094,val
train_932470096,train
train_872361650,train
train_3742774435,test
train_2443391791,val
train_2708501565,train
train_1358933070,train
train_776919402,train
train_2127714774,train
train_3282808089,train
train_1599861747,train
train_116007393,train
train_3405916416,val
train_1084009550,train
train_871867708,val
train_547195405,train
train_3347240993,train
train_3742101210,train
train_3146856007,train
train_3623729973,train
train_3263842216,train
train_2533505859,test
train_1010625996,train
train_3064482315,test
train_3441737294,train
train_1855754906,train
train_4041939824,train
train_4282018978,test
train_4219313417,train
train_3973437958,train
train_2687876931,test
train_3112017893,train
train_410910709,train
train_2197801383,test
train_1048206788,train
train_1685565504,train
train_4009295657,train
train_791608605,train
train_2862590974,test
train_2043268531,train
train_3518610624,train
train_939021212,train
train_3132135789,train
train_943639754,train
train_1280397335,train
train_429013835,train
train_3665591924,test
train_2632789577,train
train_919452521,train
train_1279504792,test
train_1936891462,test
train_2325674709,train
train_2747781252,train
train_1870110089,train
train_16348519,train
train_1354326273,train
train_846192553,train
train_1466878717,test
train_1159713007,test
train_1597566714,test
train_3073165096,val
train_1039354119,test
train_1075692345,test
train_2160778168,test
train_1274836175,train
train_29235922,test
train_1746262448,train
train_2235841405,train
train_1359105134,val
train_3795854797,train
train_2111872648,val
train_1709358376,test
train_3996498216,test
train_632656690,test
train_399435290,train
train_3182450178,val
train_738586853,val
train_1853119774,train
train_3014201489,train
train_2424403351,train
train_3830824861,train
train_1114146678,val
train_3580464545,test
train_167960452,train
train_829185352,train
train_1098644117,test
train_4083776474,train
train_1655838577,val
train_2029969257,train
train_2036340727,train
train_3322895924,train
train_3458343935,test
train_1981739632,train
train_1635990156,train
train_1585378175,train
train_910845835,train
train_4213182355,train
train_1418962350,train
train_552143082,train
train_1542450446,train
train_3191957161,test
train_2087941785,test
train_1408129811,val
train_536238132,val
train_324982893,test
train_1703170843,test
train_1167705791,train
train_356132465,train
train_1663910417,train
train_2571411499,train
train_1682295126,test
train_3433764644,train
train_1638447231,train
train_328650456,train
train_4170012043,val
train_2105319951,val
train_1711736952,train
train_2065585954,train
train_3847259270,train
train_1789523991,train
train_332429881,train
train_912990217,train
train_2958555608,val
train_1557333656,train
train_3349053697,train
train_2534646575,train
train_367298870,test
train_2107006282,val
train_1959444369,train
train_3044265075,test
train_452060822,train
train_2705159396,test
train_1464178472,test
train_2184210379,test
train_2151437244,train
train_2521236159,test
train_881007993,train
train_2292515260,train
train_2468012467,val
train_2655128460,test
train_3360018931,train
train_1537755222,val
train_358275696,train
train_1329386905,train
train_1648274367,train
train_2242194256,train
train_1366396800,train
train_3052716160,train
train_3445047960,test
train_2492678162,test
train_2374661074,val
train_239135365,test
train_3601585225,val
train_3840932299,train
train_2865985706,train
train_2060670430,train
train_3931407954,train
train_1994119316,test
train_140871428,train
train_1892676612,test
train_2951301741,train
train_998663772,test
train_1962790504,train
train_1303795934,train
train_1624402182,test
train_3010824279,train
train_2212628321,test
train_992466984,train
train_3727157079,val
train_1820791472,train
train_2111546373,val
train_394025777,train
train_984519427,val
train_2583350716,test
train_3131504612,train
train_116157648,test
train_3269187671,train
train_2655498615,train
train_1358635562,train
train_3711290862,train
train_2428250552,train
train_4098392160,train
train_466174031,train
train_3484341151,val
train_1848134826,train
train_1147731811,test
train_2416004796,train
train_1594091164,train
train_1193862656,test
train_3874667288,test
train_4033011778,train
train_3700767755,train
train_4250359383,val
train_2021005658,val
train_4147496222,train
train_1615258893,train
train_577475218,train
train_429660402,train
train_2075613407,train
train_1007640328,train
train_2236465117,train
train_1582844179,test
train_2949163854,train
train_2226260584,train
train_3290848650,train
train_3171305414,train
train_2330208712,train
train_386226013,val
train_3616413715,val
train_17521577,test
train_648093203,train
train_3648426828,val
train_106904747,train
train_2121545161,train
train_3005505164,train
train_1561793019,train
train_4210974379,train
train_3541388003,val
train_3324761243,val
train_3007224379,train
train_632561614,train
train_3291391730,train
train_1146727108,val
train_210700185,train
train_3698273213,val
train_3333560467,test
train_3997621373,val
train_2746222772,test
train_3602080903,train
train_1580941821,train
train_2509297541,train
train_2696004910,train
train_2671212181,train
train_702603526,train
train_873959451,train
train_691545828,train
train_459713225,train
train_2643204045,val
train_1876542328,test
train_530352497,test
train_921782135,test
train_1486539498,test
train_3723189636,train
train_616984650,val
train_1660958253,test
train_3967012505,train
train_2556556546,train
train_3157816253,test
train_3685771489,train
train_95018095,train
train_3717792767,test
train_843663648,train
train_4271118458,train
train_2388554702,train
train_3581997586,train
train_452564542,train
train_1125823538,train
train_982374199,train
train_2426850432,train
train_1225687579,train
train_1714966905,val
train_2060715908,train
train_182789687,val
train_3673342148,val
train_3491927170,test
train_1244259050,train
train_1630060072,train
train_1740344762,train
train_4008585159,train
train_4260322050,train
train_300378675,train
train_2687306052,train
train_3268945136,test
train_2075728279,train
train_3647157621,train
train_2173530206,test
train_339623003,train
train_2822058923,train
train_1027347671,train
train_2020558642,train
train_42331549,test
train_3703986742,train
train_1795472561,test
train_922323290,train
train_3547669714,train
train_2805154018,train
train_3340371184,train
train_1126163528,val
train_197729896,train
train_1491438625,val
train_568164955,train
train_2137637747,train
train_1414182923,train
train_2444570536,val
train_1120313519,train
train_2312899670,train
train_2658218617,train
train_4083952609,test
train_3097376975,val
train_2507230559,test
train_1772615985,train
train_1744586363,train
train_3969208198,test
train_702690747,train
train_1374376022,test
train_618290050,train
train_3904743025,train
train_1301171326,train
train_2398200196,train
train_3326211005,train
train_1350511373,val
train_3691007778,val
train_872327963,train
train_1264402355,test
train_1133887341,train
train_2091002355,train
train_1899810067,test
train_1331292837,test
train_3081039271,test
train_3729222615,test
train_3871434011,train
train_97731197,train
train_3842194738,train
train_684369530,train
train_3284305951,test
train_1723036052,train
train_3284619455,train
train_1105403759,val
train_2114659500,test
train_1683955778,train
train_2570836668,test
train_2080563218,train
train_878775443,train
train_3778539111,train
train_1553838182,test
train_2727545277,test
train_1412575379,val
train_897904028,train
train_720116982,train
train_3290391633,train
train_2681268381,train
train_909402898,train
train_2951514747,train
train_216546879,train
train_2957294610,train
train_2479183751,train
train_3482259528,train
train_3102434120,test
train_2005573198,test
train_309117009,train
train_3918357063,train
train_587505930,train
train_145741217,train
train_2254693897,train
train_1925013136,test
train_1755928245,train
train_4100561638,test
train_477561587,train
train_3715741987,train
train_2680308038,val
train_3585065114,train
train_3540601081,train
train_3474460421,train
train_1271990603,train
train_4264799018,test
train_64998802,train
train_4222657113,test
train_3405008424,train
train_1513169855,train
train_4023080310,train
train_4059071300,train
train_3546013642,train
train_438741534,test
train_164378329,test
train_2610909094,train
train_2856064366,test
train_3391234391,train
train_3754288738,train
train_76616935,train
train_2928166882,test
train_1332817670,val
train_1450940174,val
train_1168246132,val
train_1161576413,train
train_2926011892,train
train_3773911561,test
train_2079546632,train
train_1685205622,train
train_2579440138,train
train_2387135261,train
train_2557580700,val
train_403129915,train
train_3308537549,train
train_3163379122,test
train_3403895907,train
train_2309932772,train
train_659532316,train
train_4181581264,train
train_3193375759,train
train_1005482899,train
train_1796897450,train
train_2948872768,train
train_997630257,train
train_707874029,train
train_4275034766,train
train_658509789,test
train_752143145,train
train_629589488,train
train_2030439061,train
train_1008509062,train
train_76449072,train
train_4172319778,test
train_3865846441,train
train_1481123795,train
train_1221993049,train
train_2996781474,train
train_3682579721,train
train_2318602938,train
train_236582396,train
train_543198761,train
train_2342006374,train
train_20179235,test
train_1458992573,test
train_1970048706,train
train_2439138764,train
train_3075140642,test
train_797195794,train
train_3780280130,test
train_4105545198,train
train_2972519639,train
train_819150662,train
train_281956392,test
train_2065089313,train
train_1172753280,train
train_3173155166,test
train_3176906750,test
train_3219773229,test
train_1007446483,train
train_2868882140,train
train_354820436,train
train_1951706669,train
train_2566111263,train
train_2858198915,test
train_2396781056,train
train_3358018941,train
train_3861135257,train
train_415564724,test
train_2411544001,train
train_304181113,train
train_2257524615,train
train_2502395000,train
train_2253418312,val
train_1878909928,train
train_3067992737,train
train_2826169965,train
train_2330340220,train
train_602477158,test
train_3907765558,train
train_2490545960,train
train_4016302380,train
train_1324361852,train
train_1884463361,train
train_3447395030,train
train_4044598788,train
train_1284865658,train
train_2129655293,val
train_2027964482,val
train_2982315624,val
train_2350468806,val
train_38592613,train
train_1903443799,train
train_522887319,train
train_3250326902,train
train_1853009475,train
train_4121338813,test
train_907816579,train
train_3940829927,val
train_3859137276,train
train_157376698,train
train_158750766,train
train_2309816387,val
train_2183602992,train
train_3043554100,test
train_3734653723,train
train_122735420,train
train_2808278936,train
train_1453101340,train
train_1129570641,train
train_2482388440,test
train_488870498,val
train_1086514769,train
train_930458613,val
train_3270271149,train
train_983171229,train
train_2410928535,train
train_374770589,test
train_90370162,test
train_799432869,train
train_712369123,train
train_1643485252,train
train_780082633,val
train_2950115006,train
train_3358036755,train
train_2375166373,val
train_2440893088,test
train_3348826610,train
train_2477344098,train
train_1353753107,train
train_1629412502,val
train_1624215119,train
train_1251267969,train
train_3968021024,train
train_386686193,train
train_3206688990,train
train_4060001185,train
train_3096860834,val
train_3956071017,train
train_2420002005,val
train_1321205314,test
train_1596073096,val
train_1465867892,test
train_2152628225,test
train_3767628061,train
train_1898230521,train
train_4016913167,test
train_2354790612,val
train_4080245964,train
train_1730790924,train
train_1080390869,train
train_2855863123,val
train_3378360480,test
train_1160386428,test
train_1878848141,train
train_1753496181,train
train_706367727,train
train_1817367332,val
train_3544556277,train
train_1490061411,train
train_1687855798,train
train_997868551,train
train_4288191484,test
train_1983774337,train
train_4234390991,train
train_3417129266,test
train_2700138963,train
train_1357710802,train
train_1590507367,test
train_2204096692,train
train_362500243,test
train_1577965336,train
train_1319313079,train
train_4148438646,val
train_4205413314,train
train_2418052141,train
train_552107239,train
train_355924239,train
train_2345115084,train
train_3684554873,val
train_812418204,train
train_996151815,train
train_2335267010,train
train_4278931959,train
train_2108497306,train
train_2343464454,train
train_3441972079,train
train_105791255,test
train_1916554181,test
train_822294613,train
train_507519220,train
train_2797516418,test
train_489787250,train
train_2542011479,train
train_1256469590,train
train_3855318312,train
train_83881424,train
train_3241637981,test
train_474354978,train
train_1438823119,train
train_3915320029,train
train_1739811620,train
train_502396456,val
train_1446377604,test
train_86424898,test
train_2276403368,test
train_3015954444,test
train_1215672815,train
train_4264959646,train
train_3317116852,test
train_768266680,train
train_1163264728,train
train_3257991431,train
train_1556968765,train
train_1937088945,train
train_4069813086,test
train_258861567,train
train_245402348,test
train_10811831,train
train_3227565881,test
train_2159791112,train
train_3051845604,val
train_1776665772,val
train_1297449548,train
train_3118377266,test
train_4122213530,test
train_513793522,train
train_4289770919,test
train_1243496364,train
train_4050110199,train
train_2969812242,train
train_3120228165,train
train_2519330360,train
train_3014069137,train
train_2413469873,train
train_3546299200,train
train_288812743,train
train_1423216420,train
train_4146922429,train
train_1103960971,val
train_1961149278,val
train_2742544098,val
train_1907627043,test
train_1777306333,val
train_4198413354,train
train_1646556739,train
train_1513571306,train
train_1232021489,val
train_1379402461,train
train_439418976,train
train_3365452522,val
train_3134786169,test
train_1401220757,train
train_1184954022,train
train_742570609,train
train_1464490246,train
train_928950357,train
train_928758319,train
train_1088001863,val
train_3899517264,train
train_3320344679,train
train_3767802996,train
train_4283555664,val
train_3365777990,train
train_3161929586,test
train_3831709523,train
train_802081389,train
train_1022900572,train
train_469278031,train
train_2695624595,train
train_2686193684,train
train_3993327735,test
train_758259428,train
train_654077291,train
train_444954084,train
train_3692020911,train
train_3827260170,test
train_1101059409,train
train_4135792327,train
train_3114206259,train
train_1856757109,train
train_2663774844,train
train_2367623052,train
train_297862382,train
train_2268565855,test
train_1302774700,train
train_1801916292,train
train_4074634213,train
train_3288139551,train
train_1110783679,train
train_1503007879,test
train_3458709564,train
train_357794496,train
train_443871759,train
train_1984599666,train
train_1519022568,train
train_3770267143,train
train_730214110,train
train_1038441877,train
train_2363974115,val
train_2952628752,train
train_647679168,train
train_1944468611,test
train_2868528326,train
train_4288626183,train
train_2040279777,train
train_616728941,train
train_3031550044,train
train_2219496981,train
train_2916178725,train
train_4224765741,train
train_4086199241,train
train_4078787477,train
train_2271110143,train
train_2494128772,train
train_3264363734,train
train_4105558222,train
train_1380161960,train
train_1395219642,train
train_382369912,train
train_2889183458,train
train_335163176,train
train_2658353239,train
train_4209004674,test
train_980852755,train
train_455368602,train
train_3390692881,train
train_48867175,train
train_2959618157,test
train_2213672201,train
train_23056443,train
train_1005373935,train
train_2438575619,train
train_504475952,test
train_2418157841,train
train_1991908344,train
train_396631783,train
train_3615558983,val
train_1670154044,train
train_1228927711,train
train_2576103491,train
train_1912961763,test
train_96041043,train
train_1726506155,train
train_3852647597,train
train_2688549257,train
train_727994445,train
train_807746574,train
train_3396003856,train
train_547712747,test
train_1668058467,train
train_3337039753,train
train_528659985,train
train_2095902709,train
train_646274329,train
train_3399990674,val
train_1816352351,test
train_2121441004,train
train_1603885453,train
train_1209857845,test
train_1543181246,train
train_4196788803,train
train_3646275694,train
train_1418906921,train
train_3472877513,test
train_2492143652,val
train_479847044,train
train_3667038859,train
train_4127424127,train
train_3246752683,train
train_3239479503,train
train_3895444079,train
train_2481010079,test
train_1090930874,train
train_30822003,val
train_2599526885,train
train_3403651054,test
train_4063420841,train
train_3884225424,train
train_3514696314,train
train_249033929,test
train_3355961159,train
train_887322235,train
train_2620885138,train
train_1026805303,train
train_4236629532,train
train_1696208176,train
train_2192935894,val
train_293662863,val
train_3979270345,train
train_3343516218,train
train_3525723599,test
train_2836093391,test
train_2567349850,train
train_3784125993,test
train_1174544705,train
train_1628579076,train
train_3531593531,train
train_2686162180,train
train_3648207151,train
train_355876310,train
train_795716890,train
train_2290750214,val
train_1099367395,train
train_2421423234,train
train_2383534523,test
train_1119421416,train
train_2632518897,train
train_914905673,train
train_1598604332,train
train_2153768604,val
train_1174875101,test
train_1761564803,train
train_76873094,train
train_1128869289,train
train_3096828867,train
train_3357711065,train
train_389297411,test
train_1633303218,train
train_2338443281,train
train_3543981918,train
train_3907253834,test
train_1096136532,test
train_336541468,train
train_821838594,train
train_3252202177,train
train_2599365006,train
train_1323229011,train
train_2694488436,train
train_3465131873,train
train_488709541,test
train_739707797,train
train_861302437,train
train_3119233487,train
train_2185300096,test
train_1942816980,train
train_414562930,train
train_4130662197,train
train_2847641686,train
train_1090546695,test
train_770167835,train
train_2511627470,train
train_1842005873,train
train_2468168402,test
train_921763449,train
train_1550228268,train
train_762905904,test
train_3960033304,train
train_671286325,train
train_2365847935,train
train_1661643412,train
train_3478344455,val
train_3448210075,train
train_308937634,train
train_2778999035,train
train_2471243090,train
train_3274365142,train
train_2826148374,train
train_290764761,val
train_3629196956,train
train_3750012098,train
train_4142434571,test
train_1339842959,train
train_419298261,test
train_1577819542,train
train_1831233441,train
train_3524135812,test
train_2550433951,test
train_3551356580,train
train_417857744,train
train_3952013852,train
train_1482448511,train
train_2756897082,train
train_56255786,train
train_2155756242,train
train_3225192874,train
train_546070236,train
train_3790982835,test
train_518201765,train
train_980310423,train
train_959905608,train
train_3989790467,train
train_467196729,train
train_2049855266,val
train_3505386994,train
train_1432980172,train
train_1956904817,train
train_3338067083,train
train_361338703,val
train_2676992898,train
train_1519166571,train
train_3495966315,train
train_4204515404,train
train_4172215269,train
train_3233698192,val
train_2363308906,train
train_134715840,train
train_3070088159,train
train_3631543400,train
train_2201298542,train
train_106977066,train
train_1165333101,train
train_2567013657,test
train_160178681,test
train_2903166619,train
train_4047390538,train
train_2719838739,train
train_1528423085,train
train_4187338609,train
train_735961305,test
train_164400283,train
train_3601727301,val
train_174245233,val
train_4153223724,train
train_2072717526,train
train_805378430,val
train_1516573836,train
train_375972794,train
train_1327901852,train
train_753533759,train
train_4167501582,train
train_439450207,test
train_761836328,train
train_2425402503,train
train_3653047441,test
train_1389114030,train
train_1687266284,train
train_1724556465,train
train_1296589085,train
train_1643107217,train
train_4205476368,train
train_332043309,test
train_2745836933,train
train_980054158,train
train_781695618,train
train_1105652061,test
train_2868096276,train
train_3608372934,train
train_2655299092,test
train_738585957,test
train_2254214753,train
train_4023689856,train
train_680136278,test
train_1277638567,train
train_3688157200,train
train_221812587,train
train_3246095521,val
train_2337803779,val
train_524916026,train
train_2798089492,train
train_126792763,train
train_3665887826,train
train_1735171045,train
train_4276357741,train
train_147866258,train
train_2605973918,train
train_3624613197,train
train_275774803,train
train_2485784901,test
train_418385389,train
train_2489554479,val
train_2830103730,train
train_3544500935,train
train_3364684649,train
train_1957308205,test
train_3995094936,train
train_2159360256,train
train_1025825716,train
train_204182398,test
train_1929969565,val
train_3345004706,test
train_1661772888,train
train_802789874,train
train_188408030,train
train_1670079968,train
train_2725233289,train
train_3109127293,train
train_612560094,test
train_3229084421,test
train_1800966364,test
train_3414772762,test
train_1802638869,train
train_946608678,train
train_3511192217,train
train_2468430645,train
train_3359113737,train
train_1587395971,train
train_2516037115,train
train_606787439,train
train_1914763700,val
train_129898249,train
train_1984944968,val
train_502424333,test
train_3297964086,val
train_2658426624,train
train_9841419,val
train_745943795,train
train_1141117666,train
train_3773898471,train
train_2032123028,train
train_2054234281,train
train_2401121394,val
train_500507172,train
train_2747343119,val
train_323465319,train
train_777016744,test
train_3028610958,train
train_2069063615,test
train_283602199,test
train_2646194803,test
train_277588668,train
train_423064729,train
train_2126519316,train
train_4074846898,train
train_1556671861,train
train_1183695779,test
train_135624447,train
train_305504701,val
train_3517752111,test
train_3166616877,train
train_1390366037,train
train_2800955481,train
train_1823606767,train
train_4173769203,train
train_2072357627,train
train_1938265612,test
train_4056968189,train
train_990793677,train
train_3111285501,train
train_3327427478,train
train_1443830533,train
train_4183442715,train
train_3301554724,train
train_3790640384,train
train_658404593,test
train_1008198087,train
train_2930576726,val
train_3502440837,train
train_2421369800,train
train_2004247623,train
train_3187244125,train
train_3811389597,train
train_3659834506,train
train_2907290958,train
train_2907756127,test
train_3185437302,test
train_2715090360,test
train_492744726,train
train_555645037,train
train_2533825857,train
train_2307955749,train
train_3273003631,train
train_3948168562,val
train_1013354152,train
train_3566230006,train
train_1827035192,train
train_1390079180,train
train_257738882,train
train_2600730584,train
train_814231828,train
train_2985347255,train
train_1976679300,train
train_2252022475,test
train_4027316093,train
train_3780990792,train
train_1286535379,train
train_1874494631,train
train_3469005938,test
train_2918128327,test
train_2176069686,train
train_2308586005,test
train_3613806660,test
train_49767588,train
train_3681688464,train
train_2031093415,train
train_2623642580,train
train_3933532271,train
train_2735094382,train
train_2620814242,train
train_361755484,test
train_2150864496,train
train_1678990570,test
train_3660818743,test
train_4088612659,train
train_914489157,train
train_1310579533,test
train_2054787489,test
train_1029000374,train
train_4054171116,test
train_1029900113,train
train_2614832113,train
train_2698800657,train
train_2478098011,train
train_1781593230,train
train_2090042500,train
train_889614566,train
train_937859783,val
train_3111040359,train
train_1161773582,train
train_1594953277,test
train_2923936676,val
train_3246013714,train
train_3926860779,train
train_1179304308,test
train_2639768342,train
train_323149878,train
train_2881075342,train
train_2847544732,train
train_364971167,test
train_2493073001,train
train_2924948899,train
train_3765311057,train
train_589749656,test
train_3240200048,train
train_4292360632,train
train_2113340777,train
train_2443849203,val
train_2598599202,test
train_1885677639,train
train_600604557,train
train_4064619223,test
train_187818828,test
train_2171478802,test
train_1985181997,train
train_1479705535,train
train_1152059553,test
train_3016630764,test
train_1856412307,val
train_2837735076,test
train_4147527525,test
train_1571335657,test
train_4141172468,test
train_3579993781,train
train_2149563017,test
train_623310508,val
train_1872702824,val
train_1535525351,test
train_1061695682,train
train_3175477763,train
train_1954719741,test
train_1392640327,test
train_1657511426,train
train_3260401233,train
train_33017878,train
train_45599683,train
train_2573807077,train
train_2199539263,train
train_3530588685,val
train_2466621211,train
train_2084614060,test
train_3205849397,train
train_3890165106,train
train_2144026975,val
train_475857941,train
train_16097512,test
train_2690906433,train
train_1017160776,val
train_177633839,test
train_4201580611,train
train_4248021964,train
train_1607262006,train
train_1485465876,train
train_895545511,val
train_2561219492,test
train_371798265,train
train_2082129393,train
train_2626815489,train
train_3142552678,train
train_3011723573,train
train_619734153,train
train_1254744920,test
train_1307235789,train
train_3743345015,train
train_375961936,val
train_390755656,train
train_1646752220,train
train_2258057492,train
train_2406956358,train
train_1322036999,train
train_643264287,train
train_3344756233,train
train_2151396656,train
train_1973320936,train
train_820620570,val
train_3441991485,test
train_1063244470,test
train_1995478389,train
train_4257223524,train
train_1841335556,train
train_1334961114,val
train_3798478612,test
train_3054150795,train
train_402525354,test
train_3959928745,train
train_1036258283,train
train_575959766,train
train_2410964577,train
train_1881994435,train
train_1748785504,train
train_2091737133,train
train_3095668229,train
train_285959711,train
train_1923788617,train
train_4117174693,train
train_1464157396,train
train_1610221569,train
train_3681532274,train
train_1641860585,train
train_1437436440,train
train_294373316,val
train_3583272328,test
train_3267188533,val
train_3003421228,train
train_3386323765,train
train_2851883228,train
train_2557123225,train
train_1172494828,test
train_2507939814,train
train_1615751463,train
train_3971321283,train
train_1021255714,train
train_3681922965,train
train_547288161,train
train_1482159819,train
train_119890443,val
train_2185745836,val
train_2864476530,train
train_229177718,train
train_2599912967,train
train_3278173918,train
train_3885087833,train
train_954269940,train
train_1357564769,train
train_1281941565,train
train_1289945760,test
train_2548624908,train
train_3530557774,train
train_3761011758,test
train_326371582,train
train_1587097244,train
train_1120830816,val
train_373919223,train
train_1213200084,test
train_683936707,train
train_3924848794,train
train_1865296362,train
train_3112960960,train
train_1575605146,train
train_1623858437,train
train_665823205,test
train_3584773206,test
train_2037424479,train
train_3039673316,test
train_1675110183,test
train_3168566989,train
train_1763422476,train
train_787492652,val
train_3060260399,train
train_1826973871,test
train_3241445981,train
train_227941223,train
train_115463069,train
train_4282870557,test
train_2367826605,test
train_2555253113,train
train_62330546,train
train_1240067489,test
train_3870037550,test
train_3864899535,test
train_3506195493,train
train_1794636981,train
train_450645633,test
train_866783947,train
train_1694952867,test
train_1196553651,train
train_1611352137,train
train_3736520807,test
train_655281356,val
train_1968351247,test
train_3711756310,train
train_2685451963,train
train_3269508590,train
train_3596612824,val
train_3508339043,train
train_166522019,train
train_1166656904,train
train_150004523,train
train_116650027,train
train_1808931127,train
train_518561022,train
train_562437151,val
train_1891802410,test
train_1111798963,train
train_4131509957,train
train_759267408,test
train_2382740729,val
train_3058442634,train
train_3792387309,train
train_764662438,train
train_2206554407,train
train_1490816985,train
train_3005706203,train
train_1772166689,train
train_2161211767,train
train_3266016023,train
train_389056139,train
train_599922994,train
train_3624351747,train
train_2404141586,train
train_1636843213,train
train_1392480653,train
train_2452915579,train
train_1513994777,val
train_1114062713,train
train_3113328007,train
train_692498187,test
train_644504147,train
train_1416736422,train
train_1194857462,train
train_552116242,train
train_3823983065,train
train_852713149,train
train_4195718701,train
train_2574864013,train
train_3276960691,train
train_450707221,val
train_3826439112,train
train_3565379195,val
train_3392980062,val
train_385942559,train
train_1622948922,train
train_2885249984,train
train_2708929853,train
train_510666025,train
train_45710717,train
train_1605719016,train
train_70233077,train
train_666627179,train
train_3526771004,train
train_4176745626,val
train_1207085824,test
train_1731242669,train
train_529391155,test
train_3952641780,train
train_2005702082,val
train_2698692624,train
train_393231770,train
train_1466285436,train
train_627475146,train
train_3366673512,train
train_4199111972,train
train_2554338876,test
train_252312165,train
train_3474020050,train
train_2358533736,train
train_3923008503,train
train_4024032078,train
train_1253934029,val
train_4002392833,train
train_3487073929,train
train_3674913773,train
train_3099570705,train
train_56627806,train
train_1502549164,train
train_2422727042,train
train_1823753834,train
train_3056431407,test
train_1193663567,test
train_179409200,train
train_47267496,val
train_1059853574,val
train_4247286989,train
train_477257684,train
train_4246018075,val
train_3445884706,train
train_138968037,test
train_4089611294,train
train_3779460008,train
train_3057229920,train
train_3586380358,train
train_2576234944,train
train_3209405510,train
train_4246311581,val
train_3248441377,train
train_1233848077,val
train_3285130831,train
train_2007810770,train
train_4223409596,train
train_1911430884,train
train_2346721309,test
train_126561774,test
train_2020210174,train
train_1314620120,train
train_2498926416,train
train_213555420,train
train_3677721055,val
train_1859060005,train
train_2633571381,val
train_884660759,train
train_2529521109,train
train_2941685971,train
train_2658881937,train
train_1113037282,train
train_277518592,train
train_4107253397,train
train_107435437,train
train_1580449756,train
train_4292421246,train
train_3990319577,train
train_3012021817,test
train_1794729410,test
train_680065461,train
train_1795788382,train
train_1525971777,train
train_3633377568,train
train_3001782116,test
train_3391985594,train
train_3393518963,train
train_3249085190,train
train_2376814932,train
train_748044944,test
train_557466540,train
train_2014006429,train
train_2963418781,train
train_786575290,test
train_229926161,train
train_1184381344,train
train_3018965411,train
train_2316984432,test
train_2915765961,val
train_880698637,train
train_4224185228,train
train_1255441640,train
train_2122281765,val
train_4158223690,train
train_847988966,val
train_3319212232,train
train_2062312291,test
train_3434353278,train
train_1636915192,train
train_2352093623,test
train_1286154407,train
train_113255588,train
train_1708089549,test
train_2012413405,val
train_2131048372,val
train_4080511181,train
train_1397188013,val
train_3772614790,train
train_2563204023,test
train_2469248681,train
train_4110854273,test
train_3380964088,test
train_181991,train
train_3953723136,train
train_2157965387,train
train_62874461,val
train_3223254662,train
train_3210597218,val
train_3806219610,val
train_1164439652,test
train_2930414767,train
train_2740619290,train
train_2717736891,train
train_2758798565,train
train_3184008634,train
train_2627003425,train
train_1745237556,val
train_272024471,train
train_1796048911,train
train_2168425139,train
train_3364519909,train
train_4124230981,train
train_2873715986,train
train_2421402534,test
train_1627968969,train
train_4167024709,train
train_1547440356,train
train_2725648837,train
train_3588808805,test
train_1454999748,train
train_154711965,test
train_1106680837,train
train_4257050043,train
train_203187071,train
train_3334586040,train
train_1072935172,val
train_4203645307,train
train_2080831227,test
train_3637239268,train
train_159443775,val
train_1067685390,val
train_3348154333,train
train_2673610305,train
train_775438536,train
train_428511371,val
train_1110269650,val
train_2572295410,test
train_3611189797,train
train_3924125565,train
train_2745375477,train
train_1513404164,train
train_3760264656,train
train_1033737415,train
train_4180083832,train
train_2783841899,test
train_3210265617,test
train_3101202238,train
train_1663710022,train
train_3477260605,test
train_225773332,test
train_376676139,train
train_1803576655,train
train_2011498259,test
train_2653559230,test
train_2091800845,val
train_1217724113,train
train_2587152820,train
train_2145458289,test
train_973164729,train
train_207366966,train
train_4059137774,train
train_2285166249,test
train_556227538,train
train_1468848331,train
train_2817413654,test
train_4204629846,train
train_1524079053,train
train_2819519089,train
train_1383969166,train
train_3010388422,test
train_3898971992,test
train_3876493226,train
train_2835899194,train
train_1061971796,val
train_831584048,test
train_4098129555,test
train_702081798,train
train_3649640133,test
train_1850210509,train
train_3653987071,train
train_1767090565,val
train_131255814,train
train_1482989726,train
train_3100080731,train
train_3685857758,train
train_3811737904,train
train_3875578554,train
train_4240500058,train
train_1971526036,test
train_2592312738,train
train_1913625791,train
train_3704802705,val
train_1918393435,train
train_3779691702,train
train_4007221591,test
train_2276496409,train
train_3132359252,train
train_223427393,train
train_2897838205,test
train_2736244448,train
train_2669010449,train
train_2708611080,train
train_1465050953,val
train_1582185086,train
train_2240426998,train
train_2979689322,test
train_3821068890,train
train_1300201257,val
train_318679590,train
train_251723466,train
train_91615746,val
train_1559645652,train
train_3002498207,train
train_3828410672,val
train_544350031,train
train_1587584120,train
train_2395100372,train
train_4092280502,val
train_1630562886,train
train_1953030795,test
train_3110357017,val
train_941904187,train
train_1992738997,train
train_2335587699,train
train_3793314742,train
train_3643159741,train
train_3203657600,train
train_888196746,train
train_3784485390,train
train_2654682772,train
train_3134307194,test
train_1109194300,test
train_3097486014,train
train_1570658389,train
train_3194263059,train
train_136737936,train
train_2057764463,train
train_1807675841,train
train_2744600751,train
train_2258929039,train
train_3077614471,train
train_656725242,train
train_4051302403,train
train_2755240465,train
train_267639888,train
train_3000582750,test
train_614322279,train
train_3444084506,train
train_1993814262,train
train_105936661,train
train_2425562514,train
train_2640092455,train
train_2152347872,train
train_4186482390,train
train_1122170409,train
train_373063452,train
train_2124123795,train
train_2923267525,train
train_2471418792,train
train_402254518,test
train_3842913836,train
train_3679109969,test
train_4238545699,train
train_2160269935,train
train_2407632935,train
train_96512604,train
train_4080723045,val
train_2389905369,train
train_1061380742,test
train_3275683969,train
train_2354275802,train
train_1062319502,test
train_292502392,train
train_2365334214,test
train_785575652,train
train_1022683359,test
train_3420489602,test
train_411040345,train
train_2169696697,train
train_3057844057,train
train_1715031956,train
train_3549847716,val
train_2859820744,train
train_3736379506,train
train_512268036,train
train_405425916,train
train_1429863508,train
train_3396673644,train
train_2928592022,train
train_800212032,val
train_2258347727,train
train_544284635,train
train_2843229105,val
train_3614277908,test
train_2314550234,val
train_1200008468,train
train_83638257,train
train_470754384,train
train_2704257905,train
train_1928714217,train
train_582875759,train
train_2807856480,train
train_730687782,test
train_2919271810,train
train_2986744102,train
train_1738229430,train
train_4045348921,train
train_1636116034,train
train_3732825004,test
train_3049041829,train
train_1132337753,train
train_171291461,train
train_2500437271,train
train_1141045449,train
train_795075756,train
train_511423035,train
train_866258068,train
train_3337705286,train
train_1485473770,test
train_1816248006,train
train_1017546839,train
train_2267332177,test
train_4068639653,train
train_2548384301,train
train_3562756742,train
train_19638486,test
train_3066612360,train
train_3198137791,train
train_924401858,train
train_1273401808,train
train_1924360514,train
train_1801872723,train
train_2770358582,train
train_1126406905,train
train_2150155499,test
train_3342154629,train
train_4192230341,train
train_1839865958,train
train_2167984160,train
train_1687393782,train
train_3936560112,train
train_1972161831,test
train_2125530682,val
train_1705875956,test
train_3223500988,train
train_2680574617,train
train_425995140,test
train_3131026990,val
train_1563438310,train
train_898656837,train
train_919282308,test
train_282632898,train
train_2276872896,test
train_646954542,val
train_1686967210,train
train_2222564184,train
train_1302955135,train
train_1811366176,train
train_1904802157,train
train_3510723472,train
train_1681180677,train
train_873333965,test
train_3316636979,train
train_218062192,val
train_545879371,train
train_465253690,train
train_1381270740,train
train_2290895189,train
train_2890509996,train
train_58141553,train
train_4055505905,train
train_2849764728,val
train_3304208423,train
train_2485234145,train
train_729450893,test
train_2184537787,train
train_711567932,train
train_144807267,train
train_4037417874,train
train_3389857565,train
train_276860844,train
train_1180965378,test
train_1786875635,train
train_242162225,train
train_3717130264,test
train_147530554,test
train_3448987570,test
train_1998620923,val
train_1931867146,train
train_32003675,train
train_1702248285,train
train_799997911,train
train_2866477735,train
train_2433809488,test
train_1610606952,val
train_2668105624,test
train_2662585468,train
train_2292167266,test
train_112417399,test
train_2032985524,train
train_4160092009,val
train_2276116941,val
train_556565920,train
train_700948290,train
train_2760031252,train
train_3025012774,train
train_1437934855,train
train_1617929803,train
train_4193356667,val
train_3281714792,train
train_3746903356,train
train_1532945444,train
train_3640082820,test
train_4106343822,train
train_1954585914,train
train_2437293213,test
train_916051342,test
train_2404168117,test
train_336945086,test
train_4263936166,train
train_1483818866,train
train_1419137723,train
train_908819127,train
train_3646030103,train
train_2792595469,train
train_2281048841,val
train_912180837,test
train_611477177,train
train_434574154,test
train_3338936956,train
train_3949902158,train
train_1747702871,train
train_2390025923,train
train_2493991762,test
train_737438164,test
train_1417677050,train
train_2712600415,train
train_2395566225,test
train_1404180307,test
train_806743261,train
train_941338356,val
train_2234857938,train
train_3854976096,test
train_2952366147,test
train_869196949,train
train_2070588658,train
train_1827810751,train
train_3004357454,train
train_413507128,train
train_4012272670,test
train_1101178127,train
train_1994752105,test
train_932746377,test
train_3815949790,train
train_1106235122,train
train_898315864,test
train_419414695,test
train_2127692175,test
train_3033169689,train
train_3344548852,train
train_558533866,train
train_3916187972,test
train_3615646826,train
train_1712739855,train
train_3027897084,test
train_2384482535,test
train_2580072885,train
train_1854681439,train
train_274127789,train
train_2317273629,train
train_1750723831,train
train_916590896,train
train_575645978,test
train_2444838618,train
train_2781306332,train
train_38652035,test
train_4222078656,train
train_861855769,train
train_1598886877,train
train_409083230,train
train_1878157145,train
train_2540759500,train
train_3331058393,train
train_45716986,train
train_497381227,train
train_1011279365,test
train_3633180077,train
train_2158939384,test
train_3911929308,train
train_360320389,train
train_2578250429,train
train_1405319953,train
train_1322798701,train
train_2104830592,test
train_1599340131,val
train_3104055495,train
train_293472293,train
train_1343504071,train
train_865601337,train
train_990754815,train
train_876524111,test
train_1458220633,test
train_1150389885,train
train_2972780266,train
train_1117863674,train
train_2667184724,train
train_1741855988,train
train_2360098088,train
train_917078667,test
train_2398541629,val
train_3415250287,train
train_3951966075,train
train_620570788,train
train_1612558328,train
train_3833546815,train
train_2718560050,train
train_3953206267,train
train_1465256167,train
train_1775186692,train
train_1659241039,train
train_3145876976,train
train_1778288070,train
train_2149785650,test
train_1485785241,test
train_1947799228,train
train_248143217,train
train_3238458885,test
train_1453300801,train
train_2854959260,train
train_298012162,train
train_1598031967,train
train_392424058,train
train_2839307977,train
train_4159916714,test
train_2620538863,train
train_1070848474,train
train_4031253781,train
train_4004559257,val
train_1468096058,train
train_3032098976,train
train_3446259781,test
train_3888937445,train
train_3576001540,train
train_118604281,train
train_1157582002,train
train_2792700756,train
train_1096237877,test
train_2808057581,train
train_3518681374,train
train_2485033682,train
train_3661679277,train
train_539529281,train
train_2506199191,test
train_3162616317,train
train_1932416448,train
train_1223166982,train
train_3446830684,train
train_2656540955,val
train_1678940322,test
train_585572837,train
train_3265336025,train
train_1091333830,train
train_359647843,val
train_1124065396,test
train_2087022442,train
train_3618715625,train
train_3501179709,train
train_693336917,train
train_24771716,train
train_2317280501,train
train_2172730290,train
train_3543724818,train
train_1500963217,val
train_3970062655,test
train_1075378392,train
train_1725760454,val
train_2969582045,val
train_4249018620,train
train_1166448375,train
train_304049170,train
train_567762578,train
train_1276466323,train
train_2226137214,test
train_3594957739,train
train_725595875,train
train_442578476,train
train_2706233602,val
train_2630177567,train
train_1481222881,train
train_2822677504,train
train_3816561153,test
train_3131551338,val
train_2509924441,val
train_4168600063,val
train_1773684019,train
train_3043114964,train
train_3389317516,train
train_2965496907,test
train_3692764203,train
train_742571280,train
train_2220625787,train
train_2239592438,val
train_1929228512,val
train_350609627,train
train_2374252707,train
train_3901270030,train
train_4120412828,train
train_303791282,train
train_1575495196,train
train_2619053385,val
train_3282795087,train
train_708708805,train
train_1449806723,train
train_3364458308,train
train_299257295,train
train_59217858,train
train_2472611088,train
train_148666676,train
train_2625628124,val
train_1650912459,train
train_658008131,train
train_2552461887,train
train_52267148,val
train_397763177,train
train_255936994,train
train_815308330,train
train_2831537301,test
train_11397669,train
train_203427216,train
train_1099236716,train
train_276788239,train
train_2113284461,train
train_298652869,val
train_1483716687,test
train_1294880187,test
train_581266520,test
train_1951564447,train
train_1285925226,val
train_2100677887,train
train_3876821105,val
train_645798578,train
train_1063291191,train
train_2750736353,val
train_1138678323,val
train_36634846,train
train_2090155252,test
train_969795691,train
train_2025450730,val
train_2260077310,train
train_1351225002,train
train_4257347475,train
train_1750956381,train
train_3336639505,train
train_1716623095,train
train_1698463128,train
train_1860103801,train
train_1669892041,val
train_1296329920,train
train_3479664039,train
train_809205359,train
train_393866642,train
train_2367677626,train
train_2884198843,train
train_2919985952,train
train_1400223274,train
train_2626324009,train
train_508118813,train
train_2261499085,val
train_1330501338,train
train_3703225673,train
train_254516431,train
train_658737175,train
train_1540220269,train
train_3135354600,train
train_1141098045,train
train_4282360533,train
train_3088241402,test
train_3570859129,train
train_2476970777,train
train_54868216,train
train_2351569321,train
train_1193964705,train
train_1594204715,train
train_3053693832,train
train_3774397879,train
train_1879518893,train
train_1060609338,train
train_2332013590,train
train_150017652,train
train_740971238,test
train_2888280158,train
train_1278735956,train
train_3207102998,train
train_636875596,train
train_2875874717,test
train_3848311538,test
train_3581239862,train
train_1879645563,train
train_2955946208,train
train_3383491465,train
train_3484399255,train
train_1761787170,train
train_3190501277,train
train_2226611800,test
train_2930559424,test
train_566914957,train
train_4203356403,val
train_1748484263,train
train_72760608,train
train_706725416,train
train_1906717643,train
train_1699149769,train
train_119904680,train
train_610451951,train
train_2114123891,train
train_939799560,train
train_125714611,train
train_1112029901,train
train_746966365,val
train_3587691985,val
train_1012811318,train
train_3511036309,val
train_4046839048,train
train_4163230421,train
train_2476325560,train
train_514015469,train
train_2793429759,train
train_2347151264,test
train_2727791599,train
train_1484111914,test
train_1150594607,train
train_189103875,train
train_1218882174,train
train_3788837736,train
train_3008308282,train
train_215768648,val
train_4127404704,train
train_3780927924,train
train_449604492,train
train_823768593,train
train_132450011,train
train_3515806455,train
train_214756532,train
train_547642400,train
train_312969872,train
train_180432291,train
train_3893979163,train
train_3627280281,train
train_2005318325,val
train_816943932,train
train_2610909420,train
train_899448838,train
train_1114445446,train
train_231456515,train
train_1065812887,train
train_441026089,val
train_2542900656,train
train_3533911754,test
train_3920151351,test
train_3459472836,train
train_1525772974,val
train_3739361507,train
train_1667294108,test
train_670621817,train
train_429513478,test
train_3572200378,test
train_306951335,train
train_3968066541,train
train_2277308546,train
train_3611776824,val
train_2868533976,train
train_3642628279,train
train_1631182732,test
train_2332682893,val
train_2038797703,train
train_1756375628,test
train_3952496757,train
train_3308093402,train
train_4242088689,train
train_4030248161,train
train_2170045235,train
train_369280305,train
train_1575527012,train
train_681436645,train
train_1537507026,test
train_1256203127,train
train_2214372647,train
train_3375911809,train
train_4114973538,train
train_1741005475,train
train_329327703,test
train_14173576,train
train_31568771,test
train_3976033436,train
train_3205703863,test
train_485351365,test
train_1321964129,train
train_1529813716,train
train_2245561979,train
train_671710624,train
train_160036343,train
train_4123066223,train
train_844019367,train
train_2812155420,train
train_24334228,train
train_46451365,train
train_2595552495,train
train_3938220718,train
train_1285184014,train
train_3700588953,train
train_1190154842,test
train_4008906760,train
train_3590258157,train
train_2248585323,test
train_1328040507,test
train_4228184985,train
train_2992222925,train
train_892689296,train
train_3676552827,train
train_1536577246,test
train_839534994,val
train_1454205206,train
train_3765290959,train
train_1264287566,val
train_3504275568,train
train_593805901,train
train_880787978,train
train_2252257598,train
train_3910123966,train
train_2763391564,test
train_3320594856,train
train_158404816,test
train_3283828139,train
train_3220223860,train
train_4211662497,train
train_4147027520,train
train_1998567246,test
train_384628346,train
train_2150505231,train
train_1281638282,train
train_1922585082,test
train_1703503162,train
train_180751856,train
train_2551176531,train
train_107208234,train
train_467491196,train
train_1767227409,train
train_2262155891,train
train_2278313361,train
train_3524927250,train
train_36379996,train
train_1979640187,test
train_282284170,test
train_4019446753,train
train_1944956984,train
train_595049990,train
train_1364655400,train
train_2244108080,test
train_510297287,train
train_2804492606,train
train_410139200,train
train_484376742,train
train_844244029,train
train_1600866609,test
train_1322039146,train
train_780470744,train
train_2403274421,train
train_435183187,train
train_3099389733,train
train_880571983,train
train_3623979737,train
train_416580805,test
train_2110230474,train
train_3454520090,test
train_2898132871,train
train_3684046225,train
train_2873261465,test
train_669934106,test
train_114108818,val
train_4013401255,train
train_2677343079,val
train_3726160644,train
train_2920637448,train
train_3519675344,val
train_3919541698,train
train_1982298792,train
train_1226243102,train
train_4216445105,train
train_3320213786,train
train_1948215623,train
train_91075494,test
train_1802867120,train
train_803633763,train
train_3035083001,train
train_142596930,test
train_1570827963,train
train_1556367368,train
train_1583496393,train
train_3030237144,train
train_283517731,train
train_2579931787,test
train_154191050,test
train_401927520,test
train_3234392334,train
train_967133822,val
train_3876767398,test
train_1587557921,test
train_167665788,train
train_1063102623,train
train_3847201759,val
train_2356408307,train
train_2662076925,train
train_4090365023,train
train_3149648177,train
train_2348197741,train
train_788443569,train
train_4050109829,test
train_4194696608,train
train_1105860235,train
train_2604128145,train
train_3354409610,train
train_3130040229,train
train_212103013,test
train_3169003155,train
train_3550558459,train
train_866105107,train
train_443781450,test
train_1116356422,train
train_2720921085,test
train_3133415900,train
train_2606126135,train
train_1766023134,train
train_108484562,train
train_3439841148,train
train_4231731058,train
train_2482736743,train
train_1926543178,test
train_1993914755,train
train_19822570,train
train_4255144275,test
train_2308562842,test
train_803686465,train
train_3537076606,train
train_1376374920,train
train_4072060869,train
train_1210236485,val
train_4029724154,train
train_3070197652,train
train_2454959252,train
train_4145306416,val
train_1286688662,train
train_88610624,test
train_4255662092,train
train_3256928962,train
train_3678475699,train
train_2756143895,train
train_6477270,train
train_746683280,test
train_917859494,val
train_4112720263,train
train_3005965446,train
train_632519233,train
train_2392800183,train
train_1684227618,val
train_2967141176,val
train_3132674429,val
train_857272062,train
train_3540642385,train
train_1086556167,train
train_3762780163,val
train_1485211648,train
train_1544093916,train
train_962879780,train
train_1628965404,train
train_789143879,train
train_1672096940,train
train_2010316654,test
train_2844405713,test
train_3018651691,train
train_1579197300,val
train_3969109024,train
train_1384341872,test
train_3797377546,test
train_3276274780,train
train_1903217426,train
train_3519165505,test
train_1233824753,test
train_1845919265,train
train_1483966988,train
train_1337508290,train
train_3696570953,train
train_2533634158,train
train_3787933797,train
train_3413494736,train
train_181310095,train
train_1130347736,train
train_2351076133,train
train_1002311244,train
train_2612717252,train
train_1230221779,train
train_97455688,train
train_3371218540,test
train_3139886906,test
train_3957838228,train
train_3626316894,train
train_692598438,train
train_1019025556,train
train_115949691,train
train_3842961736,train
train_3609831846,train
train_2814579058,val
train_824349275,test
train_3729309389,train
train_2804457996,train
train_659277509,train
train_3942687377,train
train_424680584,test
train_4134791553,train
train_1429661555,train
train_1613699327,test
train_2462114234,train
train_2629261169,test
train_3330857259,test
train_3346806089,train
train_1903176663,test
train_783855281,test
train_3534823542,train
train_3560168845,train
train_3597977727,test
train_1959351957,test
train_4233454008,train
train_4195216267,val
train_4047571341,train
train_659873408,train
train_2582552799,train
train_3063036433,test
train_1094947882,train
train_1959314062,train
train_425367334,train
train_2184049832,train
train_1429266928,train
train_2247784747,train
train_867783334,train
train_1682783845,train
train_1420954216,train
train_870058463,test
train_3449301854,val
train_2498829540,test
train_2195624665,train
train_3907251263,val
train_2704115180,train
train_3347356684,train
train_2286676284,val
train_3471026967,train
train_2591684002,test
train_2222571337,val
train_3572772119,test
train_4188992869,train
train_3271302289,train
train_1826784501,train
train_2021586067,train
train_4108404640,test
train_1689784663,test
train_1081411368,train
train_1126987942,train
train_3893440750,train
train_1093904251,train
train_3693266909,train
train_2003394691,train
train_1021779782,train
train_2975744701,test
train_2839615860,train
train_190366203,test
train_3276090993,train
train_696656468,train
train_888467946,train
train_2202858293,train
train_2791903723,test
train_1928933359,train
train_2065220406,test
train_1710200794,train
train_1316267241,train
train_3122328353,train
train_1116835043,val
train_1399110808,train
train_3155443042,train
train_2132597629,test
train_1318358270,test
train_1076928510,train
train_3174681704,train
train_2116534087,train
train_2826884178,train
train_963384328,train
train_506533947,train
train_264921119,train
train_710912300,train
train_2659922285,train
train_3501921844,train
train_1372157391,train
train_802037943,test
train_3995157301,train
train_461408825,test
train_1995851245,train
train_2662934340,train
train_816089570,train
train_2251347124,val
train_3409969405,train
train_2572969229,test
train_2034817555,train
train_1625304047,train
train_2245318654,train
train_1802018269,train
train_832449648,val
train_3932281075,train
train_413953831,train
train_3744525479,test
train_1937208947,train
train_3764186280,train
train_3319288885,test
train_2929741025,train
train_3861016492,train
train_1100138097,train
train_2653319241,val
train_2456675462,test
train_4043353237,train
train_4136232202,train
train_1289442546,train
train_4284809383,train
train_1880425935,train
train_817895823,train
train_829356467,train
train_1022045105,test
train_3782151306,train
train_4063340235,val
train_4238233797,train
train_3411722157,val
train_3060751144,val
train_4239814829,train
train_1686054869,train
train_4211204467,train
train_3654109964,train
train_1586149811,test
train_1374886854,val
train_2644296213,train
train_1095673501,train
train_4260948423,test
train_4208154496,test
train_1219236766,train
train_2578515038,train
train_1042915746,val
train_580503143,train
train_1622161379,train
train_925373,test
train_4038848623,train
train_869563964,train
train_3271035978,test
train_1838578403,test
train_1284480482,test
train_3880008918,train
train_2231739700,test
train_113092486,train
train_2936328087,test
train_2174949039,val
train_1912425628,test
train_1898542720,train
train_870529095,test
train_1669186302,val
train_1612108056,test
train_3021054782,test
train_2743518703,train
train_1154051157,test
train_1523570613,train
train_965327728,train
train_1758048950,train
train_3587163494,train
train_2673730155,train
train_2915833717,train
train_1562331545,train
train_742416142,test
train_4288037798,train
train_2351628006,train
train_3133076373,train
train_1624565969,val
train_4142648892,test
train_3392319560,train
train_242866215,test
train_3576889998,train
train_3345596804,test
train_1581763045,val
train_2481640259,train
train_3056056584,train
train_1202812545,train
train_2105221382,train
train_1825646476,test
train_1541805444,train
train_2713364875,train
train_2165378817,train
train_667386390,train
train_983033938,train
train_1298353567,train
train_2875985236,test
train_2332393068,train
train_160575334,test
train_4156393,train
train_3067312339,val
train_3779787794,train
train_1854476604,train
train_3085665337,train
train_4242307649,train
train_3535916638,train
train_101673196,train
train_943908272,train
train_1277908852,train
train_2535263488,val
train_945943217,train
train_3977598551,train
train_302473089,train
train_38178038,test
train_2375345653,test
train_3360957046,val
train_4178955354,train
train_449008842,test
train_1881767835,train
train_3026172639,val
train_3558000390,test
train_2974786071,train
train_2178865199,test
train_1348221180,train
train_3717579619,train
train_1191066367,train
train_2117168413,train
train_439295211,test
train_4041019012,test
train_837203441,train
train_3542656590,train
train_3295695684,train
train_4236734336,train
train_3075753359,train
train_1434410349,train
train_3027661572,test
train_1668496407,test
train_57689090,train
train_1602306680,train
train_2565713223,train
train_3700206806,train
train_1608369192,train
train_2710677929,test
train_2825880230,train
train_2406838817,test
train_1448482953,train
train_3723010701,test
train_3571707814,test
train_3219470891,test
train_1622355588,val
train_2131672172,test
train_1661625102,train
train_3769657312,test
train_3846562040,train
train_1507351506,train
train_904817652,val
train_177380138,train
train_3418633113,test
train_3010328356,train
train_2262085409,train
train_2110934977,train
train_2490812443,train
train_3252668787,train
train_3310008690,train
train_2821068408,train
train_888082882,test
train_3923391553,train
train_219790592,train
train_3530172603,train
train_38178007,train
train_2620808777,val
train_49720940,test
train_2089141941,val
train_3742125479,train
train_4215038777,train
train_4076652844,train
train_2383209978,train
train_2672600920,train
train_986698699,train
train_1097683872,val
train_2785257641,train
train_938692188,train
train_1759206121,test
train_414786612,train
train_3158384122,train
train_728997417,train
train_3006852602,train
train_1198073331,test
train_2066772608,train
train_3363222036,test
train_3689568066,train
train_1129211243,train
train_1308692960,test
train_2082117453,test
train_3251550661,train
train_519464310,train
train_3672833358,train
train_1880923227,train
train_2946335396,val
train_3841033953,train
train_4208761047,train
train_1027563696,train
train_3768419201,train
train_2254345921,train
train_1373223398,train
train_2786035082,train
train_2855048792,train
train_2331134732,test
train_648082460,train
train_1473880602,test
train_1949045793,train
train_703796605,train
train_1724090821,train
train_1081178163,test
train_895371434,test
train_3106079662,train
train_3240884969,train
train_3518624125,val
train_1498708307,val
train_2579952477,train
train_949266230,test
train_1894152500,train
train_3185892701,train
train_1941347778,test
train_4119166533,train
train_811718021,train
train_170097220,train
train_2878439594,test
train_2695036247,train
train_2394878789,train
train_2852297366,test
train_2029861382,test
train_825945749,train
train_1178465275,train
train_1428748176,train
train_3951278860,test
train_1447215678,test
train_864997457,train
train_866703063,train
train_1726050648,test
train_4272424667,train
train_3412820345,test
train_1942366143,train
train_3911426653,train
train_2674976723,train
train_2017316320,train
train_3194360910,test
train_3414293340,train
train_1030574341,train
train_2791074750,train
train_3141990319,train
train_654935368,train
train_3924785649,train
train_2166965795,train
train_798090452,train
train_562319828,test
train_1164008486,val
train_3149561716,train
train_1777864285,test
train_1362766033,test
train_251243726,train
train_2059585424,test
train_2589489734,train
train_2837736147,train
train_1578598321,test
train_182522005,train
train_3858848212,train
train_2229717378,train
train_3242652297,train
train_703684233,train
train_2306952975,test
train_1491635047,val
train_3829439834,train
train_177737816,train
train_3099122287,train
train_399077978,train
train_2914463278,train
train_2081184248,val
train_3225495514,train
train_2158216795,train
train_3629640293,train
train_2665716593,train
train_4108241501,train
train_3550136605,train
train_846409759,val
train_1301127539,train
train_838763941,train
train_3493822640,train
train_4231842229,train
train_545361951,train
train_3956825671,train
train_421632176,test
train_4212460326,test
train_4207688071,val
train_2035461799,test
train_3017976141,train
train_3902913087,train
train_479440689,train
train_127086629,train
train_3814876036,train
train_2144815621,val
train_3673727120,test
train_1956533620,val
train_2304332477,train
train_144478963,train
train_280284681,test
train_2934048903,val
train_2592209945,train
train_130973987,train
train_1096240097,train
train_1799713564,val
train_3838128535,train
train_4078504863,train
train_3061841462,train
train_485738578,train
train_700720664,train
train_2991869955,val
train_3827879009,train
train_3824397049,test
train_1929762945,train
train_4103350755,train
train_2730672290,train
train_3377865718,train
train_3505080951,train
train_1899293759,test
train_117353670,train
train_33373513,train
train_3567036667,train
train_3139218180,train
train_3540335981,train
train_505006999,test
train_3127415778,train
train_757098537,train
train_3284124770,train
train_1819066328,test
train_1785659805,train
train_384871460,train
train_57158484,train
train_1318281105,train
train_1209102011,train
train_2264749547,train
train_3702845290,train
train_1587365887,train
train_764554455,train
train_1528560216,val
train_1666253824,train
train_1344984885,train
train_804851985,train
train_2347650205,train
train_4263836867,test
train_1992022102,test
train_3574467635,train
train_1438365462,val
train_3904838612,train
train_2912800284,val
train_3411725962,train
train_1812549039,train
train_42352080,train
train_1250769128,test
train_2166631929,train
train_3247286141,train
train_1787733403,train
train_431413061,train
train_3018190532,train
train_1398726408,train
train_1352413166,train
train_4153355828,test
train_1116877440,train
train_1580221942,test
train_30050031,val
train_99369514,train
train_1752955982,train
train_3284990257,train
train_3867166155,train
train_2076475439,val
train_795128312,train
train_417131045,train
train_2104713941,train
train_1571120516,val
train_2959620192,test
train_46242622,train
train_2736167015,train
train_203722227,train
train_2135777728,train
train_1826971005,train
train_514343951,train
train_2922371499,train
train_1704500585,train
train_516309314,test
train_112182868,train
train_1957497688,train
train_3219501640,train
train_4243211897,train
train_3866048168,train
train_1196265464,test
train_3497651571,train
train_3885540328,test
train_3287372061,train
train_1703957667,train
train_2627074600,test
train_2944131255,test
train_1198143589,train
train_2718842453,train
train_3425409472,val
train_4126795087,val
train_790250779,train
train_1055719709,train
train_1332591255,train
train_881908267,train
train_685397516,train
train_413144842,train
train_2495723775,test
train_1635977904,train
train_2728869524,train
train_3245824071,train
train_2004183624,train
train_3901509826,test
train_1525395263,train
train_3353232992,train
train_4109684247,test
train_3882757292,train
train_3091622605,train
train_3195108484,train
train_3487491907,train
train_2632690275,test
train_2912938712,test
train_1325465320,train
train_3692863050,train
train_848219123,train
train_2124249792,train
train_2349231595,train
train_3192095594,train
train_823370135,val
train_3852005057,train
train_1878631246,train
train_2305649079,train
train_2933898298,val
train_1386924849,val
train_3004354374,train
train_3429089187,train
train_3163712279,train
train_518321497,test
train_596808412,val
train_3659639093,train
train_1568112720,test
train_3286790274,train
train_2741111256,train
train_1592145530,train
train_1787335051,test
train_1651805423,train
train_3848638669,train
train_1108538009,train
train_3607893237,train
train_2226794945,train
train_1770743072,train
train_51538416,train
train_2926628440,test
train_663727770,train
train_124615880,train
train_2480428289,test
train_3905004374,train
train_66676000,train
train_3303352527,train
train_773731889,val
train_2186458747,val
train_847148006,train
train_1647138854,test
train_538986069,train
train_1222778200,train
train_214967056,test
train_3790514631,train
train_3472398988,train
train_2895779112,train
train_170749041,train
train_1775701784,train
train_2023365162,train
train_2259111551,train
train_4129819290,train
train_866113781,train
train_3182433253,train
train_1840558619,train
train_1414871231,train
train_3182204413,train
train_1551970600,train
train_3157542754,train
train_2418467650,train
train_2171752984,train
train_2830260235,train
train_547227486,train
train_422035411,train
train_2244662893,val
train_1802885105,val
train_1963734136,val
train_1963963674,train
train_2268416673,train
train_1100400880,train
train_764314579,test
train_3758351997,train
train_1994569548,train
train_1948494604,val
train_1235682199,val
train_1520793312,train
train_1492341234,train
train_2429598066,test
train_2835473551,train
train_3499107485,train
train_4103222078,train
train_2007463470,test
train_3264535764,train
train_120468490,train
train_3116774411,test
train_3028595304,train
train_1792328357,test
train_1547836068,test
train_1215090723,train
train_313149015,train
train_3215456540,train
train_2545348563,train
train_1716003990,val
train_2106174478,test
train_1261127310,train
train_2743870047,train
train_1001474240,test
train_4022240019,val
train_3348651813,train
train_3022066759,test
train_1187952566,train
train_540806590,val
train_2524893500,train
train_3838771603,val
train_1053885508,train
train_505153826,val
train_2914784033,train
train_1481141191,train
train_1486081314,train
train_4025871909,train
train_4075718935,train
train_1276238734,train
train_923327294,train
train_1772160369,train
train_2952592835,train
train_4070824351,train
train_379096473,test
train_2351112923,train
train_1398200718,test
train_2604620464,val
train_3651175575,train
train_1016344547,train
train_3255274783,test
train_471237989,train
train_75069369,train
train_751864305,train
train_2303732675,train
train_3713215240,train
train_1638967587,test
train_2563614622,train
train_1893838090,train
train_2866888585,test
train_524574047,test
train_1460066202,test
train_2517594122,train
train_2380168704,train
train_1623957727,train
train_1232474237,test
train_2412102697,val
train_4180393892,train
train_1670278785,train
train_2844580830,train
train_2406684937,train
train_3240702157,train
train_1664930098,train
train_3803630959,train
train_492429994,train
train_1705309223,train
train_1842676210,test
train_2732581260,train
train_211837063,val
train_2304073694,test
train_4066808376,val
train_219281992,train
train_1735337031,val
train_2192091656,val
train_1207615059,train
train_4248917014,val
train_3612081826,train
train_2440539198,train
train_4021735877,val
train_1864265939,test
train_2375851831,test
train_3082134368,train
train_204409701,val
train_2007589227,train
train_501003310,test
train_1953312956,train
train_2204143621,test
train_2212022473,train
train_1889092195,train
train_1425307222,test
train_1121681496,test
train_4248402910,test
train_2083102907,val
train_4100655307,test
train_3133898893,train
train_3281898016,val
train_550609755,train
train_2328642577,train
train_251460472,test
train_3154987767,train
train_2666290091,train
train_686441719,test
train_3533045900,test
train_4248334667,test
train_3935813497,test
train_3074106255,train
train_962774679,train
train_136259589,train
train_1674761312,test
train_420958567,train
train_792739667,val
train_3438817817,train
train_4112908301,val
train_170231210,train
train_1225835947,train
train_3517191754,train
train_322033180,train
train_815207661,train
train_1520895906,train
train_143480586,train
train_4098337165,train
train_423864299,train
train_93388855,test
train_290254101,train
train_2712719311,train
train_1137777460,train
train_1622896507,train
train_3021108589,val
train_376125532,train
train_134530295,test
train_3730694224,train
train_1833461349,train
train_1247906784,val
train_1390347203,train
train_2361805109,train
train_561270432,train
train_1477692249,test
train_295807800,train
train_2878212045,train
train_525102237,train
train_1810235592,train
train_87938578,train
train_2946175115,test
train_2940003193,train
train_3958045587,train
train_2834821897,train
train_745484010,train
train_1939903438,train
train_975217944,test
train_3173616792,train
train_3896520927,train
train_2321284432,train
train_2784862011,val
train_682239544,train
train_3616451680,train
train_1804357436,train
train_3436898021,train
train_3699587972,train
train_924294319,train
train_3150409291,train
train_3351458915,train
train_2520247550,test
train_1232170999,train
train_1247031178,train
train_4102780242,train
train_1960967806,train
train_3703230392,train
train_1790872447,train
train_1557532432,train
train_519564161,train
train_4018291087,train
train_1053314901,test
train_1180059003,train
train_1842280217,train
train_2005139950,test
train_1531383583,train
train_697383278,train
train_1363100686,train
train_1129868528,train
train_2431959990,train
train_404098311,train
train_1582547493,train
train_1898672120,train
train_3502747966,train
train_3984755557,train
train_1320820202,train
train_651524333,train
train_2767788133,test
train_2624418699,val
train_1398381924,train
train_18617839,train
train_497353894,train
train_1024987757,train
train_2577029445,train
train_1065523597,train
train_1783806612,train
train_349155383,train
train_2620068588,train
train_2590836406,train
train_2315091655,test
train_2469086467,train
train_266099199,train
train_3123142715,train
train_4213761959,val
train_1537027956,test
train_1431505272,train
train_1195034587,train
train_1331076542,train
train_714150854,train
train_371350730,val
train_245048233,train
train_1127161534,train
train_233824289,train
train_279666444,train
train_1855953730,train
train_962619545,train
train_1301066782,train
train_1437647096,train
train_1528086774,train
train_2017925686,train
train_2690645278,train
train_1488209918,train
train_3060592553,train
train_1987200011,train
train_3162792633,train
train_795795389,train
train_1305379599,train
train_3926958939,train
train_1703372039,train
train_3279550100,train
train_2314688985,train
train_3864746358,train
train_861961716,train
train_4221982820,train
train_3351945165,val
train_3081881185,train
train_2407602618,train
train_89788474,train
train_2984182598,test
train_1140104874,train
train_2843888936,train
train_2260721042,train
train_3766853345,train
train_574720564,val
train_956009037,train
train_2581554989,train
train_2727670998,val
train_221556204,train
train_188164388,train
train_3281040022,train
train_2069954713,train
train_2833136391,train
train_4063409014,train
train_3801485637,test
train_1311414656,train
train_4177490186,train
train_3240183012,train
train_806703471,train
train_2767483557,train
train_548093948,train
train_872266635,train
train_3337000958,test
train_1988885725,train
train_2705589336,train
train_2840010156,train
train_2438146037,train
train_2566001993,train
train_3177453990,train
train_4026578300,train
train_1070380494,train
train_579731665,test
train_3705197290,train
train_401099421,train
train_4037974138,train
train_2321889874,test
train_1858504256,train
train_3121063768,train
train_1641263976,train
train_3296494606,train
train_862852253,val
train_2275332890,test
train_579957784,test
train_1805532273,test
train_453434123,test
train_4151188244,val
train_3738631799,test
train_2920251927,train
train_4112373659,train
train_735218666,train
train_377814503,train
train_2079568096,train
train_1070789644,train
train_2051967800,test
train_3349791994,train
train_3436860342,train
train_3754401506,train
train_2918683619,test
train_3831362376,train
train_813706733,train
train_3943315801,val
train_2822476848,val
train_2415509626,train
train_2655946366,train
train_616665200,train
train_259196128,test
train_1977765564,train
train_3198756821,test
train_3074398993,train
train_3296417563,train
train_2176949584,train
train_3668806308,train
train_2287008377,val
train_1405089202,train
train_992088844,test
train_2876777099,train
train_1896175606,train
train_119714892,test
train_3445757395,val
train_3480437118,val
train_945815402,train
train_4028265689,train
train_769054909,train
train_614977732,train
train_3630949769,train
train_1792180725,train
