posting_id,fold
train_129225211,B
train_2288590299,B
train_2406599165,A
train_2464356923,B
train_1802986387,A
train_1806152124,A
train_86570404,A
train_831680791,B
train_1598329973,B
train_2496690777,A
train_2771755203,A
train_998568945,B
train_4287573913,A
train_4196427721,B
train_3054371232,A
train_2985955659,A
train_999391364,A
train_2238403912,B
train_1180155871,B
train_249329869,B
train_2905529497,A
train_1617041019,A
train_2410183091,B
train_1461445798,B
train_1449570166,B
train_2720300071,A
train_3906985249,A
train_4193869534,B
train_2966264418,B
train_961019399,B
train_3350934785,B
train_476982317,B
train_1243594898,A
train_2679824623,B
train_1164271328,A
train_3497907844,A
train_363659042,A
train_3453637142,B
train_2281183509,A
train_615566263,A
train_2231906914,A
train_1734882388,B
train_3286978516,B
train_1612784649,B
train_2510999729,A
train_2010199669,B
train_2828504439,B
train_149323111,B
train_2666382378,B
train_3043787667,B
train_2437872381,B
train_472067494,A
train_2962272674,A
train_2051205225,B
train_2695183959,A
train_2806016221,A
train_1648139967,A
train_4227549842,B
train_4175229751,A
train_2905859802,B
train_711483468,A
train_1733811555,A
train_1400779757,A
train_3296206419,A
train_2642949637,B
train_3249862091,A
train_1368113489,B
train_1889514443,A
train_2871716249,A
train_3879247647,B
train_2930186018,A
train_2856183961,B
train_1420726013,B
train_3377123715,B
train_277615634,B
train_1648915230,B
train_2500339995,B
train_3977286900,B
train_1641797816,B
train_3582623500,B
train_3476473016,B
train_3706564646,A
train_3139371939,B
train_1015862061,A
train_2785578899,B
train_37143550,A
train_1337984987,A
train_3427012881,B
train_3542367375,A
train_747128673,A
train_3309817101,B
train_4126022211,A
train_1124779608,A
train_1241026177,B
train_2408772693,B
train_4062659417,B
train_2453841397,B
train_2463688086,A
train_3314954320,B
train_1343380721,B
train_2602142606,B
train_826105344,A
train_1920364021,A
train_544580404,B
train_3249867868,A
train_468635764,A
train_3436013418,B
train_3546121241,A
train_4107571128,B
train_2800020956,B
train_3519742542,B
train_531698853,B
train_1576700458,A
train_1109787142,B
train_1364742229,B
train_438033632,A
train_1133752994,A
train_143110760,A
train_4027585169,B
train_3741232712,A
train_3475298842,A
train_2223082242,A
train_2502039152,A
train_4090338879,A
train_2129499368,B
train_2304925196,B
train_3926241003,A
train_1420756223,B
train_1132415767,B
train_2466966966,B
train_382090267,A
train_2926860783,A
train_2678784958,B
train_3730238611,A
train_3223029042,A
train_1360448474,A
train_3975028088,A
train_2794195507,B
train_3668574065,A
train_3575321186,A
train_105420214,A
train_2495728489,B
train_857974505,A
train_2482849092,B
train_33431845,B
train_865472864,A
train_2451015876,B
train_4279989230,A
train_3295271340,A
train_2542479432,B
train_1002628427,B
train_328898393,A
train_3570047765,B
train_92575259,A
train_3885520318,B
train_25962614,B
train_910946536,A
train_2246118465,A
train_4198221877,B
train_2819548534,B
train_2401493960,B
train_2698916323,A
train_4000911558,B
train_4231036206,B
train_3495901022,B
train_4097891374,A
train_2885845594,A
train_2328264860,B
train_2117155561,B
train_621261825,A
train_920654896,B
train_465895886,B
train_1553293204,B
train_3951567071,A
train_3320345500,A
train_1264568510,A
train_3647647135,B
train_2223127215,B
train_4035822411,A
train_2509263829,B
train_1445799213,B
train_4223940416,B
train_199884151,B
train_239626874,B
train_4129383326,A
train_1412838269,B
train_2581150275,B
train_3484834556,B
train_3614220053,A
train_925544261,A
train_3697728683,A
train_1251926547,A
train_671452520,A
train_2387729813,B
train_552274453,A
train_1628401985,A
train_3832763308,A
train_658533661,A
train_3444739286,B
train_2533970465,A
train_2079914437,A
train_4006414333,B
train_2898775248,B
train_1387018466,B
train_4122222442,A
train_3167489686,B
train_3150618432,A
train_513664170,B
train_2171725112,A
train_1691787000,A
train_1859918695,A
train_2523995871,A
train_906348618,A
train_1305582383,B
train_118271408,B
train_4206743389,A
train_1869264393,B
train_802453801,B
train_1820535872,B
train_2118217085,B
train_3400014984,A
train_3811473423,A
train_426226685,A
train_881126378,B
train_884756831,A
train_2212318809,A
train_920943143,A
train_2272350134,B
train_1426391373,A
train_461752132,A
train_2999875224,B
train_102546490,A
train_4184037897,B
train_1576071293,B
train_1696804962,B
train_578151559,B
train_2781541373,B
train_3025597522,B
train_867883750,B
train_3112943472,A
train_739988306,B
train_588233376,B
train_1871235266,B
train_3939547627,A
train_3008115222,A
train_4062202345,B
train_1694463085,A
train_2310624490,B
train_2382200595,B
train_3739820419,A
train_2143180994,B
train_2527657095,B
train_3285349337,B
train_4035617916,A
train_3086931669,B
train_1843031634,B
train_2752758778,A
train_2653358242,A
train_572091964,A
train_2531133618,B
train_2163758998,B
train_2009220381,A
train_957631616,B
train_3927974289,B
train_3369060938,A
train_749970552,B
train_3571348173,B
train_3731105045,A
train_1157521823,A
train_1674890346,A
train_3933093948,A
train_1152628663,B
train_2839644821,A
train_3769920894,B
train_2537361362,B
train_1623950308,A
train_3971466276,A
train_2948592561,B
train_3613829789,B
train_3348271056,A
train_2022015595,B
train_655743445,A
train_2831142988,A
train_648709333,B
train_4255409553,B
train_1066425671,B
train_365908796,B
train_730487603,A
train_3163022380,A
train_2524415309,A
train_3038027723,B
train_1700061467,B
train_1998114593,A
train_676167874,B
train_2670580531,B
train_3443100069,A
train_592369427,A
train_1158207395,A
train_3876401311,A
train_3687966754,B
train_2895116276,A
train_2416870749,A
train_705512967,A
train_3272798449,B
train_2343153579,B
train_2526779027,B
train_2474767634,A
train_2535681490,A
train_1733601001,B
train_2721604133,A
train_2152672329,A
train_1389161689,B
train_1520989397,A
train_4233918426,A
train_667320315,B
train_4221325765,A
train_4207368713,B
train_4020360311,A
train_628517053,B
train_3469478512,A
train_3468435425,A
train_2222807806,A
train_194434331,B
train_1190645964,A
train_1480665000,B
train_1460884664,A
train_860431876,A
train_2406723712,B
train_2869812413,A
train_1497950549,A
train_1277022694,B
train_956317790,A
train_3204397086,A
train_2800674724,A
train_449942799,A
train_1919076735,B
train_2356388016,A
train_2808879174,B
train_2330271012,A
train_3383767615,B
train_3537456892,B
train_2096420989,A
train_70946930,A
train_3450455154,B
train_1010868925,B
train_1219913591,A
train_231144319,B
train_3245791192,B
train_4282832671,B
train_650774259,A
train_768921851,B
train_698863428,B
train_2578052633,B
train_3880043277,A
train_975301531,A
train_2354107204,B
train_2762029384,A
train_3792180886,B
train_4015684144,B
train_1569111250,A
train_496484454,B
train_2415058924,A
train_685198319,A
train_2969481517,B
train_1085922914,A
train_3616034922,A
train_987497013,A
train_2267612514,B
train_1724980450,B
train_1817199743,B
train_57281679,A
train_3041799771,A
train_78020174,A
train_3106713135,B
train_412517526,A
train_3849453327,A
train_1961552292,A
train_3498057311,B
train_762108319,B
train_123319446,B
train_128455886,B
train_2604212747,A
train_2675473306,A
train_3741926471,A
train_3371902733,A
train_3932348722,A
train_3958108181,A
train_831012216,A
train_4204187863,B
train_505531890,A
train_4052401411,A
train_2595608300,B
train_3951809717,A
train_4015574543,A
train_318615224,B
train_981445195,A
train_3732415252,B
train_3761611877,B
train_759924035,B
train_184994396,A
train_2699999732,A
train_1197007619,A
train_2761157068,A
train_624826283,A
train_1329436369,A
train_1015625393,B
train_4234616449,A
train_524007547,B
train_2039814521,B
train_268233190,A
train_421227944,B
train_4208920348,B
train_2690347138,B
train_516366905,B
train_2235153780,B
train_2010729466,B
train_3273734833,A
train_2923575119,A
train_1437553518,B
train_1056897137,B
train_4192598310,A
train_1484734200,B
train_750011650,A
train_4168610580,A
train_392701199,B
train_1298786542,B
train_292541350,B
train_3375259922,A
train_2847954650,B
train_2447498886,B
train_87981461,A
train_4045506704,B
train_3560662756,B
train_2928398792,A
train_2298590259,A
train_2413283241,B
train_2128880978,B
train_2845124261,B
train_2109114219,B
train_656283523,B
train_8408167,B
train_3058896784,A
train_490235350,A
train_1095990200,B
train_2111314003,A
train_2691679221,B
train_27407468,B
train_230489388,B
train_117475510,B
train_867713168,A
train_747704194,A
train_571407393,A
train_2120095754,A
train_3603940395,A
train_3545692446,B
train_3076279108,B
train_3213152626,A
train_1044782790,B
train_682303720,B
train_3362629193,A
train_2921230551,A
train_4182402947,B
train_2236378953,B
train_2139658575,B
train_627149266,B
train_309140983,B
train_4090097043,B
train_2950515831,B
train_3172486984,B
train_3611625564,B
train_3417243344,A
train_1689011486,B
train_2374942748,A
train_888628681,B
train_2753048616,B
train_188449764,A
train_257012805,B
train_2462443684,A
train_3041097429,B
train_2368171427,A
train_3879045330,B
train_1565085476,A
train_3023095194,A
train_2435799193,A
train_3375184165,B
train_4273926577,B
train_1865495553,B
train_2777863633,A
train_3628613915,A
train_3326967361,A
train_1159951245,A
train_3479089803,A
train_2231549522,A
train_2578580679,A
train_132349606,B
train_363917850,B
train_3378458250,A
train_2773148290,A
train_2144152652,B
train_4026565030,B
train_352839557,B
train_1786645483,B
train_2158016548,A
train_620896125,B
train_1735503030,A
train_2945616595,B
train_813315979,A
train_4212943174,A
train_4025259296,A
train_1247905590,A
train_2845577239,B
train_164487488,B
train_3453428145,B
train_2290735215,A
train_1474800807,A
train_3069601563,A
train_422060732,B
train_766802109,B
train_4038180528,B
train_357163322,A
train_576940044,A
train_2821917682,A
train_4121636224,B
train_3047880719,B
train_2777669721,A
train_234261561,A
train_3292422933,B
train_175050834,A
train_143394667,B
train_2761939478,A
train_3375359724,B
train_2214980551,A
train_147296261,B
train_4220716243,B
train_975246011,B
train_291491783,A
train_3758923344,A
train_2942320000,A
train_1881305743,B
train_3463950661,A
train_1314196908,B
train_2419028145,B
train_1305850588,A
train_3084239276,B
train_3817951199,A
train_3467363801,A
train_515690967,B
train_3761345076,A
train_240499318,B
train_1616329852,A
train_3905980045,B
train_1375793402,B
train_3819825526,B
train_3998359010,B
train_107218211,B
train_3959608116,B
train_3110044930,A
train_2682015752,A
train_1114283177,A
train_710380489,A
train_4039536157,A
train_873251142,B
train_846898119,B
train_1232041720,B
train_2869779660,B
train_2242533236,A
train_1613662864,A
train_727865197,A
train_653606694,B
train_3067541613,A
train_482015545,B
train_2364679167,A
train_3551775694,B
train_3626299198,A
train_3226910378,B
train_3654344818,A
train_3363510497,A
train_3177079594,A
train_2875276457,A
train_3944518428,B
train_2669485863,B
train_3659224940,A
train_4223316428,B
train_655567001,A
train_2344122634,B
train_2691717919,B
train_1922843203,B
train_3378866976,B
train_2486804294,A
train_2027008950,A
train_845765906,A
train_2950528366,A
train_3884157725,B
train_3997218821,A
train_1555059981,B
train_1364275599,B
train_4040042572,B
train_984412308,A
train_2204264344,A
train_1955177908,B
train_2904804407,B
train_3232333966,A
train_878569709,A
train_1110212222,A
train_3821682433,B
train_462347484,B
train_964138261,B
train_2097298407,B
train_3808370752,B
train_3330762048,B
train_2853268808,A
train_1759919213,B
train_1415324675,B
train_3844172814,A
train_3409221312,B
train_3972088306,A
train_1779524587,A
train_2952359023,A
train_393331789,B
train_1782647251,B
train_4169467253,A
train_2332810073,B
train_2048327036,B
train_1198057711,A
train_3191833128,A
train_3064668012,A
train_2309760239,A
train_925751208,B
train_128219791,B
train_3809991483,B
train_1065906242,B
train_3683334435,A
train_312328234,B
train_516348229,B
train_1704004026,A
train_1506017221,B
train_2937206762,A
train_3205943724,A
train_1531715657,B
train_2569398543,A
train_3728233037,A
train_3284960524,A
train_3329475700,B
train_192154327,B
train_482224099,B
train_3728970541,A
train_3106521966,B
train_970406003,B
train_4224228898,A
train_2951287280,A
train_2721557566,B
train_899190080,A
train_951578623,B
train_335719894,B
train_3047141115,A
train_684593423,A
train_308910898,B
train_1963260960,B
train_1598904247,B
train_4220680841,A
train_2355485408,A
train_1988357862,B
train_1870943913,A
train_977275912,A
train_3123769162,A
train_2437331406,A
train_130397169,A
train_2468520375,B
train_2518407869,A
train_2340749324,A
train_3416091803,B
train_1700783149,B
train_2983952213,A
train_1506018586,A
train_1751148372,A
train_4105413854,A
train_3498648360,B
train_2049683838,B
train_3197183828,A
train_926374045,A
train_1337940039,B
train_3903462741,A
train_867916245,A
train_2259963087,A
train_329829364,A
train_1842388843,B
train_54542069,B
train_849093116,B
train_1748742424,B
train_3795884238,A
train_308261111,A
train_1982934939,A
train_2275369863,A
train_3384415537,A
train_3877179943,A
train_1468886633,B
train_3978236021,A
train_3755240481,A
train_2711071734,A
train_2789622683,A
train_168752812,A
train_4016842252,A
train_81918230,A
train_3078701030,B
train_1536582395,A
train_164017356,A
train_4143319394,A
train_3213892962,A
train_2852329335,A
train_3897645156,A
train_2901494277,B
train_2550517365,A
train_3337169019,A
train_2830326860,B
train_3165781068,B
train_2193013242,B
train_659826413,A
train_1885942200,B
train_2453549716,A
train_4279405182,A
train_3750066045,A
train_4131217175,A
train_1492680414,B
train_281159650,B
train_3881775812,A
train_2480136172,B
train_713674599,A
train_4158347835,B
train_1956927168,A
train_4113561720,A
train_3957224963,B
train_1677062624,A
train_1061124041,B
train_726482500,A
train_3254819116,B
train_3401491671,A
train_3113677997,B
train_3138157521,A
train_4083466030,B
train_4148281123,B
train_1853407110,B
train_4234911778,B
train_3596478754,B
train_3970691731,A
train_3266693272,B
train_669013179,B
train_470412641,B
train_358655082,B
train_2051712,B
train_796632900,A
train_170858993,B
train_1235595313,A
train_2868659593,B
train_4164171118,A
train_4191354071,A
train_1486183862,B
train_3674975113,B
train_3832184729,A
train_1819482703,A
train_2544662264,A
train_1871817096,A
train_2958095326,B
train_3257281169,A
train_471143471,A
train_4201274951,B
train_2186243830,B
train_1671347582,A
train_2051332827,A
train_710383402,A
train_2646476797,A
train_3200770847,A
train_804001417,B
train_2358169255,B
train_3390724334,B
train_3384957143,B
train_925385830,A
train_4293196333,A
train_3367853357,A
train_534743036,A
train_1703564987,B
train_138703766,B
train_2005782477,B
train_793210633,B
train_441443601,B
train_3885701274,B
train_2612602755,A
train_1465698090,B
train_935224973,B
train_2672659601,A
train_2346904929,B
train_3621088261,B
train_921378200,A
train_4050690437,B
train_2997146076,A
train_1405871159,A
train_198342294,B
train_149724363,A
train_900605798,A
train_2060320771,B
train_646900701,B
train_661211063,B
train_3178590765,B
train_2171090137,A
train_3815765900,B
train_881470740,A
train_176056361,A
train_3661345234,A
train_89477247,A
train_674056726,B
train_3429196131,A
train_1595076746,A
train_3717368125,A
train_247048247,A
train_3184199576,A
train_1623131595,A
train_1494497938,B
train_567230989,A
train_3089158764,B
train_4151529005,A
train_1572628043,B
train_3116514616,B
train_200286478,A
train_3125076268,A
train_1567051025,B
train_207039286,A
train_1369554380,B
train_81264779,A
train_1804564335,B
train_290863952,B
train_2743440279,A
train_376371749,B
train_857441077,B
train_2336405113,B
train_1573707842,B
train_289543654,A
train_3858410167,B
train_1356445963,B
train_376606672,B
train_4291005669,A
train_405827962,B
train_3572921871,A
train_2849942285,B
train_819865594,A
train_121852154,A
train_640096472,A
train_1694732570,A
train_243663711,A
train_3958775880,B
train_1408861554,A
train_1457505137,B
train_1805210125,B
train_1617184465,A
train_1021925363,A
train_3696129043,B
train_345570188,B
train_2300312669,B
train_2387390265,B
train_3604469303,A
train_2952168480,A
train_1345018152,B
train_1734362266,B
train_925028691,A
train_397506141,A
train_3350829217,B
train_2730803777,B
train_2968780576,B
train_3744814204,B
train_3804257462,B
train_3162954286,A
train_119925443,B
train_1341179198,A
train_3475853878,A
train_1014975470,A
train_2299256520,A
train_3712109886,A
train_382055696,A
train_3119717846,B
train_674379468,B
train_2700701405,A
train_3329855356,B
train_2636918403,A
train_3435379157,A
train_3667571888,A
train_3816117410,A
train_3637037408,B
train_4062557061,B
train_3897500214,A
train_2889017548,B
train_715195082,B
train_1080913905,B
train_2414493274,A
train_1488070502,A
train_3527257820,B
train_3300516000,A
train_746771534,B
train_329172932,A
train_2571074185,A
train_426629623,A
train_1657914761,A
train_2066591497,A
train_4126016620,A
train_626009782,A
train_122095517,A
train_631940228,B
train_1644006972,A
train_1989561782,B
train_3278430584,A
train_2359761293,A
train_2222000918,A
train_2416485675,B
train_852968753,A
train_1540773618,A
train_3816198633,A
train_605380628,A
train_98768622,A
train_743190787,A
train_695346297,B
train_3738454881,A
train_1183129992,A
train_2579160491,A
train_2522118638,B
train_2247661809,B
train_1310362972,A
train_1182761974,B
train_2332250798,B
train_3944623297,B
train_447794320,A
train_1378590534,B
train_3583953260,B
train_3572673579,B
train_1987120491,B
train_1577298912,A
train_1947590828,A
train_1733193749,A
train_4036728520,B
train_760421065,B
train_3249131016,B
train_1444635380,A
train_2671217683,B
train_1553744737,B
train_1236612304,B
train_673370992,A
train_763681626,A
train_2695910440,B
train_414765022,B
train_3560427693,A
train_2270631553,A
train_1812404169,B
train_3763048595,A
train_261253097,A
train_1462241274,A
train_1757385143,B
train_806429468,B
train_2635964418,A
train_2676801128,B
train_1175819799,A
train_181749440,B
train_3981235206,A
train_525742753,A
train_563894553,B
train_3069124064,B
train_938811174,A
train_1637112127,A
train_2655264902,A
train_1226331723,A
train_3568770156,B
train_3429694295,B
train_3310061661,B
train_1341171751,B
train_3295787991,A
train_2633847312,A
train_3806395874,A
train_388321265,B
train_3354363620,A
train_2107190828,B
train_1119365586,A
train_2598690587,B
train_1850520900,B
train_3845617089,A
train_761441824,B
train_1307561778,A
train_4127943743,A
train_3168790492,B
train_2537680374,B
train_2078646198,A
train_1873092804,B
train_2873352515,B
train_495004728,A
train_1830018286,A
train_1194956987,A
train_47782487,B
train_3493561868,A
train_4216514301,A
train_1681152756,A
train_3995406426,B
train_3919010653,B
train_2004550702,A
train_2326311185,B
train_749843707,B
train_2118904224,B
train_3851205240,B
train_4261797140,A
train_4035348093,B
train_2061207956,A
train_2792183846,A
train_3302277145,B
train_2555636949,B
train_3555552758,B
train_1221088860,A
train_236645324,B
train_2753295474,B
train_1698018535,B
train_3060689138,A
train_217454919,B
train_105078954,A
train_2472238221,A
train_4020032802,B
train_2373787807,B
train_2712572834,B
train_3562432358,A
train_2219752544,A
train_3026476366,B
train_668259691,B
train_46010276,A
train_3283221437,A
train_1415727235,B
train_3338213085,B
train_1249520679,A
train_2592226728,A
train_4151520397,A
train_3313180696,B
train_2028223510,B
train_2947344442,A
train_3644962432,A
train_4251145865,B
train_3310752109,B
train_3875814721,B
train_524119986,B
train_1217038793,B
train_2416853782,B
train_3974988258,A
train_1536789942,B
train_1592309189,B
train_2745858685,B
train_2365624382,B
train_3199781813,B
train_1712783516,A
train_2206170225,A
train_2212853317,A
train_285071767,A
train_1092092312,B
train_3617964028,A
train_3026514462,B
train_1536628021,B
train_1059196625,B
train_18421242,B
train_3576056096,B
train_3096376987,A
train_723404730,A
train_3725204754,B
train_3399740116,A
train_3030924187,A
train_2468612310,B
train_2865794729,B
train_513102842,A
train_1569290216,B
train_505220615,B
train_519768464,B
train_2804745276,B
train_2263502148,B
train_1303948814,B
train_295591376,A
train_2694219878,A
train_3394797182,A
train_2577978429,A
train_1865250173,A
train_2660786522,A
train_3617087503,A
train_4133620149,B
train_253308295,A
train_1411706955,A
train_847635275,A
train_2463809474,B
train_2748376682,B
train_414717665,A
train_164438798,B
train_1096288240,B
train_1443731780,B
train_1980015283,A
train_2045600131,A
train_3482845746,B
train_2458596748,B
train_166945100,A
train_3928876572,A
train_139346333,A
train_4135583377,A
train_65670767,B
train_1867383113,B
train_3661026941,B
train_159245211,B
train_1841435392,A
train_2044493665,A
train_527196114,A
train_2289253461,A
train_2684601746,B
train_2620640816,B
train_497403619,A
train_2351610000,B
train_169088139,A
train_3884546573,B
train_2195232615,A
train_854037625,B
train_3927939052,B
train_2436927818,A
train_1606601423,B
train_3092805796,B
train_4066172439,A
train_3583581842,B
train_1900552376,A
train_1071751195,A
train_2666332003,B
train_607479622,B
train_939234682,A
train_4196452030,B
train_3135358081,B
train_2891206858,A
train_820639656,A
train_1088467991,B
train_1555566788,B
train_2263041377,A
train_258783756,B
train_1411191057,A
train_3620599811,A
train_2004769517,A
train_3502679133,B
train_3422572023,A
train_734413615,A
train_533831194,A
train_3792018557,B
train_1493328630,A
train_1258383798,B
train_2456465222,B
train_1665970456,A
train_1727220553,B
train_230350694,A
train_2158570123,B
train_3430973058,A
train_3371206230,A
train_655833377,B
train_217407131,B
train_1461211661,A
train_3500900707,A
train_633867297,A
train_1045060828,A
train_3021640199,A
train_2422810669,B
train_2386108783,B
train_3068759534,B
train_1049463374,A
train_2420615645,B
train_1236710293,B
train_443869273,B
train_1381575164,B
train_2085280992,B
train_4226152332,A
train_1437764574,B
train_3993385953,A
train_493140267,B
train_419018435,B
train_2514153495,B
train_2951822530,B
train_584097694,B
train_4117448365,A
train_3763074567,A
train_2708472878,A
train_3771299433,B
train_1805480542,B
train_378126786,A
train_2443643324,B
train_2701228297,B
train_710635497,B
train_808612804,A
train_329652151,A
train_3610517117,B
train_3659593509,B
train_2557687852,A
train_760849799,A
train_2206769445,B
train_1906647013,B
train_2241746282,B
train_3780436648,A
train_3418406131,B
train_915953338,B
train_3981542171,B
train_2472621938,B
train_1180815892,B
train_3342206188,B
train_2770305290,B
train_659632409,B
train_2187184389,A
train_3616418164,B
train_2544959866,A
train_1515992427,A
train_396358733,B
train_530911546,B
train_2319343608,B
train_2391215241,B
train_1561375840,B
train_1428933578,A
train_4218300088,A
train_3349019110,B
train_2304339273,B
train_2769896861,B
train_861199910,B
train_1938753295,B
train_4255342732,B
train_1124888688,A
train_2035624334,A
train_3932481774,B
train_3296986535,B
train_497886428,A
train_2744044182,A
train_1442509184,A
train_3597148084,A
train_813352872,B
train_1242635129,A
train_599557671,A
train_2118310319,B
train_2106850295,B
train_4040613661,A
train_2952062699,A
train_1391319640,A
train_2291540390,A
train_404982911,B
train_3212624233,A
train_994860551,B
train_1103292391,B
train_2526368534,A
train_416516638,B
train_687123083,B
train_2814384604,B
train_3831494580,B
train_2981276779,B
train_1977772104,B
train_1604445422,A
train_330552204,B
train_1699778889,B
train_2715800885,B
train_4016049351,A
train_147970203,B
train_1203116238,A
train_1564866711,A
train_3575744268,B
train_2793961452,A
train_3081752074,B
train_3385602799,B
train_317087058,A
train_3458937209,B
train_4165509599,B
train_3186793774,B
train_1394667198,A
train_1653442992,B
train_354055531,B
train_188183823,B
train_1037735511,A
train_3819905231,A
train_324054014,B
train_318366004,B
train_1773789522,B
train_809305448,A
train_1833837149,B
train_3934029383,B
train_1098817299,A
train_18539823,B
train_1687312838,A
train_1858861660,A
train_1871346947,B
train_2326578941,A
train_1298375006,A
train_1307091596,B
train_3596400547,A
train_4093187571,B
train_997538615,A
train_3164517139,A
train_552702057,A
train_3893154840,B
train_3863291807,B
train_3497919316,B
train_383712438,A
train_4069323139,B
train_1984281956,B
train_4292488993,B
train_598978434,A
train_2292513752,A
train_999981214,A
train_3212203669,A
train_3818114093,A
train_39101090,B
train_2780411704,B
train_3846200994,B
train_714693799,B
train_2451664416,B
train_1220997311,B
train_2073006876,A
train_4078264923,A
train_3525366219,A
train_1871184140,A
train_1121954469,B
train_3397087335,A
train_304863087,A
train_3863244358,B
train_1406555398,B
train_3289655302,B
train_948046528,B
train_1930344355,A
train_1220134225,B
train_757673143,A
train_321615985,A
train_1258615038,B
train_2865218531,B
train_1525859862,A
train_3750565430,B
train_2778170780,A
train_4105105619,B
train_1750959457,A
train_4230877066,B
train_779171611,A
train_3007403640,A
train_1165484938,A
train_1854565533,A
train_722680417,B
train_762535630,A
train_3888241630,A
train_2096064336,B
train_1537525134,B
train_434551552,B
train_882888210,A
train_2333733800,B
train_3391940836,A
train_2126598315,B
train_1638974290,B
train_1898238756,A
train_1490352954,B
train_3094471618,A
train_1141550361,A
train_2062612839,A
train_3176546195,A
train_2073729067,A
train_205966851,B
train_2071998574,B
train_1611341738,B
train_235352073,B
train_1261404451,A
train_2713459853,A
train_2019923024,A
train_3739352572,A
train_2879199448,A
train_705405714,A
train_2021273594,A
train_2744274670,A
train_608392190,A
train_2937786488,B
train_743191853,B
train_1114961734,B
train_853246735,A
train_2693559395,B
train_3213719487,A
train_1514038456,A
train_106253212,B
train_3836343833,B
train_2152480268,B
train_3042561961,B
train_1595676163,B
train_2655286197,A
train_3023023646,A
train_3624160821,A
train_2587004002,B
train_181064216,A
train_169657511,B
train_4089718734,B
train_3586681855,B
train_647662475,A
train_627851409,A
train_3428699475,A
train_695286092,A
train_2575073131,B
train_1562723480,B
train_3056574582,B
train_160127518,B
train_2955090075,B
train_3372487602,A
train_3126262815,B
train_1942146514,B
train_1720530417,B
train_1403810126,A
train_3855533455,A
train_65654720,A
train_903474353,B
train_4127815350,B
train_3436603972,B
train_2079472452,B
train_2636229460,B
train_324562501,B
train_1321295918,B
train_384846265,A
train_3694367120,B
train_1637389430,B
train_103595856,A
train_3524722132,A
train_364603247,B
train_1041834574,B
train_3279209681,B
train_3298942004,A
train_3859949604,B
train_500117802,A
train_3656966844,A
train_3985422442,A
train_2025617643,A
train_1708362397,A
train_3387403891,B
train_2477739110,A
train_3605453272,A
train_259276572,A
train_1723204674,B
train_3551135478,B
train_243513028,B
train_1821984785,A
train_2420548897,B
train_1563386176,A
train_678583531,A
train_769943491,A
train_1956931311,A
train_951654260,B
train_1499169315,B
train_1196555233,B
train_2783350905,A
train_2731566542,A
train_3625876982,A
train_674919673,A
train_3057590292,A
train_1182911631,A
train_3484256541,B
train_1735367721,B
train_3108395605,A
train_2568424884,A
train_2980119743,B
train_3254145872,A
train_1725217968,A
train_3310972751,B
train_399701339,A
train_2870295614,A
train_270772480,B
train_1654924188,B
train_3393246998,A
train_1619338643,A
train_4173469265,B
train_2994682231,B
train_3784462605,A
train_1861335393,B
train_2738170172,B
train_3630367129,A
train_426195351,B
train_1824818423,A
train_1665938765,A
train_4095331020,A
train_221361016,B
train_189383889,B
train_1703128176,A
train_2301509647,A
train_2956451694,A
train_2898334989,A
train_3966064932,A
train_856393648,B
train_3268936709,B
train_446859460,B
train_710411587,B
train_260414714,A
train_4105998416,B
train_2977574088,B
train_811989743,A
train_2190988910,B
train_1504666853,A
train_2080914748,B
train_1404411853,A
train_393775317,A
train_4057185436,A
train_4166856261,A
train_2854784767,A
train_205419396,B
train_787867031,A
train_2137748517,B
train_187989867,B
train_900624057,B
train_2067289337,A
train_2605502967,A
train_2247780299,A
train_1281763887,B
train_178785649,A
train_1265781495,A
train_2893140857,B
train_1287628608,A
train_718434073,A
train_3425786223,A
train_3891095418,B
train_1118118251,A
train_2509069129,A
train_3942479788,A
train_582535095,B
train_832022531,A
train_2262165918,A
train_2154939897,B
train_3199359558,A
train_548770493,B
train_4022060601,B
train_515008716,A
train_1082946650,B
train_4127748454,B
train_2122153950,B
train_3541273317,B
train_4144718255,B
train_2963630570,B
train_495977891,B
train_1248043623,A
train_1531617045,A
train_617825150,A
train_1800710326,B
train_1858791960,A
train_1398823299,B
train_1867945326,A
train_337946555,B
train_1038059458,B
train_696653696,B
train_4159531129,A
train_2100544538,B
train_983584924,A
train_2962840955,B
train_1774114530,A
train_1320825819,A
train_723513491,B
train_1923715794,B
train_1321394898,A
train_25335736,A
train_2723834575,A
train_2430302360,B
train_3888707673,B
train_1805109568,B
train_3649821969,A
train_3601403423,A
train_772861563,A
train_1751994187,A
train_801521840,A
train_1856022279,A
train_468415233,A
train_1017805959,A
train_2000598756,B
train_1442718475,A
train_3202466979,A
train_3360457087,B
train_1804673722,A
train_1827414670,A
train_924089680,B
train_1040183760,B
train_3681206124,A
train_3490282909,A
train_1846139535,B
train_1135942744,B
train_1865413913,A
train_1242488516,A
train_2658777017,A
train_3766789181,B
train_2912214468,B
train_2807997319,B
train_2617511606,A
train_716064168,A
train_4046509233,A
train_684190575,A
train_3534360592,B
train_2531150056,B
train_3137481017,A
train_3487940843,B
train_804858781,B
train_2945969300,A
train_2496205780,B
train_706200371,A
train_305118117,A
train_928624809,B
train_3239990781,A
train_1348085002,A
train_349589419,B
train_4167607405,B
train_2432032186,A
train_964164022,A
train_3422378966,A
train_714855258,B
train_343583590,A
train_685214387,B
train_2318642763,A
train_1901370881,B
train_3889156976,A
train_3478645172,A
train_2235774143,A
train_2459679680,A
train_2013968288,A
train_2390322355,B
train_3117952666,A
train_406368621,A
train_2236089382,A
train_2937686004,B
train_2993862550,A
train_1830909008,A
train_1457109335,A
train_3306266563,A
train_1576882894,A
train_3257875090,B
train_1225376463,A
train_3744795569,A
train_2218223,A
train_1160372647,A
train_3278549255,B
train_2815944370,B
train_2684957537,B
train_2711968080,A
train_75815582,B
train_4267397128,A
train_1862165351,A
train_878591984,A
train_2673399990,A
train_2379263622,A
train_174183094,A
train_488573119,A
train_755564334,A
train_889810754,A
train_4057251172,A
train_952107020,B
train_4076254937,A
train_838103443,A
train_893186053,B
train_2978991111,A
train_3857398510,B
train_3462466691,A
train_3662132065,B
train_3523056673,B
train_1888214459,A
train_269261038,B
train_4136970474,B
train_3988812076,B
train_738779741,A
train_1370730062,B
train_395829445,B
train_142174869,B
train_168575109,B
train_3132737811,B
train_2074815632,A
train_1171125260,A
train_2687875972,B
train_2400452998,B
train_2341067904,B
train_2692777847,B
train_1585253025,A
train_4228083465,A
train_224623682,B
train_814709202,A
train_2634958105,B
train_3299308291,B
train_2653817710,A
train_1091539729,A
train_2237249834,B
train_1347858387,A
train_2501556027,A
train_2251787207,A
train_3037005936,B
train_2904765777,A
train_4029691207,B
train_3243994891,A
train_2243378599,A
train_2319789703,A
train_3971324818,B
train_2801466809,B
train_1496901578,A
train_1317879293,B
train_3922529955,A
train_3082994608,A
train_332907883,A
train_414848833,A
train_2131206230,B
train_2463043103,A
train_4061914139,A
train_429434686,A
train_882130225,A
train_2382946865,B
train_951414331,B
train_3710452738,B
train_64605450,B
train_1093166739,B
train_784212692,B
train_912817975,A
train_1978643980,B
train_2262238224,A
train_1192969381,A
train_1885315078,A
train_505515595,B
train_439555983,A
train_3254707817,A
train_1827874369,A
train_1933387343,B
train_2134453295,A
train_3814618207,A
train_2982430849,A
train_1110402759,B
train_2517177625,A
train_65205007,A
train_1660747540,A
train_192912907,A
train_2377930084,A
train_3825896562,A
train_2200447420,A
train_2677007807,A
train_878218755,B
train_1752751945,A
train_61917224,B
train_2889037308,B
train_3160785886,A
train_4217342563,B
train_4104966543,B
train_4198924907,A
train_3325509170,B
train_2252420540,B
train_1447195766,B
train_1169928501,B
train_324346311,B
train_2868942707,B
train_1798985075,A
train_1968685616,A
train_1347743973,B
train_2717913286,A
train_2362194456,B
train_1976268760,A
train_2481079184,B
train_910281090,B
train_616882960,A
train_2804746313,A
train_73975064,A
train_572027175,A
train_314762086,A
train_2585562217,A
train_254478337,B
train_622647210,B
train_3771263534,B
train_2470785591,A
train_1846159870,B
train_1719793520,B
train_3816070513,A
train_3534961250,B
train_522798600,A
train_1364552207,A
train_3251982922,B
train_4029134941,B
train_1843989717,B
train_4087375262,B
train_2600864012,B
train_2281819964,A
train_653539895,A
train_3884538671,B
train_1050114888,B
train_2415603876,B
train_3913619870,A
train_3890409470,A
train_3233001316,B
train_3466020680,B
train_3848286785,B
train_381424754,A
train_1158422043,B
train_3576714541,A
train_3772137690,A
train_459719681,B
train_3457162428,B
train_4046302885,A
train_3306928128,B
train_878287042,B
train_807902801,B
train_1291966156,A
train_1658814981,A
train_3883689826,A
train_3537646151,A
train_2106403674,B
train_78773810,A
train_3721308865,A
train_188166913,A
train_4051664548,A
train_1643528434,A
train_3723239604,B
train_4266414587,B
train_3021778256,A
train_2576686428,A
train_4231451100,A
train_850792199,B
train_4144814589,A
train_1235292029,A
train_3216356543,B
train_4220387719,B
train_3659879021,B
train_767047532,A
train_2419351869,B
train_3161885887,B
train_1826369098,B
train_793774596,A
train_1913759572,B
train_3860696801,B
train_3263517101,B
train_4205259855,A
train_634177085,B
train_1910703923,B
train_2640454826,B
train_1019655163,B
train_2049456364,A
train_2045114824,A
train_2684813442,A
train_2000266174,B
train_496322245,A
train_241099208,B
train_1432266378,B
train_221723416,A
train_1923621309,B
train_2063477531,B
train_2644001399,B
train_2960272185,B
train_202350967,B
train_1853010025,A
train_2172699277,A
train_3981995141,A
train_2799986403,B
train_643267610,B
train_3337372942,A
train_4056554715,B
train_1361329190,B
train_3965012836,B
train_2046764214,A
train_1942462322,B
train_1804389533,B
train_3895075144,A
train_3449507551,B
train_3710877872,A
train_4266447278,A
train_3980657437,B
train_3279380356,B
train_1652717296,B
train_2128843976,A
train_164240376,B
train_395755779,A
train_1472649548,A
train_2532343890,B
train_3250018927,B
train_1634715639,A
train_2804635248,A
train_934944815,A
train_1386432789,A
train_2353818174,B
train_2906364802,B
train_653612691,B
train_3260534978,B
train_2457094464,B
train_3861557419,A
train_3152789960,B
train_1974429014,A
train_4270846127,B
train_2427672763,A
train_66297975,B
train_976757318,A
train_3612058142,A
train_2325422014,A
train_3278070898,A
train_2024416258,A
train_3288013522,A
train_1744289937,A
train_3863292718,A
train_1149432918,B
train_3683340044,B
train_1106282790,A
train_196125896,B
train_3757815233,A
train_3236483424,B
train_4163258648,B
train_3651560982,A
train_3395309503,B
train_1865458201,B
train_1795075574,B
train_429451410,A
train_2889789620,A
train_3668612809,A
train_3866655205,A
train_1355729717,B
train_2984806581,A
train_4273398058,B
train_694332587,A
train_1601790176,B
train_2204289747,A
train_1056765120,A
train_721365760,A
train_4149074192,B
train_3441550980,A
train_3008317453,B
train_517072286,B
train_3185439444,B
train_1656897543,B
train_1587505869,A
train_1769008787,B
train_1503606535,A
train_2014503150,B
train_2614721753,A
train_1004100611,B
train_3006699556,A
train_4099054487,B
train_3721025265,A
train_4045312279,A
train_2272124151,B
train_2915306092,B
train_1374847507,B
train_1807410723,A
train_1933482000,A
train_3559234391,A
train_3465342001,B
train_3032515197,B
train_4105424936,A
train_2535876244,B
train_3806044521,B
train_1046602860,B
train_3319077979,B
train_1424741044,A
train_3526414204,B
train_235126713,B
train_4167915731,A
train_2270495100,A
train_3891236395,B
train_1619349758,A
train_3272832598,B
train_320257063,B
train_1866325189,A
train_1234464143,B
train_2172930147,B
train_1580414108,B
train_3683282226,B
train_4150754238,B
train_4042562293,B
train_1482447822,B
train_1595284236,A
train_1396161074,A
train_3635518209,B
train_4001440517,B
train_2546838944,A
train_2161873669,A
train_2750070745,A
train_3486041823,B
train_882208607,B
train_2657777471,A
train_707664250,A
train_3092127350,B
train_67882445,B
train_2900660334,B
train_239364386,B
train_1042596611,B
train_3485808872,A
train_2545196427,B
train_1722972162,A
train_3677311595,B
train_3009299991,A
train_1774277874,A
train_2009360058,B
train_1163126542,A
train_821209436,A
train_2567142329,A
train_978267106,A
train_1829585549,A
train_540955643,A
train_960498736,A
train_2812635874,B
train_2210142014,B
train_4073492428,B
train_2708285059,B
train_2274477324,B
train_943427380,A
train_1753256376,A
train_2627628435,B
train_3491538778,B
train_377138199,A
train_4106974013,A
train_1074709937,A
train_4212314878,B
train_188196403,A
train_2163084053,B
train_4078728756,B
train_1508893242,B
train_1615870426,B
train_609609013,B
train_2162203768,B
train_1117776222,A
train_492609133,A
train_1279935147,B
train_916885828,A
train_1908494110,B
train_428516660,A
train_473677969,A
train_1020705018,A
train_3069769924,A
train_2486671168,B
train_3962918002,A
train_2962246812,B
train_1819733886,B
train_4172891622,A
train_3921688844,B
train_1284342381,B
train_178907621,A
train_171012661,B
train_2307037398,B
train_3939763811,A
train_3809580435,B
train_3115922872,A
train_1308985511,B
train_4284629906,B
train_929314334,A
train_2403866979,A
train_4150765473,A
train_2080710161,A
train_4247265008,B
train_144719847,A
train_2839211927,B
train_3712296585,B
train_3772616106,A
train_1154187884,A
train_3206145459,A
train_1144534059,A
train_1784140889,A
train_2877677271,B
train_1561600788,B
train_3590511996,B
train_3915002856,B
train_58450502,A
train_2690080984,B
train_4273354520,A
train_1363178471,B
train_788055427,B
train_2987156539,A
train_1024990934,A
train_4126605596,B
train_3698308572,B
train_1254623660,B
train_4268260333,B
train_1433170692,A
train_212536284,A
train_848601265,B
train_1276421799,B
train_2547022096,A
train_4186337049,B
train_1715965184,B
train_3062773141,A
train_2103256358,A
train_4273577794,B
train_2333100478,A
train_1286236097,B
train_2295995684,A
train_368369100,B
train_716964313,A
train_4065054332,A
train_1388440477,A
train_975024728,A
train_3271271528,A
train_3974886584,A
train_1852343364,B
train_2889950307,B
train_3039788009,A
train_763038638,B
train_527545452,A
train_3415493226,A
train_1965340066,B
train_141849691,A
train_4195443931,B
train_928787605,B
train_3424698894,A
train_3715780242,B
train_566315919,A
train_145273667,B
train_86810221,A
train_2313283817,A
train_433371601,A
train_579594106,B
train_217385417,A
train_1905902496,B
train_3558547570,B
train_1717282402,B
train_4183994442,A
train_507756090,A
train_2713325894,A
train_1898686038,B
train_2497217000,B
train_365719436,B
train_1943444404,A
train_2895388096,A
train_2038462226,A
train_2259251524,B
train_2961339388,B
train_2216281864,A
train_4139449240,A
train_2109136468,A
train_3844105688,B
train_2673354149,A
train_1392643506,B
train_3225373164,B
train_761478900,B
train_3098160343,B
train_256668053,B
train_4080162277,B
train_3018870380,B
train_419485409,A
train_3208126535,B
train_4113170451,B
train_1205542338,B
train_3092549507,B
train_3820295082,B
train_2050582549,B
train_680562184,B
train_1427344170,B
train_3549060775,B
train_747301233,B
train_3614537015,B
train_3821415349,B
train_2404931200,B
train_4089452606,A
train_4017688569,B
train_2852281836,B
train_3999656418,A
train_1962509900,A
train_4121268960,A
train_3851556677,B
train_46588275,B
train_3153393779,A
train_3362510213,B
train_2556781752,B
train_543635581,B
train_4233136181,A
train_4211190878,A
train_3636403098,A
train_2980696874,A
train_4268555270,B
train_1248209230,A
train_1138898445,B
train_3078145839,B
train_1267298941,A
train_107417116,A
train_3894911408,A
train_942099687,B
train_1480367183,B
train_584159835,A
train_708110251,A
train_2537534447,A
train_1194215048,A
train_4024729812,A
train_3517115705,A
train_391142989,A
train_2601039922,A
train_187018574,B
train_2614439938,B
train_2930492262,B
train_2226730653,A
train_219315523,B
train_4181834509,B
train_2346601204,B
train_249972084,A
train_4239983536,B
train_1319923092,B
train_3560933522,A
train_1043802513,A
train_2252720564,A
train_2902950555,A
train_2391274399,B
train_1329091085,A
train_1117718713,A
train_1597930504,B
train_3175646088,A
train_1605045153,A
train_1373055229,B
train_3114353792,A
train_1894846247,B
train_2409377451,B
train_3821940118,B
train_3998591447,A
train_3605286262,B
train_63220857,A
train_4109149003,A
train_767474191,B
train_549524081,A
train_70223910,B
train_1052338512,B
train_4249951817,A
train_406475183,A
train_3742601403,A
train_1026721159,A
train_1851882944,A
train_1007962948,B
train_4293570304,A
train_2440428831,A
train_3344601482,B
train_687555669,B
train_1701034897,A
train_98440176,B
train_426009707,B
train_4146329680,B
train_3995364796,A
train_1166439934,B
train_3776251992,B
train_3292441106,A
train_2904785735,B
train_1605456569,A
train_2125197646,B
train_1845757750,B
train_3423004240,B
train_908687404,A
train_1702727283,B
train_3421587582,A
train_2287232428,B
train_3778113185,A
train_1526777010,A
train_61811259,B
train_2802508243,A
train_708898895,A
train_3498451264,B
train_3259551834,A
train_3006228291,A
train_1958877247,B
train_2287136579,B
train_654392926,A
train_643521550,B
train_1524284250,B
train_2449675637,B
train_2327353613,B
train_2312596979,A
train_4141083946,B
train_1934632435,A
train_503869388,B
train_3225117984,B
train_232751517,A
train_802021102,B
train_364658282,A
train_217098604,B
train_3626476894,B
train_2491074171,B
train_3825759619,A
train_761994207,B
train_2442928452,B
train_2500998627,A
train_3971259275,B
train_310896259,A
train_583520152,B
train_1418812608,B
train_281822199,B
train_3389330639,B
train_1739273325,B
train_2064309819,A
train_2320915147,A
train_2591650844,A
train_3784394441,B
train_3155038444,A
train_2814934063,A
train_2695536557,A
train_1256113454,A
train_520467508,A
train_1106537721,B
train_4119790350,A
train_2869439454,A
train_3081805557,A
train_3809931523,B
train_3523967980,A
train_2953737424,A
train_816699597,A
train_488119365,A
train_2407818842,A
train_1765041994,B
train_796416850,B
train_4183031325,B
train_3903620738,A
train_3594148706,B
train_1591026850,A
train_3004857664,B
train_177999648,B
train_2427070200,B
train_3746791750,A
train_3235811784,A
train_4285929321,B
train_3583614537,B
train_2529718997,B
train_1859089309,B
train_3911871182,B
train_2134335840,B
train_2893636089,B
train_757034243,A
train_2663828635,B
train_1491907624,A
train_3051753349,A
train_1251012933,A
train_4098241837,A
train_3963233813,B
train_2465402424,A
train_4013171575,B
train_430898776,B
train_388479397,A
train_3354074302,A
train_2670762238,B
train_3595296377,A
train_3670469274,B
train_68852032,A
train_2262735115,A
train_3778385187,A
train_4057871143,B
train_1259585693,B
train_1462389903,B
train_3593261092,B
train_406349944,B
train_1963882714,A
train_2776897247,A
train_1131680493,A
train_3481815443,B
train_396688401,B
train_137827501,A
train_2710843880,A
train_2044224389,B
train_1578116378,A
train_1119437357,A
train_2715461733,B
train_3971348555,B
train_1953454267,B
train_2222244393,B
train_3858242075,A
train_638468018,B
train_1846901692,B
train_874987500,B
train_1738625251,A
train_335694746,A
train_3832503849,B
train_4030550476,A
train_506501285,B
train_273024413,A
train_3393121659,A
train_3569318030,A
train_956165758,A
train_145707973,A
train_1780483725,B
train_330174461,B
train_2900399588,A
train_1071515585,B
train_1050063034,A
train_147687399,A
train_639011448,B
train_756446839,B
train_2754078757,A
train_3071918176,A
train_2596617364,B
train_3958237951,A
train_2280573808,B
train_1678357778,A
train_4294618216,A
train_2659321958,B
train_2334835797,A
train_2496451866,B
train_1989092534,B
train_644611264,B
train_273425417,B
train_3485057717,A
train_3473379097,A
train_1834407379,B
train_97531094,B
train_4278082081,B
train_3720772488,B
train_1007590256,B
train_3426706991,B
train_2334936493,A
train_3612668669,B
train_1983528486,A
train_3038194531,A
train_3378198738,B
train_284379673,B
train_2741884156,B
train_1775330437,A
train_337058529,B
train_2283676789,B
train_3916257963,A
train_1526583780,A
train_3474709256,A
train_2161212001,A
train_2837677349,B
train_1638620442,B
train_3447449747,A
train_2515193197,B
train_2213748250,B
train_1650453374,A
train_571427149,B
train_2658879445,B
train_2225558922,B
train_1389389311,A
train_2520214787,B
train_3911014003,A
train_2901373320,A
train_3684962195,A
train_1873674461,B
train_3804703799,B
train_2326717765,B
train_1610381429,B
train_1479109088,A
train_370235270,A
train_4079169091,A
train_1568518077,A
train_927687,A
train_3535890568,B
train_4061795341,B
train_56906470,B
train_1611440564,A
train_1038767026,B
train_957290611,B
train_2400048950,A
train_1172347508,B
train_1863744997,A
train_294230277,A
train_3256144328,B
train_3080711024,B
train_2981281918,B
train_3098760997,A
train_840359517,B
train_1735991265,A
train_1174770347,B
train_2257775682,A
train_3008493180,B
train_2201914871,B
train_1100814948,B
train_3579646090,B
train_1583901459,A
train_1884039651,B
train_492714301,B
train_242776411,A
train_2963966079,B
train_82674969,B
train_1371773823,A
train_1030616675,A
train_605133466,A
train_209300490,B
train_3452362708,A
train_2798092982,B
train_885176752,B
train_3215148192,A
train_3940419186,B
train_1107739401,B
train_763200458,B
train_4199441585,B
train_4104168979,A
train_3956486072,B
train_222068711,A
train_1212128151,B
train_608468328,B
train_4247942072,B
train_202412981,B
train_853990693,A
train_2403646199,A
train_2998205760,A
train_2781398083,A
train_3855605518,B
train_4044141741,B
train_3809881145,B
train_736310903,B
train_3266968762,B
train_348739298,A
train_2931915089,A
train_3660183640,B
train_2976175116,A
train_1361889535,B
train_4046796059,A
train_1001441372,B
train_311182849,B
train_3641357576,B
train_894526102,A
train_3102186303,B
train_1764650948,B
train_2265745652,B
train_2786201635,B
train_193277703,B
train_1272509221,A
train_3109830513,B
train_666822714,A
train_496276977,A
train_2614872794,B
train_150841277,A
train_1744311766,A
train_3592039825,A
train_2335068901,B
train_454415137,A
train_2346278642,B
train_3892983974,A
train_1888202656,A
train_2783240570,A
train_720521027,A
train_3744550434,A
train_3005991449,B
train_4020653619,A
train_2358518833,B
train_1601056665,A
train_1602893681,A
train_1444069023,A
train_2036826486,B
train_257563836,A
train_1341888517,B
train_4035142229,B
train_2043992726,A
train_1282363663,A
train_1045617506,A
train_1638756522,B
train_582224348,A
train_1214552840,B
train_1565713865,B
train_2122977119,B
train_3500331962,A
train_2451759182,A
train_3070329808,B
train_4096875255,A
train_1085270805,A
train_853046858,A
train_4257137841,A
train_4199947058,A
train_2748909005,A
train_3649236059,A
train_938376852,A
train_1215764371,A
train_1724951249,B
train_4179262963,B
train_901106334,B
train_4040737333,B
train_1586886239,B
train_4127880462,A
train_2864876417,A
train_2749419507,A
train_625358392,B
train_570300471,A
train_2636497189,A
train_1630338089,B
train_1810282872,A
train_3660458012,B
train_1626889862,A
train_172441244,B
train_2227303926,A
train_3654354036,B
train_651310855,A
train_2387427315,A
train_851990692,B
train_2612418826,A
train_3876508712,B
train_1263132979,B
train_3102839065,B
train_2189109220,A
train_1354360830,A
train_4232478453,B
train_3239060665,A
train_3407993045,B
train_1020436726,B
train_3786834337,A
train_2275982538,B
train_1060085181,B
train_425949105,A
train_271741410,B
train_3175594201,A
train_1012569092,B
train_2533303800,A
train_4127127678,B
train_1064607954,B
train_2797424882,B
train_2789453100,A
train_2228364772,A
train_2354117007,B
train_2536555465,A
train_4178882316,A
train_3908607237,B
train_3776319002,A
train_2330514808,B
train_774269840,B
train_4197712123,A
train_2657415607,B
train_3349835466,A
train_1881748763,B
train_3351078479,A
train_254950587,B
train_4249481052,A
train_3948077666,A
train_2894169285,A
train_2590350015,A
train_2391906974,A
train_1878023095,A
train_2483309946,B
train_129698698,A
train_3419746647,A
train_3285172794,A
train_2593713915,A
train_578634056,A
train_755003837,B
train_3838071050,B
train_1284109199,A
train_1277567387,B
train_2084044484,B
train_3470882559,A
train_1562371395,A
train_3411295014,B
train_791254714,B
train_2822900472,B
train_1798527968,A
train_2482651674,A
train_3947899190,A
train_2203857077,B
train_305125151,A
train_1962752241,A
train_72998920,B
train_1955194639,A
train_622747636,B
train_2167669212,A
train_1997621560,B
train_2194469939,B
train_2183661490,A
train_1559448184,A
train_2880800098,B
train_4147865566,A
train_868448536,A
train_284725453,B
train_2964361567,B
train_4203830660,A
train_2281294926,B
train_3389524592,A
train_773741316,B
train_2135431926,A
train_2039787872,B
train_671476491,A
train_3529814187,A
train_1233334480,B
train_928051538,A
train_3613530378,B
train_738155261,B
train_3758642579,B
train_2196844112,B
train_1328162672,A
train_922813509,B
train_579393766,A
train_717804360,A
train_2748849507,A
train_4265678975,A
train_2203133784,A
train_2852631389,A
train_920284861,A
train_908420933,A
train_720257832,B
train_936939747,A
train_2289614118,B
train_2214962973,B
train_535430996,B
train_1760586720,B
train_756444791,A
train_2114711451,A
train_1818193598,A
train_4024830915,A
train_2918162950,B
train_1827504717,B
train_3814015820,A
train_604631752,B
train_1969520373,A
train_3436400941,B
train_1070875444,A
train_749552896,A
train_498671796,A
train_2571048404,A
train_3695725085,B
train_2012409310,B
train_3734037305,A
train_4056234023,B
train_3631880835,B
train_1292461567,A
train_3572480709,B
train_1081627741,B
train_2196899834,A
train_3886207090,B
train_94593386,A
train_3883284924,A
train_514346636,B
train_2704963801,B
train_4186171154,B
train_3409297259,A
train_1863456325,A
train_104952904,B
train_3377174283,B
train_328759829,B
train_2492542340,B
train_2685037341,A
train_1953634606,B
train_2643998036,B
train_3214034262,A
train_3302095445,B
train_3645816004,A
train_3114113754,A
train_2340853706,B
train_2211057274,B
train_2207402328,B
train_2732805077,B
train_822148329,A
train_1017458791,B
train_131113982,B
train_439323222,A
train_1833257672,A
train_1646767365,A
train_3330432195,A
train_1455934832,A
train_372387637,B
train_1948269277,A
train_3219026795,B
train_2325077320,A
train_3366430093,B
train_516663932,A
train_2617858290,A
train_122632668,B
train_3110391688,A
train_1788875890,A
train_1885390573,A
train_1355270175,A
train_1844990827,B
train_1795985319,B
train_2178852681,B
train_1688331998,B
train_2149302447,B
train_4124756225,A
train_3040815559,B
train_3795656638,B
train_2124236497,B
train_2039218064,B
train_59093589,B
train_1120090923,A
train_4216639529,B
train_2677100375,A
train_3587411993,A
train_3967841150,A
train_1464663964,A
train_1062957964,B
train_4124267548,B
train_2182309345,B
train_4201231801,B
train_3266336550,A
train_2439915591,A
train_1571298184,A
train_4233629640,B
train_3361690846,B
train_801126078,A
train_1107840349,A
train_3082376035,B
train_2661834719,A
train_1915993360,A
train_3602691225,B
train_1330945664,B
train_1072722554,B
train_433706452,A
train_1727470059,A
train_1941131050,A
train_2434193,A
train_310129243,A
train_3296487786,A
train_1660164655,B
train_4193006014,B
train_1718767748,B
train_2126368055,B
train_3204764093,A
train_1910135900,A
train_2358842225,A
train_4254710401,B
train_983696291,B
train_1758903786,A
train_3927311015,B
train_1844994299,A
train_4203811144,B
train_1330974405,A
train_1829508320,A
train_2292628458,B
train_4139904215,A
train_2573361306,B
train_1589074615,B
train_1296524903,A
train_2828848246,B
train_2047437241,B
train_3316876884,B
train_1234701081,A
train_3560228585,B
train_3934255470,A
train_1236075269,A
train_4234568695,B
train_3955170571,A
train_2180786642,A
train_2688732274,A
train_306118460,B
train_898462994,B
train_4271767185,B
train_2448921702,A
train_3028267051,A
train_2703178025,A
train_2106691239,B
train_3034667359,A
train_3663692632,A
train_2307897736,A
train_1850899463,B
train_555628110,B
train_3863761097,B
train_3946087090,B
train_1041057287,A
train_1319980668,B
train_3654098869,A
train_3937437939,B
train_3535110930,B
train_4135197658,B
train_2855329700,A
train_2398065496,B
train_3378192076,A
train_3733390587,B
train_2907999856,B
train_2616933437,A
train_164809184,A
train_3865084374,B
train_3185663292,A
train_3328768810,B
train_1489322613,A
train_4268933839,A
train_1318178547,B
train_2103455047,B
train_1638811354,B
train_915651456,B
train_2466200804,B
train_249567903,B
train_2051717583,B
train_3048513916,B
train_3791193157,A
train_4135803813,B
train_706089476,B
train_3817463394,B
train_3801485995,B
train_2138022471,A
train_2594944462,B
train_998669831,B
train_3850801752,B
train_1952293796,A
train_2784722522,A
train_3533869634,B
train_2046420703,B
train_3350724434,A
train_695052723,B
train_3180824720,B
train_597149354,B
train_1805661226,B
train_1044162567,A
train_442877987,B
train_555777962,B
train_1388148051,B
train_938740983,A
train_3934841463,B
train_3639374022,A
train_1535046174,B
train_233189922,B
train_2470852344,B
train_1768881373,B
train_274799069,B
train_2429577566,B
train_2116740734,B
train_2308344468,A
train_3470334462,B
train_944070593,A
train_674425085,A
train_3181779284,A
train_3789517483,A
train_1670244805,A
train_3841955832,B
train_2268724867,A
train_2947917508,A
train_914652401,A
train_2084531008,A
train_3269019251,A
train_377301035,A
train_1593250562,B
train_3866295287,A
train_3921257673,A
train_3129639422,B
train_1909095598,B
train_101672665,B
train_2280403927,B
train_2376929390,A
train_4277673748,B
train_3479302020,A
train_2819580772,B
train_3705288925,A
train_4022663119,A
train_3886485880,A
train_2844717002,B
train_2673394042,A
train_381544297,B
train_3387065879,A
train_455286484,A
train_2048127942,A
train_2351987000,A
train_724410092,B
train_2823740522,B
train_3468709076,A
train_1019555861,B
train_2868516906,B
train_3039798619,A
train_269639409,A
train_3100846127,A
train_1595372903,A
train_3039243001,B
train_941096710,B
train_3994057220,A
train_1546406396,A
train_3371093064,A
train_586642697,B
train_2621849013,B
train_17278464,A
train_1223192201,B
train_2456276162,B
train_2514556108,A
train_3436667054,B
train_2819377261,A
train_2569387637,A
train_1969739914,A
train_1470861408,A
train_767763075,A
train_3004377985,A
train_418897980,A
train_1004589054,A
train_997243066,B
train_1361460397,A
train_2089704333,B
train_261722856,A
train_998681118,A
train_2109174539,B
train_1027989386,A
train_3809061300,A
train_3419767282,A
train_497897366,A
train_650873796,B
train_3504382111,A
train_1474433087,A
train_324880452,B
train_3096112797,B
train_3167299883,B
train_2373300289,A
train_1151899548,B
train_568622705,B
train_3507638499,A
train_870167067,A
train_2166275064,A
train_1909279089,B
train_4030500046,A
train_1569929804,B
train_2383436257,B
train_4286239268,B
train_4248414934,B
train_3802069875,A
train_2933228453,B
train_239849978,A
train_1375119620,A
train_2932741562,B
train_1326272092,A
train_4009730615,A
train_1623498022,A
train_1245418743,A
train_3528814512,B
train_862364804,B
train_2172611824,A
train_2338964307,B
train_1609605948,A
train_2685171968,A
train_2643109250,A
train_2828231393,A
train_3181989684,B
train_2979929589,B
train_619297071,B
train_1606117471,A
train_4109048757,B
train_1142177512,B
train_3679990933,A
train_1514891344,B
train_3960290209,A
train_247887619,B
train_1784150383,B
train_1778175585,B
train_3774159682,B
train_2365149967,A
train_930513339,B
train_2917817015,A
train_3796436990,B
train_4265322390,B
train_818562223,B
train_3738387991,A
train_1875066034,A
train_1713717502,B
train_419246294,B
train_2110542653,B
train_228578981,A
train_3755300225,A
train_3393298560,B
train_2327350875,B
train_850786454,A
train_3489678996,A
train_353691984,B
train_443343552,A
train_1658685240,A
train_3883510639,A
train_2904440967,B
train_3951806345,B
train_3456690471,B
train_576266310,A
train_514662788,A
train_32208584,A
train_3153016973,B
train_4187541417,A
train_1777649171,B
train_1485864811,B
train_2029263144,B
train_1673464025,B
train_1935654124,A
train_1424659126,A
train_2834080811,A
train_419469334,B
train_1950903579,B
train_894773007,B
train_2348128412,B
train_4268402778,A
train_1480852021,A
train_2686818880,B
train_254735147,A
train_914500858,B
train_3345710294,B
train_1021380081,B
train_31527834,A
train_2598791367,A
train_1474163451,A
train_1455281279,A
train_1397414947,B
train_4197947696,A
train_1645861079,B
train_2645773635,B
train_1215231474,B
train_2659851722,B
train_711054444,A
train_3405942863,A
train_3011057829,A
train_2711780517,A
train_2666766145,A
train_1795803441,A
train_3012501582,A
train_2041221256,A
train_1430245046,A
train_366493747,B
train_1169228691,B
train_1844608486,A
train_2740453966,A
train_2615269941,B
train_903348982,B
train_2377858684,B
train_2932848618,A
train_2849735715,B
train_986859349,B
train_343764675,A
train_1980956248,A
train_3745486771,B
train_2190909112,A
train_1486076286,A
train_1357187258,A
train_1336746604,B
train_1866891296,B
train_397336284,A
train_1699510972,B
train_3135216580,B
train_1886046676,B
train_1090069629,B
train_1660035541,B
train_1025926779,A
train_2313240511,A
train_1299101102,B
train_1239658678,A
train_446671924,A
train_1470862338,A
train_1613687575,B
train_181102375,A
train_3858672654,B
train_2270766486,B
train_1026160126,A
train_630986936,B
train_1153431530,B
train_2046510377,B
train_625566324,B
train_3063680560,B
train_3703087478,B
train_1075856694,B
train_4081104646,A
train_1146285530,B
train_682158258,B
train_646813279,A
train_3555725247,B
train_4116241623,A
train_2768961005,A
train_2416568905,A
train_3626806969,A
train_2940085807,B
train_3711375133,B
train_3524162314,B
train_1747778748,A
train_1456815916,B
train_2793994834,A
train_79179865,A
train_1242723053,A
train_374325575,B
train_574318451,A
train_3950985944,B
train_3327659595,B
train_1326438181,B
train_3047902994,A
train_1434598598,B
train_2023058384,A
train_1585533401,A
train_3119532419,B
train_896689812,B
train_1764917682,B
train_87188006,A
train_2965624403,A
train_1543375816,A
train_2301503145,B
train_134322313,A
train_3837607576,B
train_4210833555,A
train_1366911356,A
train_3891372660,B
train_3479963427,B
train_20426298,B
train_3378257727,A
train_3410201577,A
train_314730032,B
train_3417446546,B
train_3805328859,B
train_2012676576,B
train_1137330223,A
train_11180351,A
train_646626742,A
train_1666509395,A
train_1623202325,A
train_636056597,A
train_1304601162,B
train_345099541,A
train_3394927501,A
train_1152133090,B
train_780872716,B
train_3825813594,A
train_3309914088,B
train_1000653457,A
train_2641458701,A
train_2978419164,B
train_4064455035,B
train_3918784468,A
train_1445254566,B
train_626830736,A
train_3805367181,B
train_876086214,B
train_1431408064,B
train_2496970001,A
train_416099925,B
train_4200300309,A
train_4266613084,A
train_2292660870,B
train_1177638570,B
train_3414526202,A
train_3980651300,A
train_1243273817,A
train_1798099015,A
train_2657887277,B
train_1126985677,B
train_3013055580,A
train_3826440720,B
train_264319412,B
train_3856823731,A
train_3852524785,A
train_3082115623,B
train_1213476026,B
train_3769401228,A
train_2433215575,B
train_1548663553,A
train_467649018,A
train_2391879281,A
train_728255626,B
train_3854215320,B
train_1010043803,A
train_1213154637,A
train_319000217,A
train_1372595780,A
train_1648344576,B
train_2998559497,B
train_2926618543,B
train_1900643623,B
train_3962744211,A
train_3536385657,B
train_3381731304,B
train_3746348628,B
train_868458379,A
train_3272267803,B
train_605824775,A
train_603506205,A
train_3363034559,B
train_3151005327,B
train_3991875758,A
train_3210343892,A
train_3341109555,A
train_110859745,A
train_1110696560,A
train_1367120467,B
train_1263924934,B
train_4265070359,A
train_1552572312,B
train_2555997217,A
train_4061750790,B
train_165587202,B
train_470002061,B
train_2191026241,B
train_2071406463,B
train_1677762632,B
train_3643255838,A
train_4218151880,B
train_2186527082,B
train_3436617016,A
train_1493578474,B
train_345354225,A
train_2404220818,A
train_301764669,A
train_3712392702,A
train_1320790304,A
train_1483411365,A
train_466977993,A
train_2842361701,B
train_3954675484,A
train_4261068376,B
train_2802575407,A
train_3916258742,A
train_1001207739,B
train_2685354692,A
train_1660655368,A
train_4057853372,A
train_3052127159,B
train_25475799,A
train_891280829,B
train_2940174928,B
train_1071737547,A
train_2488689568,A
train_2221959828,B
train_3541896979,A
train_1063306230,B
train_1599752075,B
train_3727286432,A
train_1112488054,A
train_820125506,B
train_633287523,A
train_1990680608,B
train_2990784859,B
train_1700834731,A
train_1439137232,A
train_704020082,B
train_1111393330,B
train_2285736045,B
train_250877577,A
train_777626447,A
train_2015509978,A
train_1226484637,A
train_1735744156,A
train_3674131937,B
train_241469466,B
train_3935314898,A
train_85315718,A
train_538062201,B
train_3435013477,A
train_3715236943,A
train_1570739004,A
train_754099419,A
train_3614622072,B
train_3198752125,B
train_3880734745,A
train_168073910,A
train_1542356102,A
train_749443117,A
train_3484898986,A
train_3519875878,A
train_37758027,A
train_3137802022,B
train_3576573371,B
train_3842648750,B
train_755457059,A
train_806985876,B
train_4143966868,A
train_1178889637,A
train_2222652950,A
train_1058683983,A
train_3001964915,A
train_825715525,A
train_717214218,A
train_3217085115,B
train_713836012,B
train_2023772242,B
train_2793862103,B
train_3670377032,B
train_599355851,A
train_2639959852,B
train_1789856167,A
train_4143298844,B
train_3033563461,A
train_98311318,B
train_1902225163,A
train_666850776,A
train_3576614501,B
train_1676243567,A
train_1725424642,A
train_34366758,B
train_3752293438,B
train_1977033011,B
train_2896901778,A
train_17497755,B
train_4026112037,B
train_469543135,B
train_4148213728,A
train_1402945963,A
train_684864700,B
train_90830882,B
train_3867184811,B
train_2893314916,A
train_4186246464,A
train_3463739263,B
train_3628020090,B
train_1184975473,B
train_1927924972,B
train_864201550,B
train_2728078938,B
train_3024433890,A
train_2289456337,B
train_2992100940,B
train_2148801017,B
train_266137335,B
train_88436472,A
train_228630681,A
train_4126715578,B
train_2439731824,A
train_2154300739,B
train_1027469877,B
train_2812751893,A
train_2082060769,B
train_3913636524,B
train_3566157384,B
train_956744376,A
train_1479764505,A
train_1426680949,A
train_3706403996,A
train_473472641,A
train_3719418971,A
train_1997808959,A
train_4218490364,A
train_3629791021,B
train_2481941857,B
train_2837452969,A
train_77364776,A
train_4132838266,B
train_3383449710,A
train_3730004566,B
train_709712976,A
train_3211795366,A
train_1104433299,A
train_845154408,A
train_1201057011,A
train_34820521,B
train_3333482635,A
train_65314115,B
train_3183089740,B
train_3101172606,B
train_2024500122,A
train_3839389054,B
train_582378833,B
train_2491752890,B
train_49584314,B
train_2329350215,B
train_2605726069,A
train_411417476,B
train_3848902075,A
train_1462484558,B
train_198373906,A
train_1831219597,A
train_1815147850,A
train_3783297163,B
train_3975273730,A
train_3952340036,A
train_3527958463,B
train_1458185100,B
train_1324885653,B
train_1317596703,B
train_1469214423,B
train_3781179766,A
train_1234329773,B
train_1732938465,A
train_2663048643,B
train_954707076,A
train_4250716993,B
train_3719182359,B
train_3395208027,A
train_4224141855,A
train_1709752019,B
train_1995836519,A
train_1385023210,B
train_3989863821,A
train_941322764,B
train_1643230157,A
train_788135941,A
train_3188696372,B
train_3770397438,A
train_2638398381,A
train_3725088370,A
train_2251913187,A
train_1277831790,B
train_1027977874,A
train_1292079982,A
train_2760568590,B
train_3714515206,B
train_1250679289,B
train_2813163206,B
train_2053868642,A
train_2814244351,A
train_2826113576,A
train_3479791148,A
train_396904596,B
train_3561717552,B
train_3017172184,B
train_3730026387,A
train_1665366953,B
train_2840508723,A
train_1323768754,B
train_268438202,A
train_943609133,A
train_725369315,A
train_3356352978,B
train_678550744,A
train_2480394073,A
train_4015530577,B
train_4074716428,B
train_4243480334,B
train_2952557165,B
train_2461306403,B
train_3279663043,B
train_3715588334,A
train_1195027708,B
train_3374872312,A
train_4065750643,B
train_4135494872,A
train_2807142309,B
train_2445730261,B
train_1873419172,B
train_607784103,B
train_1890865581,B
train_626532460,A
train_2231146453,A
train_904388421,B
train_3410476832,B
train_2678768983,B
train_3574336130,A
train_2399534497,B
train_143810349,A
train_1005466581,B
train_2705932532,B
train_1991009626,B
train_1361575124,A
train_607899199,A
train_3410835640,B
train_4107761202,B
train_631517909,B
train_1718495112,A
train_244878782,B
train_1136969496,B
train_446568604,A
train_316738669,A
train_4066714436,A
train_558827082,B
train_3867305505,A
train_1042623801,B
train_2652323010,B
train_775851344,B
train_937346710,A
train_1128737798,A
train_3399118805,B
train_3477279899,B
train_969675434,B
train_3677621829,B
train_3377400837,B
train_2961828937,B
train_3205557720,A
train_1819728474,B
train_3658134664,A
train_3878285093,A
train_2414444928,B
train_1348820026,B
train_3390788347,A
train_141590871,B
train_2341979607,A
train_4047007148,B
train_3213832269,B
train_2603306079,B
train_1923872874,B
train_4168582129,B
train_1526557432,B
train_4016384383,B
train_2131510676,A
train_2699039041,B
train_3717073392,A
train_1815667518,B
train_806446575,B
train_330547162,B
train_3158793705,A
train_4012461416,A
train_1837520086,B
train_3697182619,B
train_1565393734,A
train_4244857814,B
train_1779706050,A
train_3995629528,B
train_2179449399,B
train_1343284872,B
train_4181726222,B
train_3090449864,B
train_1796789933,A
train_2749115515,A
train_3142565996,B
train_1181461368,B
train_101920633,A
train_832388233,A
train_2305448044,B
train_981940147,B
train_4226511680,A
train_2680549370,A
train_4165736475,A
train_372545932,A
train_1978800172,A
train_4000922907,A
train_2118517501,A
train_3340794377,B
train_3238114170,A
train_1107556091,B
train_1272378716,A
train_3450999594,B
train_3059913967,B
train_436387722,B
train_2529764965,B
train_3605639334,B
train_1987973610,A
train_4253809561,B
train_2488260024,B
train_775274440,A
train_2402004669,A
train_3804033973,B
train_1627421316,B
train_2442106817,B
train_2779536705,B
train_1310402254,A
train_894245838,B
train_685026320,B
train_3177988195,A
train_3207885554,A
train_2775572,A
train_1142779970,A
train_3678536176,A
train_1594287492,B
train_4151246143,B
train_3063210040,B
train_3006397311,B
train_1096059395,A
train_1410541504,B
train_3410986250,A
train_616937439,B
train_3180859961,B
train_4139498740,A
train_808522162,B
train_80908390,B
train_177622455,B
train_3286368722,B
train_612248208,B
train_641560524,B
train_1101620665,B
train_715935725,A
train_2718744386,B
train_556553946,A
train_1202231099,B
train_3607540808,A
train_2811833327,B
train_2296885666,A
train_2622464823,A
train_465357523,A
train_1582976632,A
train_1254982279,A
train_2945838143,A
train_3996798114,B
train_3912859991,A
train_1536654672,B
train_1410891987,A
train_4135403271,A
train_3024467494,A
train_1521931249,B
train_2321172065,A
train_1038748868,A
train_1911936113,A
train_287217465,B
train_2737531604,B
train_1184852189,A
train_539793757,B
train_3189860282,A
train_1781793801,A
train_2329897053,A
train_1865292077,A
train_1370212969,A
train_2086724264,A
train_2744151062,A
train_3044502267,B
train_3139460883,A
train_3676816936,A
train_972361069,B
train_3836153490,B
train_184525747,A
train_3256954692,A
train_3714688322,B
train_1374145387,B
train_174163456,A
train_45734914,A
train_2324163907,A
train_3887475686,A
train_952349965,A
train_4169488418,A
train_695053513,A
train_1968247152,B
train_184156616,A
train_71412176,B
train_2863705188,B
train_2528131157,B
train_1112263950,A
train_64979366,B
train_2552330451,B
train_1667787081,B
train_3345043772,A
train_2308117666,A
train_1790589612,B
train_1871047680,A
train_832594863,A
train_2627527966,A
train_961821294,A
train_3941806551,B
train_1664677081,B
train_3045714956,B
train_2099518922,A
train_3093136002,B
train_1992380085,B
train_293196592,A
train_3388947886,A
train_2029562712,A
train_346803938,B
train_1132438934,B
train_4006326936,B
train_3162847402,B
train_1296264632,B
train_3709317560,A
train_3137411481,B
train_3349322010,B
train_3114899880,B
train_2891225845,B
train_540840396,B
train_3742653406,B
train_3749487198,B
train_3135607945,A
train_901684140,B
train_1937601239,B
train_1880929597,A
train_1522207134,A
train_1874456551,A
train_1729429296,A
train_3247122960,A
train_2310363173,A
train_860641303,A
train_1377183442,A
train_4274260119,A
train_1206402922,B
train_1214655839,B
train_2852165598,A
train_2283347771,B
train_4182674456,A
train_323026487,B
train_1252124859,A
train_1519485936,A
train_4046479071,B
train_1207529812,B
train_3711742449,A
train_3428160412,B
train_2356466469,A
train_1258404841,B
train_3447300518,B
train_3171223531,A
train_2106586822,B
train_3056131110,A
train_155883223,B
train_895328091,A
train_3017236150,B
train_151926887,B
train_56845904,A
train_3694744999,B
train_1490561092,B
train_4171314185,B
train_1513986071,B
train_1914519360,A
train_2398391490,A
train_2155964736,B
train_2664616063,B
train_1047410607,B
train_2898485228,A
train_1010489969,A
train_285297353,A
train_3910652416,A
train_2342653116,B
train_2465941424,B
train_1532837864,A
train_1045115319,A
train_4255001230,A
train_4196673840,A
train_187062043,A
train_3106772914,B
train_2191483137,A
train_3850571861,A
train_945690238,B
train_3201853055,A
train_657024444,B
train_3491989913,B
train_1605540675,A
train_2676733711,A
train_4174098471,B
train_2465777270,B
train_2526208445,B
train_774486680,A
train_4219121509,A
train_2209220297,A
train_3588114346,A
train_1977384257,A
train_3052078048,A
train_3442284422,B
train_1409106246,B
train_2959072087,A
train_1549173015,A
train_3148372104,A
train_85919788,A
train_2671913656,B
train_2443100615,A
train_3688161627,A
train_1891446780,A
train_3896461146,B
train_3274406843,A
train_403017331,B
train_835240013,A
train_2153071047,B
train_4150606823,A
train_4048203182,A
train_1155707973,B
train_2946365434,A
train_428736397,A
train_167997961,A
train_1703764615,A
train_2603985776,A
train_1926889612,A
train_1894925108,B
train_142259834,B
train_2445337082,B
train_1173071963,B
train_1303317168,B
train_2248985496,B
train_2520964801,A
train_1997669707,B
train_865113116,B
train_836311219,A
train_26822064,B
train_112642090,B
train_3235559155,B
train_2924610122,B
train_1594343409,A
train_2005379003,B
train_2002514027,B
train_1342406971,A
train_3446928223,A
train_2675754520,B
train_2093317036,A
train_662235578,B
train_341687066,B
train_3100911188,A
train_3017381283,A
train_1810899178,B
train_1739433013,A
train_4004254841,A
train_1905351379,B
train_1257844220,A
train_1865540235,A
train_3650961754,B
train_2729160884,A
train_2855537106,B
train_1230696528,B
train_1260478439,B
train_1256952895,B
train_2393407401,A
train_2675380104,A
train_4074318497,B
train_280192455,B
train_1636150446,A
train_1855534452,A
train_3807516223,B
train_3024613919,A
train_3432898912,B
train_52637937,A
train_368430234,A
train_3821487100,A
train_2747428428,B
train_341607971,B
train_2187617954,A
train_3969852884,B
train_2625921730,B
train_1312554382,A
train_78090217,B
train_330560290,B
train_59089053,B
train_1821438258,A
train_2890115266,B
train_2835475577,B
train_1821702117,B
train_779520875,A
train_1803797751,B
train_1141676885,B
train_3174651373,A
train_3591990178,A
train_3991691726,A
train_2038571657,A
train_4151725726,B
train_967409024,B
train_3349359430,B
train_2593498699,A
train_2039592977,A
train_3975088828,B
train_520822103,A
train_3120875911,B
train_4190880674,B
train_4170123140,B
train_3995199110,B
train_177654789,A
train_701475816,A
train_90031968,A
train_2075871367,B
train_1157363727,A
train_473385716,A
train_1683316367,B
train_1551002423,A
train_637161381,A
train_1773881450,A
train_3655322406,A
train_26815533,B
train_3649138806,A
train_1623971378,A
train_2348814033,B
train_3497882951,B
train_3219399405,B
train_4068902911,B
train_1157988275,A
train_3623244464,A
train_3027385477,A
train_949515627,B
train_3502863680,B
train_1016057973,B
train_4011955071,B
train_3491901981,B
train_2653433514,B
train_3931655891,A
train_2649682349,A
train_2354951680,B
train_2399519286,A
train_1667932865,A
train_4241465161,A
train_2729507625,B
train_2735482142,A
train_2333544608,B
train_1953986241,B
train_3886539113,B
train_2513230541,A
train_1877766363,A
train_152608197,A
train_3774069220,B
train_2744987924,B
train_1116653964,B
train_2444027744,B
train_2920666320,B
train_25803842,B
train_1038603221,B
train_2240868695,B
train_4203480636,A
train_1574154865,A
train_2920867027,B
train_496852400,B
train_747740938,B
train_1064196397,B
train_1428900335,B
train_2358100521,B
train_2487104464,A
train_1299590440,B
train_3094537263,B
train_3606213816,B
train_867120130,A
train_2734596958,B
train_1924571743,B
train_3882746388,B
train_3075401754,A
train_3541926042,B
train_3934337015,B
train_1715063149,A
train_3238013177,A
train_2039417878,A
train_2196871593,B
train_2759274653,B
train_293840683,A
train_3587589333,A
train_1271345077,B
train_1315079931,A
train_1237754167,A
train_1632450065,B
train_2048941336,B
train_3946712857,A
train_284866419,B
train_3251099667,A
train_1975719326,B
train_3932061605,A
train_2052752888,B
train_1782598942,B
train_739358681,B
train_3668342417,A
train_2183678151,A
train_1469750694,A
train_66741793,A
train_1075327604,A
train_622129664,A
train_2774264958,A
train_3039915401,B
train_1007652298,B
train_3039418650,A
train_2057344502,B
train_1944685321,B
train_3692626898,A
train_2255798292,A
train_44502240,A
train_2274014318,B
train_3266959299,A
train_309343035,B
train_369801432,B
train_3426060416,A
train_1665093785,A
train_560123349,B
train_1127942057,A
train_630020554,B
train_2037557811,B
train_2566437159,B
train_2544632827,B
train_868185841,A
train_2434172846,A
train_1831606454,A
train_3671173710,B
train_1077532171,A
train_3484946153,B
train_717418543,B
train_3759644397,B
train_994422991,A
train_114939732,A
train_1628158766,A
train_1763921654,B
train_1133767193,B
train_1837238537,A
train_945993633,B
train_1788524608,A
train_338593614,A
train_1072644563,A
train_4179102634,A
train_3067741824,A
train_3880192371,A
train_4271440123,B
train_1498096424,A
train_111871059,B
train_879975945,A
train_1859864960,A
train_3864341392,A
train_2804233875,B
train_3544770416,B
train_3832103819,B
train_3275578322,B
train_518620329,A
train_2965180080,A
train_61834822,B
train_1582171036,B
train_3649193521,B
train_3258977948,B
train_718919006,B
train_2652042219,A
train_139584756,B
train_2061463338,A
train_2316994232,B
train_2552899621,B
train_1995257694,B
train_138939448,B
train_231845289,B
train_1983912166,B
train_3401246194,A
train_3508414283,A
train_2212250828,B
train_3647070982,B
train_220652370,B
train_562380105,A
train_421796262,B
train_2180796630,B
train_2619299964,A
train_2042252057,B
train_1278959747,A
train_3400316852,B
train_704588595,A
train_3466902659,A
train_3004932105,B
train_3380862646,B
train_1325906438,A
train_2354057209,A
train_608037340,A
train_4201440953,B
train_3425512268,A
train_879306231,B
train_443787474,B
train_1007193805,B
train_3806239111,B
train_4099831920,B
train_2710211037,B
train_3812893879,B
train_246152977,B
train_3812876516,B
train_2411860849,A
train_3213158570,A
train_3489043687,A
train_2227382238,B
train_4223951707,A
train_2296581057,A
train_2548327910,A
train_2501219681,A
train_2300193253,B
train_1478000026,B
train_2860634952,B
train_3298561049,B
train_1544054479,A
train_3833873211,B
train_366184210,A
train_2325457554,A
train_296085715,B
train_2332537637,B
train_181642781,A
train_2296416137,A
train_3128357727,B
train_3549128200,A
train_4078240451,B
train_1722309248,A
train_545577069,B
train_3197900532,B
train_535841138,A
train_1990747372,A
train_2469516077,A
train_3622801450,A
train_4274443420,A
train_145164040,A
train_3688622610,B
train_2359866920,B
train_1903768298,A
train_3350812613,B
train_2730349423,B
train_1474389719,B
train_387726735,B
train_81718756,B
train_555768854,B
train_3897428214,A
train_4231654590,A
train_4220944816,B
train_1727950681,B
train_5411338,A
train_381425360,B
train_25389508,B
train_2275755003,A
train_3921439127,A
train_1286268457,A
train_4270145275,B
train_3839787398,B
train_2625614143,A
train_2646892179,A
train_1588027285,A
train_2014756510,B
train_1796020549,A
train_1774334037,A
train_3184244542,A
train_1897709362,B
train_4051865283,A
train_3244613785,B
train_2867163206,A
train_1116962944,A
train_2005215286,A
train_303149329,B
train_2902736490,A
train_3529048992,B
train_3410558364,A
train_1617634246,A
train_781272726,B
train_1547225651,B
train_2918364385,B
train_4284889202,A
train_855327856,B
train_3934735783,A
train_2193028122,A
train_2834448264,A
train_2018235992,A
train_1810772318,A
train_1889635330,A
train_2373094044,B
train_1393474264,A
train_778085922,B
train_3421534822,B
train_1587667041,A
train_1199327070,B
train_813731848,B
train_1147615336,A
train_4155823525,B
train_508946898,B
train_3227415372,A
train_1442510256,B
train_1685481950,B
train_3684766683,A
train_132290134,B
train_4174661706,A
train_2691155086,B
train_1729570806,B
train_1981203312,B
train_4199252005,A
train_548139611,B
train_3295668213,A
train_1853266775,B
train_2735713915,A
train_4262833848,A
train_1102384653,B
train_2548394465,A
train_1702982321,A
train_3143448237,B
train_1534449335,A
train_3928023859,A
train_267405163,B
train_876665638,B
train_3054129331,A
train_2334196892,B
train_1037468102,A
train_659739120,B
train_1861058077,B
train_2615383787,A
train_3689639948,B
train_1811927205,B
train_3337601131,B
train_631510733,A
train_3769244888,B
train_795964177,B
train_3809112661,A
train_2832703106,A
train_1001967871,A
train_2648140025,B
train_3204576812,A
train_425114771,A
train_3667756610,B
train_2260207911,B
train_3713513021,B
train_1916682515,B
train_3607339742,A
train_2018082441,A
train_4093155370,B
train_2406981596,B
train_1354392971,A
train_2542630910,A
train_4144729182,A
train_445405962,A
train_2545373947,B
train_1719511680,A
train_85566682,B
train_968298886,A
train_1832438242,A
train_1867073614,A
train_741750401,A
train_1106505348,B
train_3272447720,A
train_2376300347,B
train_855900294,A
train_3123468195,B
train_685594361,A
train_2329119397,A
train_3814815356,A
train_2481624849,B
train_3232109378,B
train_4071389067,A
train_931662080,A
train_4075000663,A
train_2344746744,B
train_2196808066,B
train_1916150761,A
train_1819136823,A
train_2477854904,B
train_308734330,B
train_2552263875,B
train_4021577039,B
train_4123730685,A
train_35171381,A
train_3101541083,B
train_2849800756,A
train_356344566,B
train_1520514513,A
train_3608663166,A
train_2470812322,A
train_3582330494,B
train_1812730090,B
train_1837245963,A
train_584687131,B
train_1714368602,B
train_1789512220,A
train_4091790877,B
train_1033998242,A
train_684221517,A
train_8181513,B
train_1207279180,B
train_3236494284,A
train_278611041,A
train_2638824647,B
train_1936565820,B
train_871799288,B
train_1229663940,A
train_4200531334,A
train_3581366147,B
train_1327496388,A
train_4037768651,B
train_1521704259,B
train_911572792,A
train_3109932124,B
train_2713087697,B
train_2275845071,A
train_2848298126,A
train_1201891555,A
train_3619321673,A
train_1812742080,A
train_3640578318,A
train_3679433648,A
train_4233335116,A
train_4201975811,A
train_3016139897,A
train_125153043,B
train_2614562512,B
train_472525522,B
train_730146782,A
train_663914417,A
train_2069953395,B
train_485150756,B
train_3874240597,B
train_1008169190,A
train_3630936139,B
train_1295082421,A
train_3710409746,A
train_2833367313,A
train_2823547817,B
train_1356749544,B
train_1259981825,B
train_1381454307,A
train_2945970590,A
train_3480877149,A
train_3027716295,A
train_2326733522,A
train_415430157,A
train_4285061404,B
train_1634987190,A
train_595847435,A
train_2002913562,B
train_2612248673,B
train_3867452728,B
train_2678717124,B
train_3357201726,B
train_748615116,B
train_3609540429,A
train_1294401561,A
train_590339832,B
train_2519066630,A
train_3570051929,A
train_2072687623,A
train_1195528686,A
train_3938799470,A
train_166029983,B
train_3466537045,B
train_2995467697,B
train_361314372,B
train_2820841539,A
train_3433289823,B
train_4088626787,A
train_4164524071,A
train_3416466458,A
train_2286780751,B
train_3002199868,B
train_1298274482,B
train_2130799655,A
train_1102810526,B
train_1821709565,A
train_556843240,A
train_1580013939,B
train_1278772241,B
train_1182806700,A
train_3154676147,A
train_2386976228,A
train_631571074,B
train_3929765566,A
train_445817771,A
train_4081561394,A
train_2417225946,A
train_3081629061,A
train_1257767947,A
train_577345215,B
train_380075901,A
train_3230106292,B
train_3164075496,B
train_4126525064,B
train_439225753,B
train_1238914099,A
train_3519225954,B
train_3211276247,B
train_3846149282,B
train_738328440,A
train_197033444,B
train_566887966,B
train_1801490048,A
train_3370528070,A
train_3298437916,A
train_2036100881,B
train_959831513,A
train_1372224284,B
train_1491826285,B
train_938415932,B
train_4242844180,A
train_3516253232,B
train_2538702279,A
train_3487724923,A
train_1477567054,B
train_1952195376,A
train_1711798018,B
train_3658160388,B
train_3875379306,B
train_3001135984,B
train_888798045,B
train_1060767444,A
train_2073656817,A
train_3386310673,B
train_1116319109,B
train_2612315758,A
train_3751589721,B
train_82476166,A
train_76561078,A
train_2589156613,B
train_3060042113,A
train_1551984809,B
train_1299609414,A
train_3254410314,B
train_564939182,A
train_3002538553,A
train_2511545491,B
train_1449731282,A
train_3144547310,B
train_1807209027,B
train_741855878,A
train_3747517193,A
train_1088802171,A
train_537168091,A
train_3950918355,B
train_694823933,B
train_2165364184,B
train_872816880,B
train_1225257994,B
train_2292726163,B
train_2042167397,B
train_320960219,B
train_4273635886,A
train_3424106526,A
train_2202815896,B
train_1334607875,B
train_1533892478,A
train_3757879175,B
train_2240548395,B
train_3175266145,A
train_3858687448,A
train_1676438253,B
train_286373664,A
train_3287247,A
train_2041937727,A
train_3696148858,A
train_977927106,A
train_946312203,A
train_1946229607,B
train_1801910002,A
train_3755015405,A
train_1543699099,B
train_73829602,B
train_2867438526,B
train_2699941765,B
train_4259455095,A
train_737100211,A
train_833998802,A
train_2172967167,A
train_3600825315,A
train_3144745792,B
train_46142358,B
train_4226986836,A
train_346284771,B
train_3301031972,B
train_3110949178,B
train_2633277918,A
train_360178112,B
train_2093263665,A
train_1227624740,A
train_4079491921,A
train_408229003,B
train_1689205039,B
train_338630884,A
train_1075062798,B
train_2503877720,B
train_2594776934,A
train_250139717,A
train_2156970214,A
train_2672297260,A
train_563800209,A
train_1954067281,B
train_1435393151,A
train_3253166748,A
train_2529762995,B
train_447008796,B
train_1449550587,B
train_1941882643,B
train_3426513992,A
train_2040081110,B
train_2033539330,B
train_2801947584,B
train_4226270632,B
train_3752992484,A
train_410033747,B
train_2566883003,B
train_3388307553,B
train_947932989,B
train_940886834,A
train_2789206922,A
train_504592404,B
train_323971882,A
train_2860426778,B
train_1923225006,B
train_3554392967,A
train_975623513,B
train_3705337413,B
train_2987661053,B
train_3021559543,B
train_774135505,A
train_2037474455,A
train_2895188772,A
train_2620260691,A
train_680463922,B
train_2107191197,A
train_1657508558,B
train_2394576597,B
train_1663338226,A
train_3012538957,A
train_3413238111,B
train_3068007886,A
train_3519336184,A
train_1786989153,B
train_2227859828,B
train_2243253256,A
train_3383459042,B
train_1852661055,B
train_20565053,A
train_1365034763,A
train_662727227,B
train_3075839652,A
train_3061025212,B
train_155075900,B
train_1090609379,B
train_169733471,A
train_750606411,A
train_2020454079,B
train_4271719007,A
train_3038474963,A
train_4259265805,B
train_2200512592,A
train_4198115389,B
train_1414967232,B
train_331194711,A
train_4008286784,A
train_3648491997,B
train_819795136,A
train_2379988409,A
train_2476656927,A
train_354256073,A
train_1543462641,B
train_3610612695,A
train_497301154,B
train_1731392151,B
train_2191123877,B
train_1270173220,B
train_3939536090,B
train_1574441706,A
train_2311607048,B
train_3548702585,B
train_2146806770,B
train_3168205311,A
train_1699906038,A
train_3534764813,A
train_743832145,B
train_605371801,B
train_2316761279,B
train_2996988782,B
train_871560287,A
train_2936404786,A
train_4205566865,A
train_2825331820,B
train_1425026566,A
train_197769535,A
train_2513708601,A
train_3831233507,A
train_3359862817,B
train_1652119096,B
train_78938491,A
train_1746116551,A
train_266751518,B
train_3266736681,A
train_3516428703,B
train_3015913007,A
train_3431290770,A
train_4100454281,B
train_751285919,B
train_119549491,B
train_3544265366,B
train_3422584886,A
train_2916855567,A
train_2793598441,A
train_1144145055,A
train_1357595682,A
train_1413957305,B
train_3360072502,A
train_1621517102,B
train_2755004953,B
train_2159393534,B
train_2832747885,B
train_468834165,A
train_2894171037,A
train_3706699164,A
train_4263542341,A
train_995556421,A
train_4180225891,A
train_1346233951,B
train_591279927,B
train_3850761097,B
train_1089891258,B
train_1230812267,A
train_817053636,A
train_3612922519,A
train_473735907,B
train_604986049,B
train_1884186177,B
train_3530384427,B
train_1911668805,A
train_2117171313,A
train_2014880255,A
train_1341115131,B
train_2886086696,B
train_3039163406,A
train_635194314,A
train_1455623679,A
train_1618379615,A
train_110231849,B
train_3087359210,A
train_2722604674,B
train_1154499027,A
train_2086750735,A
train_2977435948,A
train_2970890048,B
train_1063573357,A
train_1531873456,A
train_3280941656,A
train_1931815019,B
train_62846177,B
train_2669597482,B
train_3769337648,A
train_1408461799,A
train_3083046401,A
train_813852942,B
train_3931611890,A
train_1273500223,B
train_3569261808,B
train_1590610315,A
train_1735352405,A
train_3152016959,B
train_3883125392,B
train_3586909807,B
train_1251160456,A
train_1112485367,A
train_1877459666,A
train_1881093879,A
train_2856003063,B
train_2754666748,A
train_1044628708,A
train_2055282780,B
train_1426650191,A
train_1540889923,A
train_211794714,B
train_2088628697,B
train_2447049230,A
train_3847605606,B
train_618767318,B
train_1811158101,A
train_1463609655,A
train_3320065150,B
train_3818798970,A
train_300527645,A
train_1270295949,A
train_1175058034,A
train_1880769978,A
train_1013325239,A
train_1803567488,A
train_1097550061,B
train_2579529237,B
train_1350468748,A
train_892188014,A
train_822407994,A
train_3690558882,A
train_1889859980,A
train_862864956,A
train_3249198936,B
train_863866023,B
train_1118650552,B
train_4129455418,A
train_2180674709,A
train_320788464,A
train_3036630084,B
train_2917234304,A
train_3791342306,A
train_3783997370,A
train_279286908,A
train_2923258132,B
train_3159718870,B
train_2307247793,A
train_4162512496,A
train_1754095711,B
train_2396565433,B
train_3215748032,A
train_4063036715,B
train_2829521104,B
train_260696695,A
train_1106617994,B
train_564344796,B
train_2024782240,B
train_2047507853,B
train_2910620594,B
train_3951507364,A
train_235430692,A
train_3704978123,A
train_1549316072,A
train_862531311,B
train_863137792,B
train_1996647206,B
train_2757428531,B
train_2118923787,B
train_543935887,B
train_3069136324,B
train_95201212,A
train_1118147925,B
train_398181303,A
train_893545738,A
train_3175858219,A
train_1865087347,B
train_869737991,B
train_3968132157,A
train_1162032368,B
train_1470952843,A
train_1236433423,A
train_2625341194,A
train_3101919960,B
train_4173374701,B
train_4214794601,A
train_3238336617,A
train_1791615819,B
train_660107926,A
train_3576182994,A
train_3306786670,A
train_3844659885,B
train_3636207957,A
train_1174605619,B
train_2798564886,A
train_1206509401,A
train_3680814205,B
train_1831970168,A
train_1918265898,B
train_1494164996,B
train_826720293,A
train_429108540,B
train_578046702,A
train_2415164870,B
train_3455239998,B
train_948011134,A
train_3422929946,A
train_4121420285,A
train_1915020144,A
train_3905559936,A
train_3744697578,A
train_72720803,A
train_3736473817,B
train_816628108,A
train_1621476268,A
train_2130010369,B
train_4111791348,B
train_1531282106,B
train_1222188217,B
train_2349449716,B
train_2927338861,A
train_3783671867,A
train_2317288464,A
train_4212311687,A
train_479869909,B
train_3596545373,A
train_4134786370,B
train_1079718750,B
train_3825046482,A
train_2519291466,A
train_3112062479,B
train_3485549025,B
train_3647681836,A
train_3386756028,A
train_2925544114,A
train_1618416225,B
train_709064886,A
train_342144940,B
train_342651075,B
train_2256825226,B
train_2335674199,B
train_1983473161,B
train_4242829135,B
train_1189865249,B
train_4077859018,B
train_420396090,A
train_2936004815,A
train_3296159135,B
train_3990013621,B
train_2985626822,B
train_2531131468,A
train_451372310,B
train_1760703972,B
train_1931559900,B
train_704280923,B
train_2589632767,A
train_1430234882,A
train_4064947764,A
train_132014334,B
train_2982289347,A
train_1996430577,B
train_485375973,A
train_3165784086,A
train_3830739904,B
train_2106345431,A
train_665119799,A
train_1759615163,B
train_2447642391,A
train_3437196278,B
train_3602345541,B
train_750601432,B
train_1917607402,B
train_2640918643,B
train_2675153303,A
train_2188839076,A
train_803605409,A
train_3669359231,A
train_2113862233,B
train_69645467,A
train_3899476801,B
train_2257199687,B
train_3566117367,B
train_2766312373,B
train_193445313,A
train_3399518551,B
train_570714777,B
train_1151186123,A
train_3120459397,A
train_2976133794,B
train_679746676,B
train_3233948981,B
train_443958437,B
train_818314268,B
train_1395782248,B
train_1514837750,B
train_837513604,A
train_2076763844,B
train_4039497756,A
train_2169451066,A
train_3463819423,A
train_1070904466,B
train_3914586021,A
train_3193049953,B
train_2571266617,A
train_2835781156,A
train_828377116,B
train_196456496,B
train_2193184046,B
train_3503540965,A
train_3216538620,A
train_178100289,B
train_2853373881,A
train_1602572510,A
train_370088079,A
train_193792916,A
train_381219319,A
train_1931459725,A
train_2691409194,B
train_3028527344,A
train_2384763368,B
train_4061988159,B
train_3369714307,B
train_3405014841,B
train_2011626673,B
train_23536934,B
train_3402693191,B
train_2234021757,A
train_560703229,A
train_847216882,A
train_1214711349,A
train_4258920333,B
train_2375952912,B
train_373558729,A
train_3619956022,B
train_680944778,A
train_1036373061,A
train_1240737277,B
train_269799697,A
train_2243840682,B
train_2173601616,A
train_759525465,A
train_4179871082,A
train_2921037997,A
train_716300096,B
train_3370780929,A
train_2126008165,B
train_574540438,B
train_543954089,B
train_2411487677,A
train_3372182027,B
train_1184289466,A
train_3773820707,A
train_923075037,B
train_383219687,B
train_3921929037,B
train_1723240331,A
train_2693326656,B
train_3114989385,B
train_704667402,B
train_541225282,B
train_3974138981,B
train_1337901649,A
train_3600176569,A
train_4240659190,A
train_2048244342,A
train_558528049,B
train_2108922556,B
train_4012511085,A
train_644516847,B
train_1898331644,A
train_629698871,B
train_1771711744,B
train_4001101855,A
train_3529301428,B
train_801712648,B
train_683061852,A
train_4120626376,B
train_2268634997,A
train_2740072996,B
train_3682735964,A
train_97549505,A
train_4292222220,A
train_948125544,A
train_3911749656,B
train_2946392079,B
train_1407134436,B
train_1784820399,A
train_3123482942,B
train_33320904,A
train_3890524688,A
train_589389261,A
train_2479991839,A
train_1373149002,A
train_2927927906,B
train_3877515619,B
train_1551895204,B
train_3051462006,A
train_3759484861,B
train_2590088316,B
train_1264101701,B
train_918698062,A
train_3640248078,A
train_1052810813,A
train_4019812149,A
train_983112771,A
train_481620656,B
train_4199021100,B
train_564008774,B
train_556683867,B
train_2030548572,B
train_558203136,A
train_3481020113,B
train_114594590,B
train_550485957,B
train_586047622,A
train_1740878703,A
train_92765207,A
train_3276706262,A
train_772898532,A
train_1326645459,A
train_3559274956,B
train_4154402774,A
train_1936082812,B
train_3325407026,A
train_4105978226,A
train_2469553492,A
train_2581443663,A
train_1342570670,A
train_1224177214,A
train_1097776268,B
train_2780936723,B
train_1198317904,B
train_2823515419,B
train_1857345978,B
train_394819320,A
train_4117098142,A
train_1336367748,B
train_594735237,B
train_2921972011,A
train_2015494134,A
train_400086650,A
train_1927816645,A
train_3188286640,A
train_2799857677,A
train_1235408031,B
train_1475710807,A
train_2021920837,A
train_1577017745,A
train_532289455,A
train_900719807,B
train_2157557059,A
train_3333970643,A
train_2320668457,A
train_1693277829,A
train_2660254774,A
train_3147356820,A
train_627263900,A
train_3596170261,B
train_1101239360,B
train_2929639614,A
train_2850423532,B
train_3186317134,A
train_2697515398,B
train_2325565983,A
train_1990904699,B
train_2339311768,A
train_1873732461,B
train_1490940390,A
train_440575274,A
train_1008876697,B
train_2706083260,B
train_2444787487,B
train_411863059,B
train_2734564444,B
train_141033189,A
train_3066475180,A
train_2770901594,B
train_697243088,A
train_1518599283,B
train_2341594838,B
train_2531375523,B
train_3261761655,A
train_1975656945,B
train_921294749,A
train_3485013261,B
train_3200308818,A
train_2906844685,A
train_944970109,B
train_692690780,B
train_541842836,A
train_2126366131,B
train_1619193911,B
train_3859888400,B
train_1019963663,B
train_858363172,B
train_2744756938,B
train_3998776303,B
train_2543179041,B
train_3567094173,A
train_951539587,B
train_4171006897,B
train_2984291125,B
train_1112875090,A
train_2929287455,B
train_1432394018,B
train_2453436368,B
train_2123409452,B
train_1833762547,A
train_1256352405,A
train_4062110244,B
train_2932951986,B
train_2567713643,B
train_2034044577,B
train_1248508311,A
train_3691031547,A
train_2791070721,A
train_2831495025,A
train_921688511,A
train_2044075971,B
train_734940443,B
train_3316942431,A
train_2131391567,A
train_444752808,B
train_16132637,A
train_2618064697,A
train_1702048436,A
train_2794496772,A
train_1541459814,A
train_3788210198,B
train_1833409571,B
train_485336870,A
train_19491375,B
train_2831331577,A
train_999343934,B
train_2206541187,B
train_2712886314,A
train_54942459,B
train_652807500,A
train_663760780,A
train_3650921444,A
train_296828326,B
train_2203095095,B
train_1155374178,B
train_777555424,A
train_2385333706,B
train_4280407716,B
train_3674027037,B
train_2407154713,A
train_1648519843,A
train_1646609516,B
train_454185237,B
train_987074750,A
train_3112905364,A
train_696620569,A
train_2848683509,A
train_4195493748,B
train_4055251876,B
train_737943878,B
train_3842075095,B
train_64369767,B
train_360443818,A
train_1722253742,A
train_3901301295,A
train_2803064908,A
train_1962047292,A
train_3737645286,A
train_3711275017,B
train_3542519052,A
train_2508814366,B
train_3319173288,A
train_776210967,A
train_1084469814,B
train_4156565810,A
train_1029471304,B
train_1518106687,A
train_1315609486,A
train_3788732937,A
train_1999622935,B
train_1061337929,B
train_3055714055,B
train_2731474405,B
train_4259445209,B
train_136028056,A
train_2481279023,A
train_958238827,B
train_4016802070,B
train_2074239380,A
train_526948393,B
train_952569291,A
train_424002158,A
train_2859598461,A
train_3510883773,B
train_641810434,B
train_1705077150,B
train_104387367,A
train_1943530167,A
train_328844229,B
train_2291833895,A
train_1010398399,B
train_3915858873,A
train_1764303317,A
train_1259369042,B
train_2952793081,A
train_123361185,B
train_4231564899,B
train_369946848,A
train_2808479093,B
train_3487572569,A
train_127429722,A
train_3078381199,A
train_1858165812,A
train_3728623564,A
train_2764809753,A
train_401938564,A
train_1247424670,A
train_2489277868,A
train_360080232,A
train_4187166313,A
train_2021138864,B
train_3517071901,B
train_1152285444,A
train_3804601533,A
train_1521896435,B
train_2802718665,B
train_309175062,A
train_680436439,B
train_1889874908,A
train_2137713061,A
train_876603643,B
train_4066250990,B
train_574936258,A
train_2494838367,A
train_1832736646,A
train_4034938348,A
train_2452897945,B
train_664339299,A
train_90742791,B
train_2542831527,A
train_3121193951,A
train_1043706319,A
train_138861103,A
train_410428101,B
train_930082724,B
train_1525645860,A
train_212741308,A
train_3559558808,B
train_1850931892,A
train_4231666385,A
train_4139517233,A
train_299824201,A
train_1638131807,B
train_3446316013,B
train_1046448568,B
train_1053524389,B
train_2148139000,B
train_1144482141,A
train_2293119895,B
train_3827320597,A
train_1031330510,A
train_2834235133,B
train_3198457335,B
train_3883967276,A
train_2668897905,A
train_1700184581,A
train_1392851178,A
train_3919638542,B
train_1201903674,A
train_2006667994,A
train_3313559725,B
train_744777001,A
train_2636587969,B
train_4063579498,B
train_1177446200,A
train_3312232868,B
train_3264403685,B
train_227769081,A
train_4004757115,B
train_1537954844,B
train_1901996499,B
train_4257840466,A
train_892995062,B
train_2820835416,A
train_1074412229,A
train_902153882,B
train_55159423,A
train_3256865328,B
train_455008498,A
train_1965022238,A
train_432611255,A
train_4007374415,B
train_2947688596,B
train_754178899,A
train_2998627649,B
train_2681444479,A
train_2904843101,A
train_1954677822,A
train_1307504895,A
train_4152380959,B
train_3287984607,A
train_2777586973,B
train_2781309154,B
train_883900695,B
train_1464496640,B
train_162803001,A
train_1217431872,A
train_1175801434,B
train_4183704017,B
train_283465252,B
train_3453241025,B
train_3122595366,A
train_831103743,B
train_1090536099,A
train_3799081457,A
train_709064958,A
train_1400047013,A
train_1546751036,B
train_2685594274,A
train_3882840215,B
train_698653694,B
train_1624543433,A
train_2291856852,B
train_3902313622,B
train_2588696693,B
train_3042616951,B
train_3873095329,A
train_2302471727,A
train_286468130,B
train_3015487282,A
train_1588290384,A
train_2831770592,B
train_3634694167,A
train_3340905435,A
train_2691835797,A
train_1860173389,B
train_1384939823,B
train_2199727977,A
train_3135278062,B
train_2037523553,A
train_3227306976,A
train_1021119469,B
train_4236024135,A
train_3556365342,B
train_4140935935,B
train_3901859980,A
train_623546295,A
train_1951510014,A
train_1465189932,B
train_2183904998,A
train_1509228178,B
train_993188081,B
train_4230504640,B
train_1501230985,B
train_2309291849,B
train_1955183733,A
train_3813502066,B
train_3994433628,A
train_2266574005,A
train_4203591002,B
train_3598710032,A
train_306058114,A
train_1019676873,A
train_2927086930,A
train_1870146827,B
train_610978136,A
train_2068722353,B
train_3123700839,B
train_1181213156,A
train_3660395076,A
train_1988620426,B
train_285473479,B
train_531638442,B
train_1752849291,B
train_2516167839,A
train_3625678804,B
train_2735065524,A
train_3951476567,B
train_3145313078,B
train_881494813,B
train_3031235277,A
train_2676250474,A
train_3338374613,A
train_1171752721,B
train_2865605743,B
train_1681743588,B
train_3016010915,A
train_2778800457,A
train_1408020612,A
train_436655715,A
train_2015537172,A
train_2108530164,A
train_2421003669,B
train_3838453903,B
train_3875463706,B
train_627860064,A
train_2839649688,B
train_730295273,A
train_2258884711,B
train_2529992947,B
train_439046122,A
train_2924920360,A
train_3793351575,B
train_412266008,B
train_678059816,B
train_2843876157,A
train_1702396743,B
train_1947048683,A
train_3517065759,B
train_2775742138,B
train_3281335331,A
train_447269474,A
train_4248356200,A
train_2958084425,B
train_2383298250,A
train_3406055332,A
train_1846374061,B
train_493873236,A
train_21994872,A
train_1203829705,B
train_1196698468,A
train_120804728,A
train_425048811,B
train_3692194433,B
train_2418932142,A
train_2609879565,A
train_2104401442,B
train_3721605783,B
train_3461164448,B
train_2172917277,B
train_197836564,A
train_1755882191,A
train_2352696598,A
train_1299356640,A
train_2631987098,B
train_1673826544,B
train_3555363470,B
train_1077196264,B
train_244380795,A
train_1402376683,B
train_1087316564,B
train_2159084270,B
train_3543526868,B
train_2950143891,B
train_2527735686,B
train_3292489057,B
train_3691998169,B
train_2504712389,B
train_3895295862,B
train_3486600899,B
train_767573916,B
train_899971785,B
train_3461015855,A
train_2647302788,A
train_2040317333,B
train_3270632649,B
train_2905875577,B
train_1195275393,B
train_853030012,B
train_2586335821,B
train_1454619127,A
train_4063398487,A
train_3615979429,A
train_221802664,A
train_1623562517,A
train_2964682134,A
train_4125145069,A
train_1086750387,A
train_1256014366,A
train_91405444,B
train_3546911738,B
train_4080335308,B
train_1280734901,B
train_2172511083,A
train_1443360503,B
train_1176979627,B
train_3233729713,B
train_991089390,B
train_541723311,B
train_3652812553,B
train_1948134329,B
train_4001179870,A
train_2834776851,B
train_1512738071,A
train_4118542018,B
train_2121180399,B
train_3208392688,A
train_51240575,B
train_2291550919,A
train_4005680040,B
train_108169842,A
train_865746276,B
train_3349251833,B
train_1796348010,A
train_113472922,A
train_3719402390,A
train_417261045,B
train_1507733818,B
train_3233808058,B
train_2163271280,A
train_1248486568,B
train_1089765047,B
train_2622383359,A
train_984464091,B
train_4105355395,B
train_4287379294,A
train_1737624902,B
train_4084569444,A
train_3833371768,A
train_1683564540,B
train_580680223,A
train_3825914537,B
train_1960681133,A
train_226142184,A
train_1071571164,B
train_1958953346,B
train_1288407846,A
train_315193891,B
train_1902722948,B
train_3424907658,B
train_926143325,A
train_4145697433,B
train_2314215954,B
train_399267310,B
train_3629721875,A
train_3443798869,B
train_970735232,B
train_2508721923,B
train_1419713774,B
train_3934798471,B
train_4149247737,B
train_2846157370,B
train_74914373,A
train_1847595366,B
train_1298752376,B
train_750237451,B
train_621571440,A
train_4232860961,B
train_2491259075,B
train_1698686805,B
train_429332580,A
train_3509331109,A
train_85470451,A
train_2553619997,B
train_2486862881,A
train_335780032,A
train_2760574660,A
train_1034209212,A
train_2617217555,A
train_800677398,A
train_1036048652,A
train_2345967319,B
train_4232319965,A
train_3145737441,A
train_4220997347,A
train_379342962,A
train_2697205398,B
train_3543586071,B
train_2553259737,A
train_2086850980,B
train_2907085539,A
train_1374408802,B
train_3144097341,B
train_1798656329,A
train_1027866385,A
train_1429464350,B
train_798196682,B
train_553807666,B
train_780301162,B
train_3023834127,B
train_692549082,B
train_4053748246,A
train_2799577143,B
train_1605001917,B
train_3598708422,B
train_2891918323,A
train_1761148474,B
train_2911836858,B
train_37401297,A
train_357365673,B
train_4057450694,A
train_3647045,B
train_2187802394,B
train_4066096848,B
train_1047131702,B
train_2215864841,A
train_2238311179,A
train_3379726749,B
train_3272104616,A
train_797536258,A
train_2028522333,A
train_2586013575,A
train_1779299281,B
train_532389543,A
train_232042928,B
train_3205075970,A
train_1541820872,B
train_1943466047,B
train_1831844180,B
train_3947674902,B
train_2435476985,B
train_2881678222,A
train_2248541107,B
train_233727226,A
train_4239032732,B
train_1743353316,A
train_3426404020,A
train_3783965554,A
train_1740078172,B
train_2777890742,A
train_2988314132,A
train_2480000517,A
train_3814673366,A
train_2254527140,A
train_1409122516,B
train_2062077201,A
train_2067371060,B
train_290243432,A
train_310405645,A
train_4095954881,A
train_3405163214,A
train_2834429502,A
train_2768337506,A
train_86364035,B
train_3513879526,B
train_389976803,B
train_1243721965,B
train_2010707051,B
train_1930236544,B
train_3507731710,B
train_2078625559,A
train_3029012040,A
train_3612242046,B
train_4130293355,A
train_3116364807,A
train_936865613,A
train_1334238439,B
train_1961497444,A
train_1361965593,B
train_119883068,B
train_1158555530,A
train_2575472540,A
train_880041580,B
train_686550288,A
train_3581848168,B
train_2906902484,A
train_1855249215,B
train_381568716,B
train_2375162891,A
train_2193468166,B
train_1834726971,A
train_526569647,B
train_1664607987,B
train_3048454745,B
train_1689931921,B
train_4177671757,A
train_528394457,B
train_4163693024,A
train_3147346620,B
train_2821900983,B
train_3994867733,B
train_1951068964,B
train_530611718,B
train_2414976614,B
train_1840332487,B
train_2901905293,A
train_2161405066,A
train_866049164,A
train_2342132898,B
train_360846823,A
train_1741830072,B
train_2418225388,A
train_1359948092,A
train_2898212571,B
train_2125533569,A
train_1501294870,B
train_3949867017,B
train_2321614650,A
train_3523076910,A
train_712686122,A
train_2880242346,B
train_262755510,B
train_3494712639,A
train_857564826,B
train_4291595630,A
train_1966173475,B
train_3406999737,B
train_3389467451,B
train_1603892274,B
train_2191506101,A
train_3071775755,B
train_683071252,B
train_2727056260,B
train_23932910,A
train_779610129,B
train_3705362014,A
train_2420224720,A
train_473931220,A
train_3643179875,A
train_4239433039,A
train_1416732314,B
train_3669524774,B
train_2576701068,A
train_1727195683,B
train_3071392783,A
train_174533514,B
train_2519734284,A
train_1100245836,B
train_1875005573,A
train_1088047343,A
train_394562168,B
train_795772169,A
train_487676624,B
train_3086078918,A
train_1345649171,B
train_942393904,B
train_3977334097,B
train_612716048,A
train_3814126796,B
train_1134884705,A
train_2238310920,A
train_1479600641,A
train_453011805,A
train_3678784756,B
train_2640870552,B
train_2839464006,B
train_1254316111,B
train_1983573294,B
train_1296711926,A
train_3499851644,A
train_4091828774,A
train_1823278423,A
train_565162607,B
train_3276294387,A
train_454941918,B
train_201426843,A
train_18597875,A
train_442506847,A
train_413612040,B
train_3712187874,B
train_1714000459,A
train_3906290197,A
train_4076463223,B
train_1759245390,B
train_2395519617,B
train_1292410305,B
train_3258209421,B
train_3678061025,A
train_510526172,A
train_2333651730,B
train_3267286668,A
train_971154013,B
train_2731515237,A
train_1311790265,A
train_1754155946,A
train_1098756040,A
train_3408665832,A
train_3514539321,A
train_595436076,B
train_2460739393,A
train_1679732896,B
train_941959345,B
train_705022505,B
train_767102330,A
train_4166358012,A
train_524624312,A
train_2751055011,B
train_3335610237,B
train_3834703479,B
train_684229881,B
train_871788963,B
train_3828113820,A
train_2746419015,A
train_1245693675,A
train_484630322,A
train_2273244474,B
train_3677053747,A
train_2020063432,B
train_3772456399,A
train_2878851339,B
train_2960135822,B
train_2680742165,B
train_2940867281,B
train_3076904924,B
train_4062318687,A
train_1806274412,B
train_3273514511,A
train_1577835733,B
train_804388602,B
train_1286292860,B
train_1531588553,A
train_1141051504,A
train_4096167566,B
train_3603035749,B
train_1473264068,B
train_570016701,B
train_3408111079,A
train_114085756,A
train_1214433846,A
train_2532953722,A
train_3884647552,A
train_483183815,A
train_1273358316,B
train_752055021,A
train_3276068311,A
train_3476664720,A
train_493467157,A
train_1548980216,A
train_2460001195,A
train_1387758757,A
train_1220919197,A
train_359531076,B
train_413909925,B
train_2883460410,B
train_1053380033,A
train_813499690,A
train_3806978624,A
train_1056799704,A
train_2697402166,A
train_1343196371,B
train_4202669240,B
train_79576086,B
train_3654927758,B
train_3270832852,B
train_4289215162,A
train_219923207,A
train_2294024568,B
train_3477492567,A
train_594344786,B
train_3481884359,B
train_1093294608,B
train_2835221229,A
train_1980270208,B
train_1749444787,A
train_2562687759,B
train_495814306,A
train_3736006560,A
train_938926690,B
train_4198005107,A
train_1714461223,A
train_183778557,A
train_1492147682,B
train_2687053814,B
train_3616756606,B
train_1253484092,B
train_339248773,A
train_3781417721,A
train_3450611748,B
train_2369724383,B
train_4101097542,B
train_1165410768,B
train_1050812973,B
train_963444446,A
train_1277990971,B
train_433534487,B
train_2498956705,A
train_3425476117,B
train_735026659,A
train_746901507,A
train_877188520,B
train_3960087499,A
train_2736754646,A
train_3672884036,B
train_3240472423,B
train_3144366839,A
train_3271827152,A
train_3640180688,A
train_3338907184,A
train_3608446304,A
train_1169229058,B
train_3584304146,B
train_3127216204,B
train_2541644299,A
train_2929996207,A
train_612473352,B
train_3580486655,A
train_1793318833,B
train_1328021124,B
train_2919333796,B
train_1091273671,B
train_1210040144,A
train_2806137365,A
train_2614828072,B
train_3501400079,A
train_3714087359,B
train_3444306580,A
train_2118539527,B
train_897848402,B
train_915338493,A
train_2225710029,B
train_2081013235,A
train_1419795104,A
train_3864437992,B
train_1825308317,A
train_353594891,B
train_75351581,A
train_242856641,A
train_184413811,A
train_81380140,A
train_1239109891,A
train_3459570760,B
train_968823646,B
train_985579008,A
train_409388823,B
train_2390567902,B
train_4091109590,B
train_3455642368,B
train_1456650843,A
train_1504621834,B
train_2645479590,B
train_365850213,B
train_130854284,A
train_3009304575,B
train_223835656,A
train_3389153976,B
train_883854478,B
train_1269363351,A
train_2757810249,B
train_2522455535,B
train_4863421,B
train_3282649358,B
train_348922647,A
train_93447273,A
train_3478715817,A
train_3900830092,B
train_2344885693,B
train_3584399802,B
train_2480012134,B
train_783949322,A
train_3961911264,B
train_1808017426,B
train_1087539245,A
train_1579826439,A
train_3078163196,A
train_3263177330,B
train_559553296,B
train_578748751,B
train_2928059404,B
train_3942485711,B
train_598686012,A
train_753768028,B
train_2540668007,B
train_3244424589,B
train_1117395015,B
train_518570998,B
train_1663980811,B
train_1193845109,B
train_1522570468,A
train_3681544001,B
train_1020755811,A
train_2494143504,B
train_1728471330,B
train_2848561396,B
train_2698644258,B
train_1591104350,A
train_1276986242,B
train_2050355015,B
train_4225971458,A
train_1627031913,B
train_730574107,B
train_462421564,B
train_4054986184,B
train_3235855765,A
train_1906548158,A
train_1328097264,B
train_3208748417,B
train_3675965337,A
train_395051171,B
train_742920196,A
train_188661866,A
train_1751020705,B
train_3178780323,A
train_2419365922,B
train_819803876,A
train_109979667,B
train_148003207,A
train_3192836924,A
train_680563089,A
train_2453487374,A
train_2377146244,A
train_3405650858,A
train_1748171701,A
train_3026453668,A
train_325327065,A
train_2423539741,B
train_3548659437,B
train_4009578158,B
train_3357035530,A
train_3892457877,B
train_2960536609,A
train_1149371320,A
train_2230621526,A
train_3642606932,B
train_4008498513,B
train_2245211087,A
train_4250494803,A
train_3747191953,A
train_3764873619,B
train_3535066268,A
train_3964038669,B
train_639777642,A
train_3884951093,B
train_2923956593,B
train_614964261,A
train_580639524,A
train_1149665327,B
train_1462352752,A
train_416491102,B
train_3532310293,A
train_1070240185,A
train_1494212344,A
train_2691955606,A
train_1810227284,A
train_1456347191,A
train_450051543,B
train_1310039277,B
train_1407993461,B
train_4104889914,B
train_1638605360,B
train_3668358404,A
train_3947101901,B
train_703040513,A
train_3072404865,B
train_2936323341,A
train_1105011674,A
train_1770220823,B
train_2881579783,A
train_3093956082,A
train_503811516,B
train_3241085284,B
train_579165481,A
train_2454007176,B
train_3491392837,B
train_3434424025,A
train_3630987777,B
train_2766692125,B
train_849207826,A
train_294829068,A
train_4293652851,B
train_3815077485,B
train_341249615,A
train_2312297106,B
train_3008125303,A
train_2185848906,A
train_1993758170,B
train_718670407,A
train_1911316834,A
train_2075710252,B
train_916518448,B
train_4100619349,A
train_117897702,B
train_3936746631,B
train_1649580706,A
train_474577094,A
train_2724595883,B
train_600113229,B
train_4108284855,B
train_1972348058,A
train_3563578565,A
train_1273135306,A
train_118697074,A
train_1117779697,A
train_1463059254,B
train_832450566,B
train_3810645974,A
train_3808457662,B
train_646600349,A
train_3998154540,A
train_353877543,A
train_3956522897,A
train_1221967908,A
train_3028842982,B
train_2153944527,B
train_3226556167,A
train_3237721314,A
train_1830776072,A
train_3653157196,B
train_3661511201,A
train_2274091041,A
train_4039731280,B
train_2406837703,B
train_1638941829,B
train_1862295578,A
train_2536516014,B
train_67411622,B
train_946548299,A
train_1974573008,A
train_89591030,B
train_36339473,A
train_520278351,B
train_3494783391,B
train_4217311361,A
train_2701228512,B
train_2812821746,B
train_3842160708,B
train_3118692549,B
train_2358888198,B
train_3285204111,A
train_269080636,B
train_3791712033,B
train_332521215,B
train_1892311299,B
train_2136985144,B
train_2361997442,A
train_2686752962,B
train_3447197982,B
train_1217495101,B
train_2525092192,A
train_1648335025,A
train_1250291339,B
train_69823973,B
train_2249428809,A
train_3052439570,B
train_3391563598,B
train_3685589275,B
train_536026157,A
train_1630742171,A
train_135534307,A
train_1185364207,B
train_3275970973,A
train_2855397847,A
train_1007689915,A
train_1394769492,A
train_4210802774,B
train_1521507810,B
train_1056832029,B
train_1833691462,A
train_1647008554,B
train_2041682151,B
train_1414450464,B
train_2816335538,B
train_2927777581,B
train_1176449441,B
train_1574459142,A
train_274475091,A
train_1211058368,B
train_424837019,A
train_3301792790,A
train_2613031398,B
train_1175865161,B
train_822790514,A
train_2648530396,B
train_465777969,B
train_2836494610,A
train_2121816171,A
train_4148225616,B
train_1561856024,A
train_1432463213,B
train_595175079,A
train_3354986359,B
train_590231388,A
train_1879840264,B
train_2118725934,A
train_3349737488,A
train_3289613561,B
train_3809416075,B
train_30908928,B
train_1909289475,A
train_1601395199,B
train_3002862391,A
train_226112794,B
train_2465520267,B
train_902012491,B
train_2735314214,A
train_2724232300,B
train_2909843111,B
train_3987413646,B
train_3009849463,B
train_3382674806,B
train_3645123152,A
train_1673660532,A
train_3838707458,B
train_2518862130,B
train_647111685,A
train_3228711259,A
train_468451127,B
train_675983017,A
train_2054269794,B
train_2957438881,B
train_919428912,A
train_3115308262,B
train_2629018026,B
train_2193000950,B
train_458626317,A
train_1258500296,B
train_285141857,A
train_18130084,A
train_4287026954,A
train_3568230105,B
train_4072300740,B
train_2259883032,B
train_1366857424,B
train_3077324247,B
train_123960860,A
train_1166150534,B
train_2053589180,B
train_1638450832,A
train_1270534859,B
train_4265417650,A
train_3910854934,B
train_3656090860,A
train_523434566,B
train_83767725,A
train_789333295,B
train_2997111901,A
train_1162894992,A
train_373224631,B
train_2815913867,A
train_956584173,B
train_1344878739,A
train_3812258243,A
train_3854694423,B
train_3084633116,B
train_3967525139,B
train_919361466,A
train_1998139985,B
train_2383415605,B
train_472528597,A
train_3465048930,B
train_2206112655,B
train_4159299766,A
train_3711036384,B
train_95102453,A
train_486704146,B
train_4283625477,B
train_3515427645,A
train_1143189221,A
train_1714666943,A
train_4049988554,A
train_4059237243,A
train_3395349010,A
train_2324379594,A
train_1961967337,A
train_1991934310,A
train_1870118961,A
train_1321883782,A
train_1162221285,B
train_1744357725,A
train_2204854715,B
train_4209407016,B
train_3378630193,B
train_1634879265,B
train_3687084875,B
train_2954346820,A
train_248818742,A
train_1911029025,A
train_4030416043,A
train_2391161451,A
train_2387753807,B
train_602423927,A
train_1416662974,B
train_3684396189,B
train_3318524762,B
train_518067135,B
train_1153365541,B
train_4258670803,B
train_3544995555,B
train_720716255,B
train_2722256462,A
train_1903888801,B
train_2922686139,B
train_2311158854,B
train_1225784982,B
train_4240095430,B
train_3546083498,A
train_2249177924,A
train_2995914375,B
train_1142086820,B
train_2296946515,A
train_2517149652,B
train_1643051237,A
train_2300977928,B
train_3810452166,B
train_2085843276,B
train_2523248394,B
train_1771361937,B
train_2359690067,B
train_1254601165,B
train_3273425672,B
train_4032887072,A
train_856159880,B
train_2277634706,A
train_3412473422,A
train_3131839334,A
train_760148421,A
train_3772569546,B
train_2347322245,A
train_3593881517,A
train_3778483304,B
train_1891249981,A
train_1976814467,A
train_2512410750,B
train_20723777,B
train_3625252048,B
train_1817722658,A
train_934581593,B
train_666310691,B
train_3182784609,A
train_3114429112,A
train_2277863279,B
train_2733440473,B
train_2181096049,B
train_4038854341,A
train_1419977018,A
train_3607427749,B
train_3673802767,A
train_2852402669,A
train_65068596,A
train_3035127267,B
train_2200603553,A
train_595612322,A
train_794079018,A
train_1592239513,A
train_3765122781,A
train_2856566816,A
train_1996626560,A
train_4175761083,A
train_9544348,A
train_3387923729,A
train_539174875,B
train_2614651568,B
train_3717412427,A
train_426994012,B
train_1310694957,B
train_1943245796,B
train_2634286731,A
train_1939723295,A
train_1987416953,B
train_908940351,A
train_1081931791,A
train_3132774775,A
train_1924007875,A
train_2422154288,B
train_1256952043,B
train_2044306000,B
train_3026971282,A
train_1932392577,A
train_3893399499,A
train_3903725610,B
train_227236291,B
train_1996635211,A
train_2115752379,A
train_691041440,A
train_2331808950,B
train_1930129406,B
train_989190235,B
train_2377621459,B
train_3172622125,B
train_535763330,B
train_2427492123,B
train_3636167029,B
train_1865992274,B
train_2823868766,B
train_2884525191,B
train_2911070846,B
train_208073458,B
train_2767216329,A
train_2992657661,B
train_2956253761,A
train_4144995528,B
train_1710545554,B
train_2277711141,A
train_315505078,B
train_687755518,A
train_4011758097,A
train_387341921,B
train_710743154,A
train_1466235757,A
train_1335623683,B
train_3156194756,A
train_1503251767,B
train_2135981354,B
train_1047071374,B
train_4242937486,A
train_463141836,A
train_2494441632,A
train_1982962911,A
train_1374857241,B
train_1986182742,A
train_1373942162,A
train_3740187989,A
train_4169828245,B
train_2654008584,B
train_1835268339,A
train_646723792,A
train_3535352952,A
train_383363634,A
train_2545746433,A
train_1032986852,A
train_1796758926,A
train_2136410307,A
train_3666439398,B
train_1165995677,B
train_1153672401,B
train_2045980820,A
train_2900997432,B
train_803936286,A
train_3622812004,A
train_3499462668,B
train_2832161902,B
train_1919371250,A
train_3405275395,B
train_2574210849,B
train_2845343774,A
train_3076387099,A
train_2893123996,B
train_3903410467,B
train_2295343152,B
train_4264226281,A
train_494405797,A
train_2157089089,B
train_2793307557,B
train_1718777957,A
train_1947831128,A
train_475344422,B
train_2226801890,B
train_3871621251,A
train_3266137956,B
train_1701465235,A
train_2113020097,A
train_3610816523,B
train_3405782673,A
train_1941850107,A
train_1928451553,B
train_1012061633,A
train_4260772792,A
train_1505602291,A
train_1914826199,A
train_3473245256,A
train_2067185062,B
train_2921097111,B
train_1456401714,A
train_3091509941,A
train_3243701461,B
train_1908536094,A
train_4013439429,B
train_2087208047,A
train_1825429894,A
train_4155754495,B
train_1572485642,B
train_3843570006,B
train_1749322479,B
train_3881179447,A
train_1596018219,A
train_1045493536,A
train_2307996108,B
train_356509462,B
train_4263609049,B
train_1136005569,B
train_26924643,B
train_1186281708,B
train_1147852158,B
train_4225386186,A
train_272635232,A
train_3017747929,B
train_2618801107,A
train_286092141,B
train_1310892568,B
train_1169701174,A
train_1154217347,A
train_3738949967,A
train_1049431051,A
train_3980650530,A
train_740019260,A
train_1766333123,B
train_243958242,B
train_4180954652,B
train_2086641637,B
train_284834537,A
train_2309945136,B
train_1220788249,B
train_994018125,A
train_3304282996,B
train_1256119302,A
train_3978871229,A
train_3923617837,B
train_61756466,B
train_1184779212,A
train_3835291007,A
train_4025640017,B
train_958149554,A
train_1266286721,A
train_2208541913,A
train_4268807371,A
train_2490678015,A
train_26921525,B
train_859021168,B
train_1966927418,A
train_1164747439,B
train_1295973460,B
train_3313499467,B
train_2199372711,B
train_1074364931,B
train_476013554,A
train_4292413539,B
train_677659721,A
train_1904312420,A
train_1826832194,B
train_3071236321,B
train_1963521129,B
train_1107499473,A
train_2498723841,A
train_2662861466,A
train_145923030,A
train_2275217849,B
train_87681822,B
train_2474024132,A
train_1429319973,B
train_3808512180,A
train_186728419,A
train_2156147550,A
train_4189460816,B
train_170551652,A
train_1289230075,A
train_4274952105,A
train_3119751659,B
train_3565089656,A
train_1086399354,A
train_666946279,A
train_3653164556,B
train_3087233573,A
train_4086229010,B
train_283631508,B
train_2921149256,A
train_2028171512,B
train_1039095307,B
train_219504178,A
train_3015774714,B
train_2617644869,A
train_2074530066,A
train_2833165362,B
train_2324715334,A
train_3196186760,B
train_476140098,B
train_444713842,B
train_2479098627,A
train_3002296048,A
train_2753534142,A
train_1919356562,A
train_4194983712,A
train_3848404146,A
train_2671703356,A
train_1731815347,A
train_1055548891,B
train_4064246493,A
train_324722145,B
train_2281665183,A
train_4071737082,A
train_1380848373,B
train_1039971953,A
train_1423119969,B
train_2149687414,A
train_4049723728,A
train_1714629975,A
train_2669144444,B
train_1764635954,B
train_2704346682,B
train_2029562141,A
train_2880774929,B
train_195139947,A
train_3038515231,B
train_2599598513,A
train_2075082651,A
train_1514682148,B
train_4247942030,B
train_1202677477,B
train_583797223,A
train_631881912,A
train_2190579573,A
train_3256559642,A
train_4014998707,B
train_2166943512,B
train_389511343,A
train_2407448416,A
train_824406050,B
train_85695123,B
train_190111315,B
train_3727530453,A
train_2467863001,A
train_2324551157,A
train_2202623017,B
train_3565772490,B
train_2618541852,B
train_2716241557,B
train_4047555989,B
train_3156880273,A
train_1700897367,B
train_3330613611,B
train_3062601533,A
train_3711719094,B
train_2356097542,B
train_3372308803,B
train_3750841713,B
train_64753959,A
train_1470506083,A
train_2890561395,A
train_1072427985,B
train_3579302795,B
train_4247501822,B
train_546884193,A
train_1563345821,A
train_527094653,A
train_2932373363,A
train_3045435390,A
train_1569930350,B
train_2761508353,B
train_985270715,A
train_532627371,A
train_475516319,B
train_1527680237,B
train_818478179,A
train_1659227489,B
train_748415307,B
train_3360989004,A
train_2689605755,B
train_3412310048,B
train_2827804475,A
train_3919969537,B
train_2528996600,B
train_77947208,A
train_2425427582,A
train_687993678,B
train_3137659164,A
train_2797951236,A
train_1640708897,B
train_3812226225,A
train_1187841016,A
train_1294572856,B
train_81352027,B
train_159388135,A
train_1459333617,B
train_2707731344,A
train_3710260761,A
train_762769874,B
train_1940632631,A
train_3723855717,B
train_899344728,B
train_1374193074,B
train_4149851899,A
train_1819580980,B
train_1877141758,A
train_1556735360,B
train_2878253542,A
train_2887145594,A
train_3617277197,A
train_694399511,B
train_4226238351,A
train_2246793715,B
train_1507109924,B
train_2899704227,B
train_1558565526,B
train_147039179,A
train_1217335117,B
train_2055538634,A
train_2933308440,A
train_1658366434,B
train_1827480785,B
train_2188846652,A
train_3656685075,A
train_1271861682,A
train_3065290614,A
train_2531151627,A
train_3136708270,B
train_1203924371,A
train_2429643966,A
train_2295727473,A
train_2704763742,B
train_3760839674,A
train_3912094864,A
train_592611428,A
train_3099437730,B
train_3157944729,A
train_1520289828,B
train_1323351146,A
train_1763922059,B
train_4074037333,A
train_3787136840,A
train_1309576111,B
train_1601991592,B
train_3957743951,B
train_23663822,B
train_3281762896,A
train_3572562586,B
train_2971251485,A
train_2710511017,A
train_3599713514,B
train_2438414511,B
train_863602133,B
train_2083787513,A
train_1718278667,A
train_3166922592,A
train_2964045127,A
train_779520769,B
train_3623718303,A
train_319335895,A
train_3108984297,A
train_812396702,B
train_2599690731,B
train_2150689456,A
train_948199342,B
train_2899198428,B
train_704708073,B
train_1942209644,A
train_3749955502,B
train_3243285417,A
train_1807239115,B
train_4074879430,A
train_4017496923,B
train_1429797156,B
train_1048665527,B
train_952343981,B
train_1869153780,A
train_3681087630,B
train_4267778918,A
train_1837965443,B
train_2812442440,A
train_204765486,B
train_3344630314,A
train_3668378158,A
train_4223688912,A
train_2278982039,A
train_2809978496,A
train_2604148185,A
train_2860218642,A
train_3042115262,B
train_4194396226,A
train_898943418,B
train_1458933053,A
train_4282331229,A
train_3949355563,A
train_1325761027,A
train_1045583123,A
train_1036424146,B
train_1318035381,A
train_765823388,A
train_3163289473,B
train_799363063,A
train_3920100135,A
train_437717851,B
train_549311674,B
train_3215382846,B
train_2203253743,A
train_123708235,B
train_1854467603,B
train_2977659991,A
train_3843335964,A
train_2979974702,A
train_211842509,B
train_1841368245,A
train_3397507732,A
train_3381620440,A
train_2214360920,A
train_580107475,A
train_4019901161,A
train_1382621881,B
train_2451758778,A
train_1930490615,A
train_2066020280,B
train_2121509737,A
train_1024034764,B
train_2176798540,B
train_2306578526,B
train_4265884653,B
train_3307007102,A
train_3079920326,A
train_2313083685,B
train_3213838956,A
train_1159295868,A
train_696851414,A
train_4217728604,B
train_1765722951,B
train_2526110709,B
train_3487368619,B
train_4110011825,A
train_3938323603,B
train_2609699197,A
train_3255270010,A
train_3022743106,A
train_1493925698,A
train_3603224618,A
train_117381220,A
train_894358873,A
train_1066583882,A
train_2923757323,B
train_1195145974,B
train_637860796,B
train_857485163,A
train_2933418129,B
train_2845480992,B
train_1377593974,A
train_1348648183,A
train_3320559351,B
train_4291793569,B
train_568877022,A
train_4005876457,B
train_4204936083,A
train_534630555,A
train_3233068605,A
train_3374686020,A
train_794478049,A
train_2476174738,B
train_787378662,A
train_933908241,A
train_353691936,A
train_3424672118,A
train_3055551411,B
train_1093267500,B
train_2986446502,A
train_2970276070,A
train_789678463,B
train_1660320565,B
train_1757679059,B
train_834699999,B
train_3653591340,B
train_2948165449,B
train_2233764339,B
train_3752762912,A
train_830792094,B
train_2595861940,A
train_3949196391,B
train_3347288996,B
train_3733607493,B
train_2045038097,A
train_1458278472,B
train_2888979065,A
train_289928969,A
train_1406791846,A
train_2582667765,A
train_1581737517,B
train_4150578390,A
train_1119587076,A
train_2915864414,A
train_424882435,A
train_3697166963,A
train_1021682973,A
train_3657076566,A
train_1712400700,A
train_1158252701,B
train_1680815829,B
train_2335515391,A
train_2648443083,A
train_792701674,B
train_3120360765,B
train_639682085,A
train_1035029515,A
train_917428888,A
train_246985913,B
train_3442294376,B
train_2037987558,B
train_1966387856,A
train_3173603888,A
train_828797371,B
train_859490431,A
train_3488651977,B
train_1147405041,B
train_3132251772,B
train_1466669793,B
train_601163629,B
train_1797572588,A
train_1821837110,A
train_3246861100,B
train_216243666,A
train_3195775448,B
train_3506084724,A
train_1196801594,B
train_1641198444,B
train_2052288573,A
train_1005605263,B
train_838965779,B
train_1189549200,B
train_3377849721,A
train_95230727,B
train_809411137,A
train_3134169829,B
train_2884866346,A
train_698212721,B
train_915304139,A
train_2950797415,A
train_3351248344,B
train_517675309,A
train_2646893995,B
train_1642491796,A
train_2629377165,B
train_2184763987,A
train_3579417246,B
train_3513945974,B
train_3770650045,A
train_3213656133,B
train_769115990,A
train_3077942942,A
train_3228135424,A
train_4179691234,A
train_3769291714,B
train_3128277668,B
train_4269276050,B
train_3940385534,B
train_3406249871,B
train_2521010044,B
train_737458712,B
train_3870736156,A
train_2489522070,A
train_2187811725,A
train_3650163590,B
train_623208014,B
train_2259092119,A
train_2214028611,A
train_1599890233,B
train_525048682,B
train_3551292805,B
train_863458039,B
train_464142616,B
train_1649455383,B
train_1838474421,B
train_1111225612,B
train_2879182040,A
train_3872732849,A
train_1143470207,A
train_2562036524,A
train_2398505861,B
train_1240803356,A
train_1746192586,A
train_4029458328,B
train_1947512444,A
train_64398029,A
train_1598501324,B
train_1580769172,B
train_1671268363,A
train_3755737508,B
train_1993306144,A
train_2165967702,B
train_2805960789,B
train_3748638690,B
train_1290902271,A
train_783257925,A
train_3632257309,A
train_559751141,B
train_3130762168,B
train_1107688797,A
train_232393507,A
train_3785748481,B
train_2578665172,B
train_1293004971,A
train_1579554075,A
train_2058585564,B
train_4214328043,B
train_1994415800,B
train_3835997582,A
train_3603239009,B
train_714830040,B
train_4292121182,A
train_3915378607,B
train_3481823466,B
train_631352955,B
train_1797349310,B
train_3146628382,B
train_1086352645,A
train_2959725574,B
train_2727496353,A
train_3103316026,A
train_1205778136,B
train_3759615612,A
train_1944332013,A
train_2140669175,A
train_2618088821,B
train_687154603,A
train_511142102,A
train_3193058230,A
train_3740333965,B
train_2252586152,B
train_1878870548,B
train_1681819636,A
train_1166421184,B
train_225941371,B
train_2052336109,B
train_658190542,B
train_1130742324,A
train_2488038529,B
train_4235498663,A
train_1772073323,B
train_1062581092,A
train_4178245624,A
train_171792273,B
train_1499633505,B
train_729898673,B
train_903283426,A
train_742888211,B
train_2769782917,A
train_1280676096,B
train_4160924531,A
train_2828391981,A
train_1205995076,A
train_2655218618,B
train_678480026,A
train_465055448,A
train_858395208,B
train_3172442381,B
train_866720147,B
train_1593565550,B
train_2383288882,B
train_3698268077,A
train_1414655801,A
train_107408797,B
train_2826962161,B
train_4136772972,A
train_3442726421,B
train_47661067,B
train_444299226,A
train_626568090,A
train_647625529,B
train_2651172982,A
train_553131816,A
train_723108769,B
train_1530584352,B
train_2557784744,A
train_4107050371,A
train_2208221904,B
train_2775712288,B
train_2281278204,B
train_3736075754,B
train_3203070291,B
train_1065866736,B
train_2049371047,B
train_2331201860,A
train_1134978723,A
train_407031269,B
train_3625054661,B
train_3166358410,B
train_948915039,B
train_1832329708,A
train_4260044750,A
train_3867692441,B
train_4137094413,A
train_1456582303,B
train_3038373893,A
train_1496363911,A
train_107312092,B
train_2344463199,A
train_3246980385,A
train_539315507,B
train_3596124466,B
train_1352092532,B
train_3343615285,A
train_4084772239,B
train_3050999638,A
train_3029038047,A
train_1534989662,B
train_4246152366,A
train_4082765343,A
train_3558052507,A
train_398197005,A
train_2011584560,B
train_1017707148,A
train_3494407208,B
train_1117038294,B
train_2803467339,A
train_1917188632,A
train_1422100530,B
train_46290018,A
train_1468106184,A
train_566629079,B
train_1453266121,B
train_364678535,A
train_3865282447,B
train_566082565,A
train_2857195861,B
train_3047118331,A
train_3442664377,B
train_3859218523,B
train_2503576652,A
train_2055286118,A
train_2860058334,A
train_3004960478,A
train_2099416888,B
train_4143175294,B
train_3055382487,B
train_2219649462,B
train_2076600858,A
train_758427320,B
train_2721214569,B
train_3696894733,A
train_2365662388,B
train_3041402304,A
train_2910264727,B
train_3761120415,A
train_3943683166,B
train_2795977503,B
train_156238926,B
train_799556748,B
train_2891093406,A
train_319723148,A
train_1501672829,A
train_686490213,A
train_1455343671,A
train_579166701,A
train_1794806095,A
train_44640417,B
train_2614701622,B
train_689473031,A
train_4200157980,A
train_317795630,A
train_3149947430,A
train_106957881,A
train_358597951,B
train_721741341,A
train_1930023820,A
train_3096617588,A
train_580703821,B
train_2499047073,A
train_3602647642,B
train_3653927405,A
train_2484750812,B
train_2230151146,A
train_3703420818,A
train_279600952,A
train_2190972254,A
train_2134686977,B
train_3671580311,A
train_1311954566,B
train_4019719016,A
train_4253011463,A
train_2179805747,A
train_2053490150,B
train_1697151198,B
train_244106829,B
train_995770825,A
train_4025231428,A
train_2219492751,B
train_2476652138,A
train_4032051158,A
train_1088573634,B
train_4262375807,B
train_430712245,B
train_3522284327,B
train_600248559,B
train_647500047,B
train_1843113760,B
train_1106581512,B
train_571336936,A
train_3652910315,B
train_2559748861,A
train_4068658257,B
train_1687584201,A
train_2136316400,A
train_790964701,B
train_2557838986,B
train_3120047743,A
train_3700499630,A
train_1778787696,A
train_3995431954,B
train_562608471,A
train_1694334770,A
train_3114598994,B
train_1678535797,A
train_1445745056,A
train_1789860585,B
train_3229284292,A
train_2122087002,A
train_3911334027,B
train_1723356410,B
train_2252692883,B
train_4220964327,A
train_1035889078,B
train_614891412,B
train_979590880,A
train_2366857843,A
train_3498607318,A
train_3294578577,B
train_196432360,B
train_3358181694,A
train_1861408010,B
train_1448927649,A
train_166815451,A
train_2020264687,A
train_389659505,B
train_346029177,A
train_1790673756,A
train_3355635780,A
train_3244894232,B
train_3278703159,B
train_2472469703,B
train_635836155,B
train_4175302414,B
train_3761774747,A
train_11875636,A
train_3214331140,A
train_3120538600,A
train_2044120387,B
train_2340723329,B
train_1480806010,A
train_1589876249,A
train_2405856770,B
train_2462780006,B
train_2793039567,B
train_2216166082,B
train_2949504712,B
train_3628821160,B
train_2352791579,A
train_1248094001,B
train_2174298906,A
train_2420269402,B
train_4217087739,B
train_2957221975,A
train_3134055298,A
train_4070924526,B
train_1721342163,B
train_1464131444,B
train_626902258,A
train_2174087894,B
train_1486993941,B
train_4105929562,A
train_1339370180,A
train_470962256,A
train_490281509,B
train_3380120805,B
train_1836609334,A
train_4003793101,A
train_4085226353,B
train_2089782657,A
train_1111964110,B
train_728588542,B
train_3107357328,A
train_1290755474,A
train_1853500626,B
train_2552004294,B
train_3313173830,B
train_1342257515,B
train_585077021,A
train_2605151697,A
train_3524468610,A
train_1804905538,B
train_13891408,B
train_1891705997,A
train_3294251881,B
train_2584653285,B
train_3747415870,B
train_2770588561,B
train_1952839149,B
train_3016009757,B
train_3891969439,A
train_3245621520,A
train_2485628928,A
train_3730523616,B
train_1013343086,B
train_4243340733,A
train_3149124037,B
train_3216669995,A
train_2499511114,A
train_1229777979,B
train_429048106,B
train_2129232482,B
train_1171695657,B
train_2439761240,A
train_1555328315,A
train_658389546,B
train_2867123010,A
train_211804617,B
train_2496065662,A
train_1236998665,A
train_2661766651,B
train_3401109499,A
train_3371230510,A
train_4130317121,A
train_1656548565,A
train_3383152467,B
train_3130811491,B
train_80917336,A
train_1293850979,A
train_3494431043,A
train_1730148932,B
train_797321119,A
train_1498915620,B
train_1842519717,B
train_468191895,B
train_3109363649,B
train_3654106098,A
train_3501418066,B
train_2630333029,A
train_3392597530,B
train_1522436210,A
train_2081946985,B
train_1682539684,A
train_3677419683,B
train_550717263,A
train_3177261909,B
train_236029887,B
train_2271751392,B
train_2969460148,A
train_2416455739,B
train_358244722,B
train_1400959881,A
train_2111722112,A
train_2716402305,A
train_1296987485,B
train_2948923021,A
train_1318161284,A
train_1781100133,A
train_3011299229,B
train_880831035,B
train_867728247,B
train_316320108,B
train_518547082,A
train_1651221736,B
train_2036692085,B
train_2646212050,B
train_1335431882,A
train_1583259699,A
train_2285628872,B
train_738560888,B
train_3442285513,A
train_1779951599,A
train_146767960,B
train_215468503,B
train_719030837,A
train_2603063532,A
train_3821867433,B
train_1892258039,B
train_1787495996,A
train_3175636342,B
train_2187053413,B
train_375922753,A
train_1555133673,A
train_639186488,B
train_1032399645,A
train_3876376796,B
train_1622396395,A
train_2310781320,A
train_2405192124,B
train_923298626,B
train_1672868597,B
train_1906572301,B
train_754954579,A
train_3864382521,A
train_3263635135,A
train_3017380335,B
train_4186793404,B
train_2431378107,A
train_880338666,B
train_1459623652,A
train_3462601479,A
train_3170008702,B
train_1568647008,B
train_873208449,B
train_935558620,B
train_4025775408,A
train_701746270,B
train_720772463,A
train_3079449343,B
train_41460886,A
train_2631466767,B
train_1267160239,B
train_3852410725,B
train_4095909857,B
train_2521038478,A
train_4222006408,B
train_971182026,A
train_4289809506,A
train_616973635,B
train_860027362,A
train_2821220577,A
train_149197818,B
train_962314436,A
train_2697294401,B
train_3847849064,A
train_3707410965,B
train_2931745508,A
train_2937710066,A
train_2329961706,B
train_4204199015,B
train_1092857763,B
train_3726487216,B
train_2834708614,A
train_133048496,B
train_4190163927,B
train_2892142848,B
train_2612609186,A
train_1130295606,A
train_1836334489,A
train_1331906253,A
train_591372248,B
train_1578122360,A
train_3949002802,A
train_2998890049,A
train_32928775,B
train_210204308,B
train_2073151758,B
train_3081508651,A
train_904254461,B
train_680657160,A
train_634755416,A
train_1049431436,B
train_80000914,B
train_3702809305,B
train_3425623986,B
train_1422840148,B
train_2111217484,B
train_485829569,B
train_1301803937,B
train_3522290416,B
train_1570069885,A
train_2772831374,B
train_3961118475,A
train_981278215,B
train_3549308899,B
train_2706666842,A
train_1913076489,B
train_1192347106,B
train_688537390,A
train_3815976572,A
train_1392704759,A
train_3380764088,B
train_2077964662,B
train_2554588206,B
train_1748288129,A
train_2938049200,A
train_3867354529,A
train_3629978224,A
train_3546049590,B
train_1394784918,B
train_4234844238,A
train_4108000669,B
train_3590235199,A
train_492895252,A
train_997480032,B
train_2556105662,A
train_2645272538,A
train_3801972705,A
train_2917489869,B
train_91729241,A
train_2005660717,A
train_250017382,A
train_3933838487,B
train_1737418010,B
train_2301856497,B
train_3587366442,A
train_977475692,A
train_3263112358,B
train_2646493097,A
train_1782342453,B
train_2851418445,A
train_2648004517,A
train_644115819,A
train_3540380953,A
train_3461067879,B
train_956526898,A
train_4098902058,B
train_2791847582,B
train_288549189,A
train_3282855788,A
train_676388830,A
train_1548356037,B
train_2433612760,A
train_3753570429,B
train_3913984231,A
train_1561458167,B
train_1502800346,A
train_2592547475,A
train_3380624448,B
train_1488640230,A
train_189874713,B
train_3279687091,B
train_670048472,A
train_4023746772,B
train_2447269911,B
train_600783638,A
train_2621691705,A
train_3184132286,A
train_3115325040,A
train_752420413,A
train_2614432578,B
train_708013502,B
train_446983233,B
train_3875840799,B
train_2061939768,B
train_651297682,B
train_2869609870,B
train_3870517212,A
train_4294325542,B
train_3318287485,A
train_2353839187,A
train_2918651006,A
train_2857030040,A
train_3444076430,A
train_177496620,A
train_3691068358,A
train_2715014546,A
train_1256465470,B
train_3680569832,B
train_4058602874,A
train_2117467628,A
train_2665935032,B
train_112848637,B
train_100758130,A
train_965544587,A
train_2256284311,A
train_3537393960,A
train_2924796930,A
train_4180842117,B
train_254798019,A
train_481999629,A
train_3872641225,B
train_2952959229,A
train_3862283038,A
train_3056755390,B
train_1585479422,B
train_941001949,B
train_290023354,A
train_2039866786,B
train_3328292550,B
train_10461925,A
train_778816150,A
train_2738599763,B
train_534046076,A
train_1042223752,A
train_103298535,A
train_1471816503,B
train_968104947,B
train_1880040487,A
train_4223864799,B
train_177556499,A
train_906286,A
train_4054010633,B
train_2673917815,B
train_3929760506,A
train_1118894319,B
train_613002007,A
train_3072320167,B
train_4121217710,B
train_493547686,B
train_3957225145,B
train_2867388227,A
train_3784366386,A
train_3449836033,A
train_3594126095,B
train_262275901,B
train_1003085444,A
train_316445972,A
train_3583464668,A
train_364433842,A
train_6978966,A
train_2081396219,B
train_776790674,A
train_1242800775,A
train_595396207,A
train_4012138707,A
train_596077369,B
train_2149732474,B
train_1834233432,B
train_1061253707,A
train_2034561720,A
train_859579006,A
train_4212240914,A
train_965228462,B
train_3178204110,B
train_813821772,A
train_3502886431,B
train_3885242179,A
train_3083194503,B
train_2951764056,B
train_2532661518,B
train_3441169166,B
train_2196235074,B
train_1476867743,A
train_635211124,A
train_3855895690,B
train_2332963737,B
train_832570940,B
train_1335193367,A
train_1849734564,B
train_2978773193,B
train_2725124775,B
train_4016372009,A
train_4193519286,B
train_2203354320,A
train_82140075,B
train_1213287531,B
train_4169792935,B
train_1825220784,B
train_4096943034,A
train_4211943857,B
train_774662302,A
train_2610930931,B
train_379054020,B
train_1938455589,B
train_1476263111,B
train_2498672245,A
train_2865926569,A
train_2114671117,A
train_2489447916,A
train_4023802522,A
train_3788230821,A
train_2163813131,A
train_1291704227,A
train_548982238,A
train_4028315009,A
train_4277958290,B
train_362648413,B
train_3737531498,B
train_3574291998,B
train_2110410507,B
train_3605165071,B
train_3862248409,A
train_14978190,A
train_1927642442,A
train_1512485715,B
train_3741611327,B
train_3306710447,A
train_3081589401,A
train_392751937,B
train_4234624579,B
train_4248829581,B
train_3085401237,B
train_1041890432,B
train_4286926801,A
train_488446469,B
train_2208504994,A
train_4032939672,B
train_690349007,B
train_3609291871,A
train_2373935469,B
train_971623114,A
train_1499221316,B
train_1432292977,A
train_1927305274,A
train_1694844592,A
train_1206963201,B
train_1812999961,A
train_3786013987,B
train_1643520212,A
train_4223947683,A
train_826136339,A
train_3053140302,A
train_2424255770,A
train_2503095685,B
train_4218640804,B
train_517697036,B
train_437991816,B
train_4244874295,A
train_1998674468,A
train_635512657,B
train_1653581852,B
train_2072099738,B
train_3380720542,B
train_1383791735,A
train_3165734692,B
train_2752117079,A
train_3783601581,B
train_3046196729,B
train_2364058310,B
train_755305863,B
train_754258745,B
train_3047438286,B
train_2720927248,B
train_1789525304,B
train_2912759892,B
train_2068933095,A
train_2940463201,B
train_2174349363,A
train_2568522711,B
train_2047463409,A
train_718322781,B
train_2904315002,B
train_1232493780,A
train_4134910691,A
train_3836908930,A
train_1438094743,A
train_2314188707,B
train_2618598699,A
train_4161947025,A
train_2988863042,A
train_2044827496,B
train_1692615430,A
train_14613081,B
train_1862403947,B
train_1987799709,B
train_2056399053,A
train_4099484977,A
train_3039150839,A
train_2838679872,B
train_1612105644,A
train_4003609264,B
train_1696417060,B
train_3718156826,B
train_3509250399,A
train_2966251053,B
train_2626398702,A
train_2709351068,A
train_3655335271,B
train_3891103008,B
train_611477285,A
train_1095742104,B
train_2259097320,B
train_4196323045,A
train_2592510518,A
train_2881692190,A
train_2583112984,A
train_3248280640,A
train_2350692768,A
train_2918032299,A
train_3954841026,A
train_2505856215,B
train_983190024,B
train_2586375547,B
train_1570123580,A
train_3214211682,A
train_1191513972,B
train_1955166652,A
train_421250858,B
train_882529833,B
train_2075598628,B
train_677399001,B
train_1599681399,B
train_177144190,A
train_3374368633,A
train_2288826638,A
train_882128930,A
train_751011819,A
train_743124470,A
train_737364350,A
train_1459295979,A
train_720968764,A
train_3266996536,B
train_1992019142,B
train_2964086256,A
train_1446216827,A
train_995561842,B
train_3652840310,B
train_1662416038,B
train_2949644148,B
train_3076792168,A
train_3530740450,B
train_318728397,A
train_3501585693,B
train_3892028635,A
train_718380210,B
train_3872324637,A
train_3449179875,B
train_3741464291,B
train_1497313458,B
train_1018768105,B
train_1910983319,B
train_698387032,B
train_301240114,A
train_863562903,B
train_1413352170,B
train_2160661809,B
train_3484158949,A
train_944901673,B
train_3624821631,A
train_2749111014,A
train_2216223832,B
train_2444831477,B
train_82702319,A
train_2794515317,A
train_1568753793,B
train_237119049,B
train_303073611,B
train_3506259608,A
train_3112298412,A
train_3352359904,A
train_3286831105,A
train_3838556050,A
train_2903388968,A
train_2083379746,A
train_19562926,B
train_3563121127,B
train_1651778544,B
train_1731039978,B
train_1076631487,A
train_1961845161,A
train_2199885192,B
train_861489044,A
train_2642066500,A
train_4092440049,A
train_52278905,A
train_582320951,B
train_2762648244,A
train_2001441545,A
train_459792222,B
train_2009704304,A
train_3342059966,A
train_413879832,B
train_3759582233,B
train_1397142929,A
train_1128459161,B
train_2385917244,B
train_2780372797,B
train_3392613289,A
train_3885474958,A
train_2111859122,A
train_2202907208,A
train_1318211616,A
train_1665250625,B
train_3907635102,A
train_3027391139,A
train_3239132914,B
train_3617469656,A
train_2415162279,B
train_2503941753,B
train_349737935,B
train_4114976896,A
train_1580355342,A
train_3896765275,B
train_935952718,B
train_884251254,B
train_3072648698,A
train_2665904761,B
train_2668910239,A
train_2093689294,B
train_2514007354,A
train_624436524,B
train_84186017,A
train_2483283096,B
train_2168709363,B
train_1338722075,A
train_2371203989,A
train_1797707089,B
train_3317592885,A
train_474699983,A
train_1232777799,A
train_3476037766,B
train_1654281243,B
train_3707469677,A
train_1945151785,A
train_1750065022,B
train_1977530761,B
train_1522885244,A
train_853951529,B
train_1572129204,B
train_1293972698,B
train_2352940409,B
train_565689406,B
train_3854773613,A
train_3984150540,A
train_3234552667,B
train_4271849129,A
train_3040965243,A
train_772803378,B
train_1450726680,B
train_566236222,A
train_2025999710,A
train_2906044506,A
train_1007173353,B
train_1169840648,B
train_1600164837,A
train_2225546107,A
train_2576755812,B
train_293535406,B
train_2332872319,A
train_1130274962,A
train_2929683293,B
train_4064959932,B
train_3102276918,A
train_282573307,B
train_1314033029,B
train_2363287856,B
train_4451125,B
train_598015509,B
train_4119333588,A
train_3645163169,A
train_3392105808,B
train_1632616700,B
train_4095590104,B
train_2434873146,B
train_1655547854,A
train_2573982175,A
train_552488875,B
train_3576968986,B
train_1605452686,B
train_1433629444,B
train_2485040824,A
train_1298215111,B
train_161026192,B
train_3065536428,A
train_2608699197,A
train_1795876570,B
train_1403038470,B
train_4281607382,A
train_2868779529,A
train_2777328572,B
train_2884424284,B
train_1900144790,A
train_964147772,A
train_3716518661,B
train_4127188091,B
train_1502660407,A
train_3682581947,B
train_3898974406,B
train_1716475317,B
train_630902281,A
train_2700507707,B
train_1879169748,A
train_1320767977,A
train_531059422,B
train_2652488499,A
train_3956585389,B
train_3124372786,B
train_1309703467,B
train_3922632308,B
train_2579643622,A
train_1684818897,A
train_3018123747,A
train_4110660051,A
train_3789457155,B
train_2575216753,B
train_4094447966,A
train_2966645795,A
train_2859466731,B
train_3385977645,A
train_993186717,A
train_2057063082,B
train_1014636193,B
train_261504849,B
train_3234377023,A
train_348193733,A
train_1142393920,A
train_4180594410,A
train_850211919,B
train_2749611109,B
train_24066862,B
train_3186090923,B
train_2796852849,A
train_2704036725,A
train_3311211201,A
train_3673070085,B
train_42343706,A
train_1706535298,B
train_3915347371,B
train_3358338299,B
train_3379788178,A
train_35082895,B
train_960287981,B
train_3475778996,B
train_574546213,B
train_2927242150,B
train_3986214449,A
train_3883355963,A
train_997865532,A
train_1974896791,B
train_2368099612,A
train_3617675468,B
train_2166420144,B
train_2011325679,A
train_1489038277,B
train_1374576416,A
train_3298120632,B
train_676535442,B
train_3874494980,B
train_3362476500,A
train_3296048151,A
train_719566953,A
train_1407823457,B
train_2149564768,B
train_1151601226,A
train_506880066,A
train_1982083012,B
train_244763076,B
train_2090016411,A
train_1513019401,B
train_1402245251,B
train_3942117917,B
train_1880378266,B
train_377900052,B
train_2959875074,B
train_203710976,B
train_1677970136,B
train_2173587257,A
train_3215073962,B
train_3868700779,A
train_1702034738,B
train_3703355764,A
train_2673406123,B
train_2128100112,B
train_208589774,A
train_1506774112,A
train_3938855083,A
train_3919972373,B
train_67634146,A
train_792553996,B
train_1550061097,B
train_1289248591,B
train_1441529101,A
train_4026107649,B
train_2328772500,B
train_2062962971,A
train_1112585739,A
train_3158987103,B
train_3928182808,B
train_3821036878,A
train_3490047499,A
train_737538088,B
train_2685430229,A
train_1938566453,A
train_804618939,A
train_3423057749,B
train_155074917,A
train_1128509623,A
train_3129080852,B
train_1972198698,A
train_2093604755,B
train_4234996512,A
train_3294910730,B
train_1142220547,B
train_2168222675,A
train_1076615905,B
train_2802384414,B
train_3087599499,A
train_3357878785,B
train_1620445281,B
train_2953690871,A
train_2868748879,A
train_1243559460,A
train_3974447060,B
train_2666563636,A
train_1026612194,A
train_1666918802,B
train_3629169590,A
train_3820113741,A
train_4032623668,A
train_3353330034,A
train_3771626835,B
train_3344708279,A
train_3238341699,A
train_1642454560,A
train_25555851,A
train_2809461117,B
train_2212043415,A
train_37449089,B
train_2900548171,A
train_875501470,B
train_627703368,A
train_1096820507,A
train_339450841,A
train_3408461976,B
train_1941784372,B
train_471996410,A
train_2224975713,B
train_2103568687,A
train_2700150846,B
train_1913737677,A
train_2924054158,B
train_3820897621,A
train_2294647698,A
train_3032658114,B
train_1345023576,A
train_2901616627,B
train_1795694766,A
train_3428046068,A
train_2947748644,A
train_475863829,B
train_912854713,B
train_807460400,B
train_2861834875,A
train_1856078535,A
train_1949833897,A
train_3731185947,B
train_3139380940,B
train_2192021039,A
train_3882082466,A
train_2512084352,B
train_2999160527,B
train_3009980524,B
train_2094339987,B
train_1003554842,B
train_2820177883,A
train_779369116,B
train_3343452918,A
train_1022377712,B
train_2058039915,A
train_122774642,B
train_1625513302,A
train_373547389,A
train_2046639361,A
train_1669495813,A
train_3216999862,A
train_928469576,B
train_438324324,B
train_4259998856,A
train_239777921,B
train_610248302,B
train_483481769,B
train_1137106868,A
train_498188103,A
train_3180887122,A
train_952103791,A
train_1750332166,A
train_3384398536,B
train_2027587628,B
train_1309289735,A
train_3459731002,A
train_1150090840,A
train_2591707079,B
train_2997354311,A
train_180830324,A
train_1649490938,B
train_2219664025,B
train_664416720,B
train_240569722,A
train_3217103605,A
train_4023304344,B
train_2145631894,B
train_562203939,B
train_1964108397,B
train_185348797,A
train_3162978192,B
train_106036402,A
train_194115606,B
train_3677835897,A
train_2271516576,A
train_4230621514,A
train_3743285622,A
train_1941593591,A
train_2067217052,B
train_780136397,A
train_3781008737,B
train_2642455336,A
train_2334699778,B
train_1659872699,A
train_3528069780,B
train_4269701127,B
train_3278854923,A
train_1488783766,B
train_4042228747,B
train_184185812,A
train_980670169,A
train_114135462,A
train_3684416097,A
train_2464002692,A
train_107951421,A
train_3146013182,A
train_1275862058,B
train_2285984976,B
train_146835681,A
train_4090714155,A
train_3716442965,A
train_162207553,B
train_3316538698,A
train_3488995325,A
train_2137699777,A
train_3783107608,B
train_3508337354,B
train_3550667148,B
train_3902907960,A
train_1017656670,B
train_3073170553,B
train_1753375877,B
train_2460621948,A
train_3426503436,B
train_4239246783,A
train_1867402613,B
train_374915499,B
train_1773297074,B
train_130371455,A
train_594154759,B
train_650536622,A
train_1390326895,A
train_3700484523,A
train_2712062810,A
train_4072577667,B
train_1570720351,A
train_1225846092,A
train_8559025,B
train_1764388603,B
train_110230050,A
train_2373790253,A
train_1756876676,B
train_1117280235,A
train_2321179888,B
train_139926268,A
train_2647285412,B
train_1473844208,A
train_1613487408,A
train_2066535325,A
train_3447283041,A
train_2211381197,A
train_87130598,B
train_2632514485,B
train_233464664,A
train_837940442,A
train_3859651678,A
train_2283849789,A
train_326059127,A
train_913614970,A
train_1022879484,B
train_3743200932,B
train_3017365319,B
train_951867766,A
train_1025268477,A
train_2131385473,B
train_2683288956,B
train_3117309590,B
train_2631028943,A
train_3737300062,B
train_4240065803,A
train_3478781925,B
train_536261160,B
train_325617681,A
train_793601875,B
train_1697831536,B
train_2013415965,B
train_1178533783,A
train_2491147070,B
train_2135263728,A
train_2425849570,A
train_1262923140,B
train_3538783331,B
train_3442906999,B
train_218882727,A
train_2466119341,B
train_222750418,B
train_1100308849,A
train_2765497796,B
train_195673712,A
train_3948853892,A
train_2125228913,B
train_783184786,A
train_4137152790,B
train_3023690797,A
train_1252443107,B
train_4122332771,B
train_638435435,B
train_1037178227,B
train_4100605562,A
train_4144825444,B
train_2193125104,A
train_2246681288,B
train_4046442509,B
train_2020331195,B
train_1218378310,A
train_3273610179,B
train_1625216720,B
train_2070877015,A
train_3466524571,B
train_1973739441,A
train_3988215819,A
train_3641890570,B
train_2418631583,A
train_2103398759,B
train_1215619731,B
train_3660346103,B
train_4029034448,A
train_3293138555,A
train_4025410094,A
train_2303796699,A
train_2326597888,A
train_4001501178,B
train_3696705081,B
train_2877201,A
train_870455986,A
train_671780430,B
train_1168233767,A
train_3896516341,B
train_2140785007,A
train_2013156166,A
train_30488954,A
train_3946185755,A
train_1952799344,A
train_99395779,A
train_1470010678,A
train_397285818,B
train_3832192762,B
train_2531777612,A
train_2951774976,B
train_699071917,A
train_4128149323,B
train_2618590184,A
train_3411190656,A
train_3151055924,B
train_2540480191,A
train_2261744957,A
train_3458637912,A
train_4130389297,B
train_214142463,B
train_2319893226,A
train_1937546792,A
train_3653012320,B
train_1757884919,A
train_695342705,B
train_1026884481,A
train_3394197205,B
train_2157908991,B
train_3229599603,A
train_1968102686,B
train_3616441390,A
train_3521032284,B
train_39702554,B
train_3921733863,B
train_359139965,B
train_2871123156,B
train_989887922,A
train_2589676583,A
train_1407847169,A
train_3180218149,B
train_167555083,B
train_4123511755,B
train_284262195,B
train_2031509033,B
train_3880539643,A
train_64037085,B
train_2129594600,B
train_3146048584,B
train_2587718540,A
train_1020260882,A
train_1825818746,B
train_2634205738,B
train_3055138439,B
train_3535086667,A
train_4208062667,A
train_289422856,B
train_3556479937,A
train_3874580026,A
train_2937433253,A
train_2974056514,B
train_3838978688,A
train_2613409691,A
train_2015823801,A
train_1027462393,B
train_1805257176,B
train_1362335578,B
train_4063251834,B
train_898285049,B
train_305338087,B
train_2687804111,B
train_3308273659,B
train_3169817728,B
train_4273015959,A
train_562717296,B
train_857748877,A
train_3205019634,A
train_1646248573,B
train_1196044110,B
train_1996940194,A
train_3875802020,A
train_1073270861,A
train_3612755965,A
train_1792335742,B
train_2219479309,A
train_86445331,A
train_99529497,A
train_4143459995,A
train_1407709304,B
train_1518993761,B
train_1278426385,B
train_2456589775,A
train_1724898406,A
train_2134363188,B
train_1769283879,A
train_3950950365,A
train_2799571415,B
train_56283015,A
train_1255710063,A
train_993659034,A
train_3014622194,B
train_3055985129,B
train_4227639078,A
train_2392220271,A
train_3597621814,B
train_3214697705,B
train_883083421,A
train_44709323,B
train_3904614457,B
train_1361896238,A
train_4144408014,B
train_1860582807,A
train_4058839268,B
train_19837351,B
train_1344105135,A
train_3606524661,A
train_3363951906,A
train_3633220204,A
train_3874883815,A
train_455874687,A
train_180981666,B
train_494466262,A
train_2145342896,A
train_1795347488,B
train_3453169943,B
train_1361575137,A
train_2820339029,A
train_1979132729,A
train_1929313907,B
train_1812153533,B
train_1677310554,B
train_918844053,B
train_4275131418,B
train_3359890363,A
train_1168433101,A
train_2189462462,B
train_1824895388,B
train_148728800,B
train_4160769994,A
train_1761329214,A
train_3028007639,B
train_1029615672,B
train_3322189008,B
train_3731734583,A
train_1154834267,B
train_3989533747,A
train_439750233,A
train_2046438273,B
train_1173995777,B
train_1672586850,A
train_3257006908,A
train_4200954340,A
train_255640466,A
train_1469585085,A
train_3937040792,B
train_879601345,B
train_591782417,A
train_2317110550,B
train_2192807345,B
train_3699228162,B
train_4205044838,A
train_2811016096,A
train_196423544,A
train_495149481,B
train_191229490,B
train_1155613981,B
train_3632031382,B
train_1133085683,A
train_3695108875,B
train_3373078310,B
train_1498474201,A
train_2837479071,A
train_2403485680,A
train_2140724533,B
train_3683937099,A
train_2435717374,B
train_1115998936,B
train_325825603,A
train_2346962170,B
train_1891687586,A
train_3312312624,A
train_715803609,A
train_110639505,B
train_3823789790,A
train_1442741295,B
train_3640538104,A
train_91992130,A
train_3215320022,A
train_3997898269,B
train_4142449072,A
train_1728936342,B
train_1508140374,A
train_4249859007,A
train_1449642380,A
train_331899358,A
train_2930623211,B
train_2188560430,A
train_59393500,B
train_2109043263,A
train_546357643,B
train_2304804397,B
train_2376848499,B
train_1934823359,B
train_2386891104,A
train_3352440447,B
train_1739652468,B
train_827981037,B
train_1951048997,B
train_1155484941,A
train_4224532885,B
train_2354616796,A
train_1928526615,A
train_59853634,B
train_2898285952,A
train_2389018941,B
train_931104226,A
train_1887231758,A
train_3182448083,B
train_644068907,B
train_3667383936,A
train_2401574227,B
train_4120256009,A
train_796951755,A
train_3722591702,A
train_3931193458,A
train_797496996,A
train_2677704506,B
train_3949324709,A
train_402857321,B
train_1291020615,B
train_3722433776,B
train_2249695666,B
train_587273876,A
train_467650717,B
train_981823779,A
train_294226886,B
train_4024778668,B
train_2759031255,A
train_2072280305,B
train_1119669895,A
train_3263469218,B
train_2874692930,A
train_1519353644,A
train_1533313897,B
train_2316939172,A
train_98545496,A
train_2332343186,A
train_2923752031,B
train_3448782438,B
train_888158742,B
train_3224482261,A
train_4261898551,B
train_104405502,A
train_2655320116,A
train_1573521901,B
train_1576802482,A
train_694864032,B
train_679126339,A
train_918329390,A
train_3326161027,A
train_1068863298,A
train_1818337804,B
train_2753752479,B
train_1484200628,A
train_4247731633,A
train_3013366218,A
train_2412703382,A
train_25585690,A
train_341150118,B
train_3394773797,A
train_777821140,B
train_2931326817,A
train_2006943278,A
train_3772707616,A
train_459859536,A
train_3982440359,B
train_2516392554,A
train_978754594,A
train_2697505758,A
train_1880227307,A
train_2876033769,A
train_2856557965,B
train_1212495748,A
train_76713869,A
train_1822026105,B
train_1659738670,A
train_1525184892,A
train_2802783980,B
train_1405394902,A
train_1715124796,B
train_1509228926,A
train_1742462382,A
train_3569167892,B
train_599597383,A
train_2153258596,A
train_468489220,B
train_468810476,B
train_1827946759,B
train_1368053896,B
train_1704440710,B
train_3295799432,A
train_4217424813,A
train_421654747,B
train_537329387,A
train_1863596714,A
train_307556011,A
train_3990168439,B
train_2647092332,A
train_4256358974,B
train_1410386353,A
train_465926663,B
train_2562548379,A
train_1013530599,A
train_1291914485,B
train_3564636263,B
train_2592828345,A
train_440809177,A
train_2634819801,B
train_432123276,B
train_2623930891,B
train_2617399758,A
train_866245802,B
train_2608466494,A
train_466066948,A
train_400209978,B
train_308788408,B
train_4244986756,B
train_939642859,A
train_3328832408,A
train_2591794018,B
train_1384946741,B
train_1375224706,A
train_703694896,A
train_864025966,A
train_2448280596,A
train_4240931685,B
train_2817084676,B
train_75834769,B
train_1478250943,B
train_1189791737,A
train_1126256421,B
train_906712265,B
train_564895343,B
train_1676522347,A
train_3082338701,B
train_2257849401,A
train_1496308686,B
train_724881221,B
train_169275219,A
train_2723605082,B
train_3917711557,A
train_3657639135,B
train_2411548606,B
train_3614359472,A
train_3036323937,A
train_2461554320,A
train_212168163,A
train_3767686598,A
train_889152419,A
train_1637816928,A
train_2598122117,B
train_2616860879,B
train_1088184502,A
train_2169748992,B
train_1077358902,A
train_889767903,A
train_3681254955,A
train_2812944102,A
train_438036326,A
train_334983429,A
train_11520671,A
train_3834502694,B
train_1841676221,B
train_303636192,B
train_3026019193,B
train_1429098400,B
train_3814919174,B
train_3642650587,A
train_2554398684,A
train_1605781075,B
train_340024493,A
train_118756187,B
train_28816640,A
train_4068301972,B
train_2533320342,A
train_1943986671,B
train_2220918062,A
train_2882509827,B
train_2991531475,B
train_1079109528,B
train_1912512202,A
train_1126215539,B
train_3736635399,B
train_3794191272,B
train_3064685478,B
train_178826802,B
train_2405663010,B
train_692147769,B
train_1439596971,B
train_3182965310,B
train_3035712886,B
train_2587341075,A
train_1888262806,B
train_3504606446,B
train_1190240122,A
train_2770863843,A
train_74338276,B
train_3494709018,B
train_1903848700,B
train_1507573078,B
train_2529228087,B
train_597539555,A
train_1485497212,B
train_881076600,A
train_2151809732,B
train_2863092145,A
train_3782945720,B
train_107552971,A
train_2757887323,A
train_240333189,B
train_4047212550,B
train_2223183919,B
train_1707323127,A
train_682644210,B
train_165503106,A
train_1082064373,A
train_2697814859,A
train_3468782493,B
train_1518569647,A
train_2356156995,B
train_1386609302,B
train_46974641,A
train_2830958124,B
train_2841906919,B
train_1203165730,B
train_2332843112,B
train_318889473,A
train_3528169735,A
train_4006787366,A
train_2197622529,A
train_1897331336,B
train_2242496123,B
train_2864046583,B
train_2754765391,B
train_3985402193,B
train_2160711465,B
train_1955963733,A
train_3798230206,A
train_3705908801,A
train_2176800906,B
train_3929996492,A
train_1086903685,A
train_3508260200,A
train_1152991901,B
train_2842301158,B
train_574625857,B
train_2580582842,A
train_1392929308,A
train_798889609,B
train_1641421866,A
train_63635865,A
train_602817758,A
train_2447099489,B
train_4268168212,B
train_2496678721,B
train_3196428704,B
train_493962092,A
train_827571589,A
train_1939141445,A
train_257262133,A
train_3087127645,A
train_1640976594,A
train_4253601072,B
train_1416821031,B
train_2102127776,A
train_652311045,A
train_1382500866,B
train_2664253677,A
train_1388515987,B
train_1394887431,A
train_388753295,A
train_1478044982,B
train_1188332106,A
train_4212798159,B
train_3824226083,A
train_359921900,A
train_3456498084,B
train_1109026878,A
train_1196168030,B
train_2480109905,B
train_1641180392,B
train_3530418010,B
train_3978215347,B
train_533477302,A
train_1777597493,B
train_195475650,A
train_2537753064,B
train_2813300246,A
train_3060672013,A
train_1917049164,B
train_2875817077,A
train_85875327,B
train_448121747,A
train_3649897352,A
train_3990809101,A
train_3725815927,A
train_4169257427,B
train_1303180091,B
train_2015148324,A
train_3596532081,A
train_2425174052,B
train_1630486844,A
train_197027197,A
train_131384101,B
train_1695971286,B
train_1590806515,B
train_3820243582,A
train_1471232172,A
train_1161278082,B
train_2090199798,A
train_2780628799,A
train_1391899150,A
train_1996023629,A
train_2022348868,A
train_2573761097,A
train_359866004,A
train_1341155613,B
train_1948558865,B
train_2260033691,A
train_4265198781,B
train_3137946976,B
train_3395454388,B
train_2117381016,B
train_20366384,A
train_2744978107,A
train_2565322338,A
train_1659615870,A
train_1618481133,B
train_804667829,B
train_1845887973,A
train_2658662101,B
train_3539641289,B
train_3816719495,B
train_2720118276,A
train_599753440,A
train_2721383565,B
train_3672466667,B
train_1130746660,B
train_3951622100,B
train_2839511186,A
train_193331130,A
train_3162939638,B
train_1191415112,B
train_2860263873,A
train_3279652067,A
train_3018951048,B
train_740533132,B
train_2339466169,B
train_15286434,B
train_241565475,B
train_3461462162,B
train_144579674,A
train_3781629068,A
train_2387031325,B
train_561662786,A
train_155428031,A
train_1535734857,A
train_591827689,B
train_3189990200,B
train_4114238590,A
train_723065508,A
train_4227758236,A
train_1536090402,A
train_1979039511,A
train_17178842,A
train_1273454865,A
train_3121886520,A
train_1816434994,B
train_3216094138,B
train_1690308312,B
train_3637859160,A
train_4194633616,A
train_752113583,A
train_658862317,A
train_3475228053,B
train_1909812962,B
train_255501365,B
train_4444360,A
train_2987484529,A
train_2151159236,B
train_932665328,B
train_3716889287,B
train_879305420,A
train_1295392255,A
train_2183902545,A
train_2363227623,B
train_3627453264,B
train_3402467766,A
train_1007921930,A
train_274130846,A
train_1052158964,A
train_4152134147,A
train_2095893887,A
train_20527359,A
train_281943741,B
train_3739414328,B
train_690254130,B
train_734255574,A
train_3017094474,A
train_664616782,B
train_1557537520,B
train_2934807699,B
train_1183683723,A
train_1925664056,A
train_2089570700,A
train_44356492,B
train_3471423408,A
train_1725908246,A
train_1915339412,A
train_3445223730,A
train_2131159921,B
train_242506613,A
train_1847987195,B
train_913098745,A
train_2872356984,A
train_573458859,A
train_3253369731,A
train_473637671,B
train_1600762412,B
train_884981349,A
train_764372077,B
train_989319137,B
train_3497871307,B
train_3902833203,A
train_831600970,B
train_2255365289,B
train_3704337417,B
train_2980261540,A
train_1238137512,A
train_1843645923,B
train_2142182419,A
train_657978993,A
train_2386030894,A
train_3269592584,A
train_4169526565,A
train_2067309903,A
train_875394590,A
train_975406445,A
train_2709338111,A
train_1954478850,A
train_193039173,A
train_2026177187,A
train_3589625740,B
train_2970057458,B
train_3896380700,A
train_2772927896,A
train_3851641413,A
train_1238089300,A
train_2641545999,A
train_3760374468,B
train_760059862,A
train_2463374497,B
train_308487151,A
train_4055279922,A
train_2514891304,B
train_3820793467,A
train_3092463673,A
train_1734128218,A
train_2687574621,A
train_3766477640,B
train_764231856,B
train_2816190111,B
train_2706662081,A
train_918100715,A
train_863557306,A
train_1665714207,A
train_4270763534,A
train_3768558300,B
train_157159616,B
train_1105539251,B
train_1131401875,B
train_3760165073,B
train_1770055421,B
train_545334724,B
train_1684329557,B
train_3298246410,B
train_839588818,B
train_256489723,A
train_1049819810,B
train_4042246276,A
train_2352051622,A
train_4073008998,B
train_588068843,B
train_4104227416,A
train_2927097646,B
train_279818777,B
train_1268432402,A
train_3036665099,A
train_3136461490,B
train_3823100252,B
train_4184292145,A
train_3734921937,A
train_2533285904,A
train_876401112,A
train_561842191,A
train_311055399,B
train_1197918278,B
train_3231074532,A
train_1659877446,A
train_153214025,B
train_2043924720,B
train_1362618495,A
train_1143185981,A
train_3545193498,B
train_3741621114,A
train_2123729460,A
train_127365312,A
train_924412601,B
train_2992781056,B
train_1534091272,A
train_2180170352,B
train_3153572567,B
train_1433066907,A
train_2979802302,B
train_2799953876,B
train_1838153561,A
train_1493843028,B
train_4043263737,A
train_2382901010,A
train_2297635211,A
train_3119461627,B
train_3823296278,A
train_2677414178,A
train_2840908729,A
train_2314426459,A
train_2263172290,A
train_2686942999,A
train_1546593466,B
train_2011505831,B
train_262376174,B
train_1458393851,A
train_921002461,A
train_4060759969,B
train_3945132863,B
train_740902080,A
train_3095134262,B
train_2404684971,B
train_1654019042,A
train_944158112,A
train_3225736085,A
train_2485470234,A
train_2983520344,B
train_2948860564,B
train_3576250909,B
train_2181551529,A
train_2518454478,A
train_2198218561,A
train_2695630789,A
train_3322125505,B
train_1984490008,A
train_1760565164,A
train_3293609045,B
train_908656061,A
train_2379470747,A
train_2708192355,A
train_1005974697,A
train_150920649,B
train_1393591786,A
train_2212560672,B
train_3323259719,B
train_1897842764,A
train_2334775292,A
train_1603551419,B
train_424226451,B
train_3561035655,B
train_3095102780,B
train_2086712891,B
train_926955046,B
train_2495120002,A
train_1020169920,B
train_2205053745,B
train_3257674098,B
train_2042725181,A
train_600234724,A
train_3542575107,A
train_3965524663,A
train_577632963,B
train_3381691065,A
train_2610456050,A
train_1260851617,A
train_2060583699,A
train_3268155216,A
train_991787380,B
train_3000693108,A
train_744421882,A
train_225044743,A
train_2599134160,B
train_1705874175,B
train_2314661309,A
train_3988253077,A
train_203957270,A
train_2529266365,A
train_2345761034,B
train_3183938266,A
train_1154619027,A
train_3556900596,B
train_647014306,B
train_1463306251,A
train_409899801,B
train_3978299913,B
train_2625177498,B
train_2174579466,B
train_4167350388,A
train_275959681,B
train_155777568,A
train_2394805950,B
train_1754318809,A
train_2643654268,B
train_250363299,A
train_1298873365,B
train_552856108,A
train_1159865659,B
train_2540811081,A
train_2855193503,A
train_3778501221,A
train_3027396260,A
train_2193468601,B
train_327675766,B
train_3851188620,B
train_1383072505,A
train_3005804086,A
train_149852147,B
train_3601810688,A
train_226680638,B
train_746272324,B
train_786661305,A
train_731491095,A
train_351323498,A
train_12498536,B
train_3112419428,A
train_3880072383,B
train_1575268265,B
train_1920495632,A
train_3950756527,B
train_2916497702,A
train_844917145,B
train_847358420,B
train_3601578161,A
train_723113580,B
train_2913230379,B
train_1029378340,A
train_1732288729,A
train_753988496,A
train_336907165,B
train_955020264,A
train_4083848047,B
train_471609049,B
train_530545361,B
train_872951110,B
train_2058909989,B
train_2837448024,B
train_2776757992,A
train_1405046275,A
train_2967102528,A
train_3614503698,A
train_3271105220,A
train_4073711200,A
train_225642760,A
train_581104351,A
train_82391111,B
train_4032180049,A
train_3320118098,B
train_174085811,A
train_268024497,A
train_3321127680,B
train_2289839871,A
train_4176982839,A
train_3181393727,A
train_3456874526,B
train_2167297039,A
train_3977037902,B
train_2556732868,B
train_16674981,A
train_3613523285,B
train_4170031319,A
train_2887094646,B
train_3383496193,B
train_2628404353,B
train_2475027962,A
train_953081992,A
train_3717666759,A
train_242811238,A
train_3243221333,B
train_3736549609,B
train_658167853,B
train_876189265,B
train_766752999,A
train_2393335191,B
train_1556030767,B
train_3582053311,B
train_1712410670,B
train_2404106367,A
train_1573676257,A
train_184643740,B
train_179439322,B
train_2450562946,B
train_1974043405,B
train_2557383584,B
train_2398474256,A
train_3353326248,A
train_1753110604,B
train_1759926253,B
train_1417183,B
train_3822613102,B
train_1933430582,B
train_3300322305,B
train_1906370560,B
train_3747996943,B
train_3154299481,A
train_743586012,A
train_802609288,B
train_2590335778,A
train_300916181,A
train_3671793036,B
train_3553908614,B
train_3794794681,B
train_406726823,B
train_291479871,B
train_2607490798,B
train_3421614090,A
train_1176556747,A
train_3256768265,A
train_4280742547,A
train_3564165447,A
train_2623800417,A
train_3303979387,A
train_2987380969,B
train_3588059054,B
train_216328564,B
train_2906961145,B
train_881183005,B
train_1677082300,B
train_4061196069,B
train_1924619990,B
train_1420682097,A
train_2640586199,B
train_575645142,A
train_49555004,B
train_4278577450,B
train_834336361,B
train_418485564,B
train_1105367829,A
train_156972944,B
train_3967677852,A
train_3783209357,B
train_2488829161,A
train_1682471016,A
train_3158597996,B
train_1433451635,B
train_2930241419,B
train_3779326886,A
train_3920899944,A
train_1112045438,B
train_2582841861,B
train_817393965,B
train_3778529420,B
train_954396845,A
train_4095644864,A
train_3411249277,B
train_1073877693,B
train_3433620230,A
train_1816456995,B
train_1778948915,B
train_76157241,B
train_185890198,B
train_998989223,A
train_3075865672,A
train_2857041119,A
train_2736248660,A
train_3062789368,B
train_3142291700,B
train_5721200,B
train_1385221360,A
train_3367476767,B
train_3022940046,B
train_3701332589,A
train_4207646253,B
train_187242624,B
train_3982353782,A
train_479114501,B
train_345014293,B
train_2972541883,A
train_631270359,B
train_3010039966,B
train_24293780,B
train_2060111576,A
train_3612799957,A
train_3427216918,A
train_2781439270,A
train_1732353651,A
train_4196246985,A
train_4164379018,A
train_3467066403,A
train_3833028692,A
train_349984975,A
train_3640596204,A
train_893086606,A
train_2710448249,A
train_960466933,A
train_779164591,B
train_730282327,B
train_2690464637,B
train_3496906146,A
train_3197311523,A
train_966826762,A
train_823964885,A
train_356963457,A
train_1552709704,B
train_1744658262,B
train_4025849298,A
train_2999885762,A
train_3464844775,A
train_473590436,A
train_1330154482,A
train_140778492,A
train_977743751,A
train_4065174731,B
train_3378571731,A
train_1799304883,B
train_1523684494,B
train_1956140978,B
train_832268522,A
train_465333503,B
train_3153723471,B
train_1260105657,A
train_3514497576,B
train_227862011,B
train_2498237014,A
train_4274944566,A
train_2572291971,B
train_1109244281,B
train_239986417,A
train_3459001883,B
train_2460730144,B
train_2324655229,A
train_2671962923,A
train_3713509658,A
train_282867019,A
train_1031659371,A
train_2128574505,A
train_1120623220,A
train_256587740,B
train_2276173328,B
train_559771012,B
train_560686145,B
train_170127449,B
train_619666284,B
train_4118843587,B
train_2215322965,A
train_2903480704,A
train_2336889274,A
train_3635088073,A
train_733194238,A
train_2475541770,B
train_1334160901,A
train_342686589,B
train_951312084,B
train_1204383293,A
train_1616245733,A
train_1810011945,B
train_1836924785,A
train_373283815,A
train_4280219894,B
train_3274592078,A
train_2216221532,A
train_194233181,B
train_3633882908,B
train_3798714899,A
train_2669144682,A
train_277407365,A
train_2473971852,B
train_1640714782,B
train_1211395028,A
train_970606077,A
train_2545614549,A
train_2306039567,B
train_2589194952,A
train_395131334,A
train_2054496966,A
train_3694460194,A
train_1088209506,B
train_1848605655,B
train_2355180337,B
train_24138636,A
train_276173105,A
train_3792816944,A
train_2864340447,B
train_685810526,A
train_2841960429,A
train_4223047742,B
train_3781354024,B
train_395553446,B
train_3047575206,B
train_351834623,A
train_252827075,A
train_718395879,B
train_4151017426,A
train_1562206902,B
train_818737316,B
train_947156292,B
train_2549449127,A
train_2619130311,A
train_3093192982,A
train_1054695312,B
train_1061353306,A
train_1375299748,B
train_3653361744,A
train_554509556,A
train_298166880,B
train_2566709185,B
train_3440441902,A
train_2769977412,A
train_3105078336,B
train_2844741784,B
train_1325376901,A
train_3793339161,B
train_1363946936,A
train_1637090423,B
train_38395637,A
train_4292820919,A
train_4178049634,A
train_2923687029,A
train_2695667079,A
train_20460418,A
train_1948720136,B
train_1655106123,A
train_1757594176,A
train_1423200349,A
train_2333262788,A
train_355460051,B
train_2954345109,A
train_1331924864,B
train_2625888864,B
train_2389789648,A
train_1638519928,A
train_3317152916,B
train_2847244918,A
train_4183522151,B
train_53478195,B
train_3134568514,B
train_1675185549,B
train_2011770386,A
train_2347365926,B
train_3304185565,B
train_2943962326,B
train_3534777129,B
train_4143731129,B
train_1046971707,B
train_1812885046,B
train_2645497743,A
train_143166491,B
train_3649882713,A
train_827978057,B
train_194043739,B
train_1623455601,B
train_2782331529,A
train_2046266547,B
train_2030924338,A
train_3093543670,B
train_2336156893,B
train_2858707659,B
train_306102296,B
train_2703154771,A
train_500199418,B
train_3393644703,B
train_2232482178,A
train_3454652975,A
train_508919953,B
train_360814149,B
train_2501575831,A
train_1821901871,A
train_1218669160,A
train_1035426528,A
train_3388606916,B
train_1367030927,A
train_2337330113,A
train_3653194517,B
train_4247905591,B
train_2058093494,B
train_1411392297,B
train_3253974953,B
train_527157339,B
train_962035263,A
train_176512290,B
train_1032671454,B
train_3123083762,B
train_4249618609,B
train_1272751605,A
train_3759944592,A
train_2742991068,B
train_3615082481,A
train_3315657399,B
train_1197421195,B
train_1517450323,A
train_1166693195,A
train_3110905934,A
train_141208704,A
train_1453934818,A
train_2285049117,A
train_4074351787,A
train_3785317484,A
train_3172335069,B
train_3771945381,A
train_2318810391,B
train_1980508810,A
train_2188168463,B
train_2324093387,B
train_1822237971,B
train_4090624362,B
train_258004981,B
train_2032912385,A
train_3630364546,A
train_3948327382,A
train_1546390308,A
train_2496580143,B
train_1168049787,B
train_4209391020,A
train_1117227513,B
train_1186254058,A
train_25419930,B
train_2325640154,A
train_408721363,A
train_1487021073,A
train_3680666270,A
train_89768268,A
train_2266333171,A
train_2347604359,B
train_3580750137,A
train_415825584,B
train_3495058853,A
train_152642161,A
train_325947930,B
train_1901674757,B
train_2920436119,B
train_1972057227,A
train_1197385433,A
train_87707740,A
train_3758726710,A
train_3839423258,B
train_760987592,B
train_3002316552,A
train_966400624,A
train_4101128012,A
train_3462804440,A
train_2160632707,B
train_3196428079,B
train_2227460327,A
train_1585004666,A
train_993038102,A
train_386356068,A
train_1474555515,A
train_1778494836,A
train_1089119523,B
train_3125518001,B
train_2405632713,B
train_2377133116,B
train_1569458510,B
train_2792386726,A
train_3114280436,B
train_111376792,B
train_911643459,B
train_371459609,A
train_1998638446,B
train_3111248231,B
train_3128525426,B
train_275639865,A
train_539453583,B
train_1437566243,A
train_1029216425,B
train_4265758480,B
train_2090037792,B
train_977404293,B
train_3929918352,B
train_1158628750,B
train_1987794554,B
train_1718039708,B
train_2753619758,B
train_2554022544,B
train_4128171593,A
train_2327511459,A
train_411559320,B
train_121718242,A
train_1198874187,A
train_4236194881,A
train_770123511,A
train_138694195,A
train_1357739170,A
train_670411946,B
train_2368683063,B
train_3954752856,A
train_2788676501,B
train_258002835,A
train_115075105,A
train_1723452712,B
train_1848632939,A
train_4177369949,B
train_1255622678,A
train_3802465099,B
train_2915514940,B
train_3054616539,A
train_1006411589,A
train_3353195899,A
train_2758967773,B
train_290486421,B
train_1058911479,A
train_1874054201,B
train_3732587446,B
train_2300768233,B
train_578662909,B
train_2643691239,B
train_3427738783,A
train_1036936892,B
train_2746049406,A
train_3215748240,A
train_2220319793,B
train_906044952,B
train_238473075,B
train_980547167,B
train_3870921296,B
train_2317652434,A
train_492093082,A
train_4025151099,A
train_850248585,B
train_2229356080,B
train_2072990387,B
train_1697329283,A
train_577149104,A
train_2645427269,A
train_1457805885,A
train_1834677134,B
train_2040811406,B
train_509779623,B
train_4284338219,A
train_3523178326,A
train_420911408,B
train_1376909893,B
train_1703043998,B
train_1145402844,A
train_3494183521,B
train_2389869712,B
train_531702441,A
train_180471953,A
train_1047605641,A
train_3238465345,A
train_2823283235,B
train_3727696561,B
train_410644234,A
train_3037415615,B
train_4156636475,B
train_602119541,B
train_3024865765,B
train_2653888240,A
train_3130978023,A
train_110616519,A
train_2285868782,A
train_1246699246,B
train_1172371728,A
train_4063521608,A
train_3279452917,A
train_413153319,A
train_12412329,B
train_4286859517,B
train_3049704151,B
train_832144399,B
train_3855989966,B
train_2481386071,A
train_637196181,A
train_585106571,A
train_59094472,A
train_3360725604,A
train_1083031821,A
train_971500235,B
train_456912323,B
train_1938962,A
train_4254318001,A
train_2693090231,A
train_4110319518,A
train_1913449144,A
train_3300105668,B
train_1395450106,A
train_1512027746,A
train_1806327045,B
train_2736437293,B
train_1540761220,A
train_2878347683,A
train_2735890192,A
train_851220512,A
train_969405326,B
train_1103100061,A
train_3954563275,A
train_4023499899,A
train_1609719593,A
train_1489280174,A
train_2025925954,A
train_3569591480,A
train_3177097685,B
train_3446859463,A
train_2676847838,B
train_1093756522,B
train_2211479643,B
train_4233442225,B
train_1099355015,A
train_2887855473,B
train_354736680,B
train_793278601,B
train_31180027,A
train_1237213779,B
train_1201869749,B
train_4195707750,A
train_3498122280,A
train_909458760,A
train_2407995572,B
train_3926738852,B
train_1845969161,B
train_3672374874,A
train_2216868612,B
train_2334307157,A
train_1304169538,A
train_706662326,A
train_1299512684,A
train_1355573335,A
train_190714934,A
train_3853317135,B
train_1273926174,B
train_616471037,A
train_705121775,B
train_634906930,B
train_3423937555,A
train_1625735339,B
train_1055004358,B
train_3784022195,B
train_2758381404,B
train_2081286932,B
train_327920855,B
train_2813057398,A
train_1500938457,A
train_543233620,A
train_1837980402,A
train_1597767058,A
train_2332654147,A
train_2285929856,A
train_1249695522,A
train_1615836146,A
train_786179378,B
train_1739106563,B
train_4207086980,A
train_3136009079,A
train_751013590,A
train_3476869731,A
train_3900368652,A
train_927793110,A
train_2634961048,A
train_2107500629,B
train_37176863,A
train_2842459556,B
train_3648171123,B
train_1176101979,A
train_824124710,A
train_1074170511,B
train_182839633,A
train_2974970405,A
train_1143770868,B
train_1168941655,A
train_242965313,B
train_3399317843,B
train_3350145275,B
train_3876645324,B
train_1557521265,A
train_2187211,B
train_4014154711,A
train_3718056343,B
train_1726482070,B
train_1709273284,B
train_4108920716,B
train_2717191283,B
train_267243093,A
train_1849328970,A
train_1597278820,A
train_1687929,B
train_143478179,B
train_1043834861,A
train_513746136,A
train_3349796554,B
train_419821150,B
train_3533966895,A
train_3664341531,A
train_1297112083,A
train_2687521349,B
train_3705421466,B
train_1041328820,A
train_3238431207,A
train_2111637988,B
train_1436686124,A
train_3548427839,A
train_1193390844,A
train_2895365466,A
train_161755645,A
train_449175169,B
train_2460950304,A
train_2353400809,A
train_1177465009,B
train_3032182755,B
train_1124980559,A
train_547295568,A
train_1428858082,A
train_2587872066,B
train_4208052601,B
train_3584209387,A
train_1222337436,A
train_4190409098,B
train_2838879851,B
train_1611361989,A
train_953437901,B
train_450703639,A
train_345140978,B
train_1862164887,A
train_2204887731,A
train_1156325383,A
train_2523424474,B
train_1812014948,B
train_3958619876,A
train_2218144894,B
train_2869585637,A
train_135871018,B
train_408315900,B
train_40503622,B
train_2586487164,A
train_4117846617,A
train_3164421433,A
train_3651603196,A
train_3833493843,A
train_4158238510,A
train_3100925333,B
train_1774621402,B
train_1311744390,A
train_2381974660,B
train_3424911647,A
train_1830943856,A
train_2027423557,B
train_3772469399,B
train_2842980767,B
train_33479894,A
train_854180906,A
train_3419392575,A
train_976037441,A
train_2980135357,B
train_2073889037,A
train_1092123158,B
train_3400025126,B
train_1776624284,B
train_2709018382,B
train_3038802646,B
train_3357146025,A
train_31595233,A
train_1509993068,A
train_2031219164,B
train_439140120,A
train_3901129094,B
train_1500594159,A
train_417860049,B
train_2671941630,A
train_849242460,B
train_3534352614,B
train_3988705431,B
train_296741060,A
train_3562376746,A
train_4042946188,A
train_432472358,B
train_1503046472,B
train_2903024852,A
train_3218978041,B
train_1876696430,B
train_810268867,B
train_2182920282,A
train_689639496,B
train_1842046582,A
train_1029378580,A
train_403406293,A
train_130144039,A
train_3249629580,B
train_2735188699,A
train_1985786345,A
train_1987000376,A
train_1417599184,A
train_2736907284,A
train_3077233694,B
train_4289550952,A
train_565629063,A
train_1168659202,A
train_4076539821,B
train_1985301755,A
train_3632940475,A
train_3042172278,A
train_1113630087,B
train_1361460987,A
train_3514183424,A
train_557142280,B
train_348264498,B
train_3726146925,B
train_3827432089,B
train_728318786,B
train_1340795959,A
train_796415770,A
train_2909587714,B
train_2052975932,B
train_2603953119,B
train_3527260250,A
train_1260560948,B
train_570133686,A
train_4140089078,A
train_3967271817,A
train_2309045515,A
train_4244852546,B
train_1155144240,B
train_1404157115,B
train_421087149,A
train_1247468470,B
train_445573665,B
train_192300344,B
train_3280539377,A
train_3125997252,A
train_2662961221,B
train_1424925866,B
train_3829379127,B
train_3799411842,B
train_1857324893,B
train_479064974,B
train_2179124910,A
train_2988357331,A
train_1812312889,A
train_162599568,B
train_3488758353,B
train_2902959879,B
train_459500498,B
train_2709375315,B
train_2718867022,A
train_835818766,A
train_2054070735,A
train_1405233689,B
train_3266328870,A
train_714229840,B
train_2042795921,B
train_1343103370,A
train_2184935770,B
train_1972312073,B
train_3129660755,B
train_2591531253,B
train_3449967969,B
train_40952168,B
train_3897388237,B
train_2488929781,A
train_3284790765,B
train_652718238,B
train_2772711588,A
train_3999838811,A
train_1382882368,B
train_2470897215,A
train_2242609112,A
train_369395894,A
train_3793822841,A
train_2640193830,A
train_1783271318,A
train_741310375,B
train_2546708282,A
train_3254405700,A
train_90356826,A
train_1091906622,B
train_1365968724,B
train_2556499994,B
train_4122752050,A
train_4183230163,B
train_4239345453,A
train_900647744,A
train_1940074314,B
train_2807926882,A
train_2035473664,B
train_3050063851,B
train_2089997515,B
train_2129257690,A
train_725833311,A
train_1479387890,B
train_797513730,A
train_2243907412,B
train_3284519730,B
train_3384303156,A
train_3794406710,B
train_2504152429,A
train_1933070897,A
train_1441678759,B
train_744357342,A
train_3072480923,B
train_2065557038,B
train_912016113,A
train_572504980,A
train_3057581815,A
train_2775160744,B
train_912241739,B
train_3492575164,B
train_1263656013,B
train_3082083795,B
train_3075475070,B
train_1625695947,B
train_3316745860,A
train_3601960528,B
train_407862204,B
train_2105716669,A
train_889288069,A
train_4220486378,A
train_2380885238,B
train_3383562151,A
train_3734873186,B
train_4240742637,A
train_3039047352,A
train_1993193353,A
train_2112058252,A
train_3296269267,A
train_841015183,B
train_4224502769,B
train_360175845,B
train_4004243896,B
train_223002916,A
train_564993835,A
train_2003445332,B
train_264392126,B
train_688581013,A
train_1805521792,B
train_176796082,A
train_1624624968,B
train_1261348284,A
train_2596519938,A
train_1554149246,B
train_3100491803,A
train_3505911392,A
train_100918337,A
train_3807947226,B
train_3939264919,B
train_1452080735,B
train_1429789938,A
train_4232562853,A
train_4048491597,B
train_1716084081,B
train_2552509963,A
train_2161846943,B
train_811932103,A
train_565614187,A
train_2572454759,B
train_766755178,A
train_1096810250,B
train_701905731,A
train_2068935057,B
train_813223939,A
train_290637268,A
train_122853682,B
train_4022921985,A
train_4258907700,B
train_3467998042,B
train_151827288,B
train_687561582,A
train_3318627594,A
train_1541742047,B
train_1211053562,A
train_1169586614,A
train_3486920526,B
train_2815760406,B
train_1610441722,A
train_2060246792,A
train_2385581241,B
train_3225905614,B
train_3174186427,A
train_3159123258,B
train_1752759640,B
train_3394916135,A
train_4200570657,A
train_2020485332,A
train_4178540788,A
train_3547469500,A
train_612956488,A
train_1133346887,A
train_1727574538,B
train_3108492249,B
train_3687530091,B
train_2199604651,B
train_3448778660,A
train_1268926774,B
train_2501906467,B
train_3606484142,A
train_1110311582,B
train_1301195709,B
train_3069074123,A
train_679137689,A
train_1417338448,A
train_3038501824,B
train_1662518176,B
train_1814538998,A
train_900199970,A
train_688511663,B
train_3807108497,B
train_3103258811,B
train_2447842575,A
train_2455667863,A
train_659696257,A
train_2662398342,B
train_1629887895,A
train_334306955,B
train_1637295920,B
train_3571016047,B
train_4053854205,A
train_1043075520,A
train_3401839472,A
train_657274189,B
train_2516862643,B
train_753358188,A
train_3833179896,B
train_3138508480,A
train_409444767,A
train_2614699893,A
train_2093996194,A
train_2351098922,A
train_496690219,A
train_3372919624,B
train_4012520896,B
train_2157103101,B
train_3123003333,B
train_1349397829,B
train_3541138696,B
train_2022707337,A
train_3139839896,B
train_2942744482,A
train_1170563867,A
train_2812344005,B
train_931492711,A
train_1521972191,B
train_905556102,A
train_2072165327,B
train_232287567,A
train_1561581667,B
train_3633169704,B
train_2421724377,B
train_1648147422,A
train_2678619228,A
train_2674186772,A
train_3050997873,A
train_101009610,A
train_2928905216,A
train_1239379228,A
train_2391922308,B
train_1613092423,A
train_2185330473,A
train_2656699908,A
train_3333065094,A
train_612230357,A
train_366623860,A
train_2673695286,A
train_3347927527,A
train_2550260673,B
train_1250555246,A
train_1083688769,A
train_3859871603,B
train_2539607493,B
train_49782600,A
train_1826274551,A
train_3697469524,A
train_2180961408,B
train_712131030,B
train_837446631,A
train_3931372875,B
train_2696920273,A
train_271859066,B
train_2019057454,B
train_163710515,A
train_748628315,A
train_289549950,B
train_2909325989,B
train_1904735012,B
train_3057350600,B
train_3673703974,B
train_3296571923,B
train_187673899,A
train_3974041033,B
train_1190979372,B
train_2252401861,B
train_966618279,B
train_527169196,A
train_4184868767,B
train_907895004,B
train_1934459988,B
train_1169481538,B
train_3722769928,A
train_411037636,A
train_4183820127,B
train_3417890452,A
train_2462242673,A
train_3376858066,A
train_1336574911,A
train_574901195,B
train_2529255206,B
train_2698986223,B
train_1990918848,B
train_1459494712,B
train_3376168405,B
train_3351355979,A
train_2417332944,A
train_1911856009,B
train_1244703041,B
train_2295799886,B
train_573933006,A
train_953736088,B
train_3974730253,A
train_781054843,B
train_144756253,B
train_803971870,A
train_1489466606,A
train_3567055380,B
train_3693490620,A
train_1901639999,B
train_3135592737,B
train_603202466,A
train_1019174187,B
train_3812702118,A
train_2580172640,B
train_3714844052,B
train_1441779259,A
train_4016739083,B
train_2758645861,B
train_1285557210,B
train_1711973255,B
train_1766292001,A
train_642953591,A
train_2228196530,B
train_414417514,A
train_3244767387,A
train_3844054314,A
train_3476548300,A
train_3336913317,B
train_2026266094,B
train_285408414,A
train_2012958313,B
train_722555388,B
train_2570870630,B
train_2956123045,A
train_4264559944,B
train_2560722129,A
train_2527292404,A
train_1881952216,B
train_4120777660,A
train_406407450,A
train_1368685065,B
train_1402405553,B
train_482904391,B
train_2890873152,B
train_2822959583,A
train_1455885851,A
train_3674017218,B
train_3597536272,A
train_3889490974,A
train_1245554740,A
train_1806374593,A
train_933302695,A
train_3958692888,A
train_3012591540,A
train_534314785,B
train_2934584654,B
train_1092917111,B
train_370557451,A
train_1636810940,B
train_4167112014,A
train_2507095291,B
train_3169176048,A
train_976005332,A
train_2607601179,A
train_3224735141,B
train_3157636150,A
train_1644845658,A
train_4096989515,B
train_2039289827,B
train_1912124137,A
train_3835480119,B
train_4143934182,B
train_752005906,B
train_1004257939,A
train_3073551448,B
train_3625501718,B
train_718978383,B
train_1558267066,A
train_2278454107,B
train_2783270689,B
train_3077201395,A
train_4083005988,A
train_1880957390,A
train_424395616,A
train_3469720659,A
train_667289993,A
train_1490246192,A
train_1878729653,B
train_1238146392,B
train_3323567719,B
train_2312321408,B
train_1812681004,B
train_1146777125,B
train_5981942,A
train_623713390,A
train_3039427949,B
train_3681697117,A
train_3447753287,B
train_3894743032,A
train_3798884209,B
train_500311078,B
train_2693172383,B
train_685529124,B
train_3379174374,B
train_1797488643,B
train_1042832485,B
train_3753398973,B
train_4290610065,B
train_2714538422,A
train_2524556002,A
train_3410942935,A
train_4007094691,A
train_3145717243,B
train_1470643555,A
train_1859494227,A
train_4286138740,A
train_1475540964,A
train_3090529198,B
train_3084091514,A
train_3991001906,A
train_382020659,A
train_1785845140,A
train_985681332,A
train_2803123924,A
train_863149549,A
train_779937778,A
train_851588330,B
train_1705672160,B
train_3195325438,A
train_365461299,A
train_1214889194,B
train_2998574765,A
train_1015029487,A
train_4273937371,B
train_2281611040,A
train_4006498229,A
train_1925757422,B
train_2171190759,A
train_2829340526,A
train_48564748,A
train_2679153248,B
train_3611663610,B
train_2835781308,A
train_2313078287,B
train_4070696088,A
train_3298624374,A
train_3499997583,A
train_2751298871,A
train_3278652937,B
train_3098282809,B
train_2851522730,A
train_1430671715,A
train_2748381050,B
train_2071878252,A
train_3331273917,B
train_663980958,A
train_730864113,A
train_1128189496,B
train_492554463,B
train_1991646578,B
train_2865564945,B
train_3835032521,B
train_742917419,B
train_1428224253,B
train_3895750303,B
train_2064350707,B
train_421129776,B
train_3255522764,B
train_3625301912,A
train_2175472925,A
train_2331335751,B
train_698106022,A
train_944416909,B
train_2421792664,B
train_1492465903,A
train_1691965587,B
train_83763252,B
train_1103516646,A
train_1308783782,B
train_3356898532,A
train_1202935013,B
train_1119705481,B
train_3163208972,B
train_4060693827,A
train_4156734436,A
train_1567328339,A
train_1709235118,A
train_2745356100,B
train_3866006539,A
train_3214235590,B
train_737654517,A
train_3816608919,A
train_3823591564,B
train_418664845,B
train_3831214605,A
train_1758042592,A
train_4044466899,A
train_2820227190,A
train_945624295,B
train_3391402886,B
train_3730229113,A
train_182658763,B
train_320344199,A
train_1119406659,A
train_3441816534,B
train_3648644051,A
train_4187857506,A
train_3209482749,B
train_1425955672,B
train_3586986908,A
train_3601979759,A
train_3219305761,B
train_3827366807,B
train_3550756971,A
train_2773405758,A
train_152798351,B
train_37238045,A
train_1338534871,A
train_2779635606,B
train_1542497347,B
train_3400856746,B
train_538243438,A
train_2274677010,B
train_1373154261,B
train_2282324541,B
train_2452199187,A
train_2831528845,A
train_1325197705,B
train_161237605,A
train_696579354,B
train_4132861423,B
train_3509533033,B
train_3133348096,B
train_1161311757,A
train_1966335836,B
train_64724915,A
train_164096657,A
train_2205939233,B
train_2338905861,B
train_955514361,A
train_1319172591,B
train_1474090959,A
train_103010726,B
train_3971091713,B
train_4103739586,B
train_3384098627,A
train_2450607363,B
train_4125258622,A
train_3689195668,B
train_656771299,A
train_4195191984,A
train_1430427240,A
train_2596449126,A
train_3451665203,A
train_1938966187,B
train_1952216893,A
train_4162431143,B
train_3850650102,B
train_957736628,A
train_143146459,A
train_275540591,A
train_3991666054,A
train_1379571385,A
train_3261162550,B
train_4257399826,B
train_3096090721,A
train_12552470,A
train_2839862426,A
train_2028474426,A
train_3029823792,B
train_2145139201,B
train_2177317209,B
train_3345640160,B
train_1279449336,B
train_3297564644,A
train_2181933051,A
train_3856638227,B
train_1047437598,A
train_1732618409,A
train_2411298280,B
train_2984018722,B
train_2868398899,A
train_1695975458,A
train_1115988605,A
train_1517747731,A
train_3206803259,B
train_3179721258,A
train_3350886326,B
train_1387854675,B
train_571323360,B
train_2705824587,B
train_2788763359,B
train_2221573232,B
train_1454497638,A
train_2761550356,B
train_3010730614,B
train_265896647,A
train_585869162,B
train_679832588,A
train_1728258079,B
train_956826608,A
train_1141612586,B
train_2755777564,B
train_750786421,A
train_42167677,B
train_2826039396,B
train_1792321930,B
train_4224125539,A
train_1906081637,B
train_2056969464,B
train_3916113806,B
train_70428930,B
train_1796064388,A
train_3080356974,B
train_4266263839,B
train_1455488195,B
train_2663105132,B
train_1718950521,A
train_1374155343,B
train_2492150680,B
train_2254773815,A
train_3063297687,A
train_760830895,A
train_3773330296,A
train_3353660882,A
train_4142378068,A
train_11154383,A
train_1640698067,A
train_3633935327,A
train_606246793,B
train_2643650049,B
train_2153640171,B
train_2312433582,A
train_371718576,B
train_516595527,B
train_1127938265,B
train_2996797715,A
train_441554325,A
train_3046541493,B
train_1877117658,B
train_3889949936,A
train_2892571048,B
train_3251131555,B
train_3560974982,A
train_1287258108,B
train_2428181036,A
train_46708980,B
train_3104668055,B
train_2316512667,B
train_2234517344,A
train_959243812,B
train_3144803295,B
train_2294091935,B
train_385704023,A
train_41934993,A
train_3376069100,A
train_3046347473,B
train_2978602458,A
train_1251867678,B
train_591677732,B
train_2400897732,B
train_2913593726,A
train_504064537,A
train_66316773,B
train_2365939892,A
train_2658391823,A
train_1903356053,A
train_604544871,A
train_771383342,B
train_3149691093,A
train_597268630,B
train_3860279687,A
train_332904440,B
train_4148271624,A
train_540475989,A
train_1016615244,A
train_46457155,B
train_281513862,B
train_394500320,B
train_1299985815,B
train_1155475723,A
train_746086662,B
train_4122646092,A
train_4198998445,B
train_2215208747,B
train_4256993433,A
train_508508352,B
train_2707877432,B
train_569895252,B
train_2632772329,B
train_1074872479,A
train_3064295953,A
train_3031432553,B
train_3593324238,B
train_1779083935,B
train_2822440446,A
train_1338992777,B
train_512689054,B
train_2175692923,B
train_2180188476,A
train_1137937629,B
train_3097411763,A
train_3674243665,B
train_712719518,B
train_1207972134,A
train_3764764705,A
train_3226548381,B
train_181124553,A
train_266334478,A
train_2996263033,B
train_4161764350,A
train_3079913088,A
train_1399365354,A
train_2684389901,A
train_1724283836,B
train_3193454385,A
train_4289004463,A
train_626167364,A
train_3697741183,A
train_921034299,A
train_1392110489,A
train_549832589,A
train_366439261,A
train_2071992938,B
train_1435359435,B
train_3469428858,A
train_379409893,A
train_76844765,B
train_3682122294,B
train_2846997381,A
train_2123027136,A
train_957884760,A
train_3670292298,B
train_2054427851,A
train_3860454810,A
train_1535611996,A
train_304216210,A
train_1914183964,A
train_2710446939,A
train_3415044371,B
train_3055899838,A
train_1386530135,B
train_940846545,A
train_4178499866,A
train_2970994375,B
train_2259805360,B
train_1702956523,A
train_2936060657,A
train_914598745,B
train_4147529715,A
train_3442012389,B
train_1086514400,B
train_1496458006,B
train_393846135,A
train_75754361,B
train_3455402157,A
train_174514121,A
train_4240921536,A
train_4066627404,B
train_2732040477,A
train_2392150148,B
train_4144490801,B
train_221973790,B
train_2504376116,A
train_57155817,A
train_4162284024,A
train_215582051,B
train_2748139905,B
train_3868975875,B
train_4103961173,B
train_1353859327,A
train_434758968,A
train_3082342488,A
train_3451381244,A
train_3001084595,B
train_1075686164,B
train_2227817513,A
train_1271316815,B
train_749235351,A
train_3518876927,B
train_3896905096,A
train_4114691567,A
train_2799355523,A
train_1683233943,A
train_1226824494,A
train_2829334594,B
train_747105122,A
train_2010692156,A
train_2585576903,B
train_3224297153,A
train_2861487701,A
train_512631287,A
train_1697917803,B
train_3926075153,B
train_1067188063,A
train_1485694939,B
train_2297983152,A
train_3915145084,A
train_2850264987,B
train_85664105,A
train_2707898039,A
train_4275115419,B
train_52969503,A
train_1868446977,B
train_1817895323,B
train_1936892244,A
train_1069274237,B
train_46271801,A
train_3067677018,B
train_216145785,A
train_4193642390,B
train_3936088130,B
train_744696458,B
train_1634320893,A
train_1496467514,B
train_2404308803,A
train_2095256261,B
train_1931434634,B
train_873682762,A
train_1281072972,A
train_79094730,A
train_2029585826,A
train_1724394898,A
train_3233654231,B
train_398259737,B
train_3029167211,B
train_471642597,B
train_759678684,B
train_3817455085,A
train_1395269509,A
train_1155145299,B
train_882041835,A
train_2198777813,B
train_3505720509,A
train_2560184354,B
train_162101721,B
train_1729174946,A
train_3165845095,B
train_1842587736,B
train_337751268,A
train_3652853162,A
train_189856983,B
train_2342565785,A
train_2756215115,A
train_1624853001,A
train_2247031459,B
train_3145317361,A
train_4052226905,B
train_2403100464,B
train_2164460996,A
train_2601829104,B
train_2564321499,A
train_4215454206,A
train_2373823959,B
train_3608667970,B
train_1436890943,B
train_2647661078,A
train_3463322056,A
train_2650350899,B
train_440089241,B
train_182504004,A
train_927436148,B
train_1935352089,B
train_1454761061,B
train_4117291245,B
train_1543971865,B
train_277365568,A
train_3536876256,B
train_994309625,A
train_2247566755,A
train_3178572575,A
train_859469363,A
train_3480201825,A
train_3321213276,A
train_2883698761,A
train_2046198862,B
train_1986876455,B
train_3773611946,B
train_3865215107,B
train_2949260749,A
train_2594134040,A
train_1716984474,A
train_3854473583,A
train_3898909357,B
train_4083220326,B
train_574602672,A
train_432509608,B
train_828516639,B
train_2681963154,B
train_3170101254,B
train_3885562832,A
train_4127521975,A
train_310585191,A
train_1550472148,B
train_3330388894,B
train_2798556422,B
train_120345533,A
train_2436241419,B
train_2980696682,A
train_80306778,A
train_3992946890,A
train_3597673469,B
train_4274092758,A
train_2057694127,A
train_1041717243,A
train_792584974,A
train_1554691608,B
train_811554006,B
train_2387018532,A
train_1664442278,B
train_3250815363,A
train_350811099,B
train_79665840,B
train_2773541868,A
train_3989014582,A
train_799815430,A
train_1094227913,B
train_2397062906,B
train_3926700410,B
train_4275331274,B
train_3670597890,A
train_2051056265,A
train_2608167145,B
train_1753953823,A
train_2213461229,A
train_943991353,B
train_2519787254,B
train_993283245,A
train_3132941007,A
train_4189926013,A
train_932644594,B
train_992327432,A
train_886700461,B
train_1967947734,B
train_937817409,B
train_565560978,A
train_3067518058,B
train_2134582669,A
train_3683883399,A
train_3235831356,A
train_4128551344,A
train_2711980740,A
train_3065326829,A
train_753395825,A
train_3561675326,B
train_3063102514,B
train_1300261839,B
train_959095645,B
train_516557280,B
train_2332310353,A
train_975873845,B
train_1595893549,A
train_1508335846,A
train_2381497514,A
train_3372204620,A
train_3266666219,B
train_1137655085,A
train_1036569790,A
train_2786686637,A
train_414310144,B
train_4025646931,A
train_3179134724,B
train_2002525228,B
train_3020585565,A
train_473068450,A
train_2680077321,A
train_3357267393,B
train_4101665190,A
train_2598347612,A
train_3554470253,A
train_2122522366,A
train_3094187312,A
train_3779193565,A
train_614699818,A
train_3748381855,A
train_2476934349,B
train_1870694048,B
train_1103521502,B
train_3211644055,B
train_4054416612,B
train_732167048,A
train_1580073987,A
train_526575328,B
train_1353739702,A
train_1221869335,A
train_246304648,B
train_61335486,B
train_3593067686,A
train_3779080322,B
train_1711728185,A
train_2843499006,B
train_222937128,A
train_4022562985,A
train_2514186663,B
train_441809943,A
train_2682634306,A
train_3424153955,B
train_440180558,A
train_2000690238,A
train_2818503614,B
train_951752078,A
train_523828390,A
train_2913373542,A
train_504965579,A
train_525669778,A
train_2729410112,A
train_765194051,A
train_60927732,B
train_2061229860,A
train_1366538029,A
train_3709603918,B
train_4282650241,A
train_1721789592,A
train_490319842,A
train_2118604314,B
train_998144827,A
train_4174941862,A
train_1692102743,B
train_1865324765,B
train_1747828851,B
train_313181288,B
train_547251310,B
train_2370905946,A
train_1154200161,A
train_3041237187,B
train_1889675842,A
train_3984726286,B
train_1034044893,A
train_3294617720,B
train_13509428,A
train_184610476,B
train_4077143506,B
train_3027951236,B
train_1077116899,B
train_855921789,A
train_1552903494,A
train_4108324256,A
train_556785717,B
train_376759518,B
train_7591546,A
train_3710988374,A
train_3494373743,B
train_1498884418,A
train_1956479854,B
train_412421673,A
train_2288514435,B
train_1622572358,B
train_40010400,A
train_4291639514,B
train_4041672091,A
train_92819142,B
train_1224655468,A
train_3663708207,B
train_3830237130,B
train_2053257937,A
train_2155630200,B
train_1882046254,B
train_334578980,B
train_4068531521,A
train_2475719623,A
train_3681071861,B
train_3638947527,B
train_1111253649,B
train_2015836428,B
train_2905237738,B
train_3947948971,A
train_2897766316,A
train_1450409405,B
train_3572139356,B
train_3483416730,B
train_601616591,B
train_4291296662,B
train_2069939857,A
train_4171229364,A
train_1240888950,A
train_2143789996,B
train_1085378400,A
train_1973565181,A
train_2815775101,B
train_1538560683,B
train_233814317,B
train_568457576,B
train_1101555713,B
train_777792180,B
train_3368781879,A
train_560934714,A
train_1990735800,B
train_3258399127,B
train_4268735566,A
train_2172282321,B
train_3027298603,B
train_1968568473,A
train_1882936884,B
train_1419788099,A
train_4285215036,A
train_2950073828,B
train_917963459,A
train_1811982877,B
train_892703091,B
train_3211588948,A
train_2099986479,B
train_2144881134,A
train_2682076840,B
train_3872555759,A
train_1935847073,A
train_3996100797,B
train_1210851301,B
train_4124416989,A
train_3182318145,A
train_861749551,B
train_904305218,A
train_219773603,A
train_1325653054,B
train_3649296199,B
train_1712187617,A
train_3695373222,B
train_2922316419,B
train_229602090,A
train_3573177213,A
train_3200079888,B
train_3023221946,B
train_3954593857,A
train_4235440904,A
train_238144729,A
train_994877189,A
train_1038716161,A
train_1073929789,B
train_2753726943,A
train_2643576800,A
train_428114583,A
train_2171237047,B
train_1070236126,A
train_1950451924,A
train_692532520,B
train_1044709849,B
train_1700368537,B
train_583769103,A
train_1762988955,B
train_910731394,A
train_563193178,A
train_1431545311,A
train_3068298771,A
train_523829845,A
train_687452826,B
train_2585349219,B
train_3940412640,B
train_2351095825,B
train_1401523832,A
train_2819072488,A
train_315404011,B
train_4191800526,B
train_1241064595,A
train_3604382153,A
train_1494918260,A
train_955328950,A
train_2574137445,B
train_479485479,A
train_2038164922,B
train_3312886569,B
train_3949352294,B
train_2228949305,B
train_190048469,B
train_620385664,B
train_4151182006,B
train_1361510065,B
train_2665477296,B
train_776881875,B
train_3167956021,B
train_915755841,A
train_837037146,B
train_2998270225,A
train_3214631582,A
train_450132675,B
train_1618047813,B
train_2317665949,A
train_1419841124,A
train_1952855662,A
train_2075934561,B
train_430261515,B
train_4067343287,B
train_813446503,B
train_1933748778,A
train_2242777994,A
train_1871892440,B
train_312161240,B
train_4147023175,A
train_3348265870,A
train_821371752,B
train_2622487390,A
train_3726101784,B
train_2716790579,A
train_713073906,A
train_3091617893,A
train_3803689425,B
train_1255691632,B
train_1775558132,B
train_612140382,B
train_3866815134,A
train_4084959673,B
train_732044554,B
train_2933908043,A
train_4100678614,A
train_1354709869,A
train_33605390,A
train_3227612239,B
train_1880076251,A
train_124377053,B
train_2707736222,B
train_2113990994,A
train_3905489438,B
train_1665953002,B
train_1555064157,A
train_959253242,B
train_4139264827,A
train_3545832035,B
train_3501621399,B
train_1749149372,B
train_3587384027,A
train_1811827718,B
train_3799432791,A
train_416476334,B
train_1520503620,B
train_3141577248,A
train_4194524322,B
train_3361682975,A
train_3717230068,A
train_958305722,B
train_2525160586,A
train_3892079499,A
train_1277497192,B
train_3029160558,B
train_2828081730,A
train_1745241070,B
train_2300905677,A
train_1989130394,A
train_1337416323,B
train_516561771,B
train_4036886801,A
train_1070010002,B
train_3413895881,A
train_1606090489,B
train_3059577431,B
train_1559794917,B
train_4167264971,A
train_3548269661,B
train_1927662855,B
train_3932867756,A
train_2887993568,A
train_3934268850,B
train_656399081,B
train_3951118971,B
train_2203032040,B
train_2896010234,B
train_3066103321,B
train_2774895038,A
train_1203349175,B
train_2613303687,B
train_2031864597,B
train_1869046889,A
train_3823982686,A
train_3948719499,A
train_1208909906,A
train_2800601785,A
train_2384375103,A
train_3703926004,B
train_1799169835,A
train_493010813,B
train_1714924923,A
train_2632398151,A
train_845483857,A
train_3389297708,A
train_1890023758,B
train_3725246939,A
train_1159470935,A
train_1404869015,A
train_249101808,A
train_1856503902,B
train_2472422135,A
train_2736134883,A
train_2014848098,A
train_3552551675,B
train_486271662,B
train_2378843204,B
train_3074841276,A
train_1338525213,B
train_1072756022,A
train_804855891,A
train_3060575347,A
train_3970829109,A
train_1323486053,B
train_3032719416,B
train_1748381393,B
train_1260838099,A
train_2973180059,A
train_1653525956,B
train_2869367127,A
train_1511839852,B
train_587733705,A
train_3225507994,A
train_3946521443,B
train_1045183127,A
train_1705426088,A
train_3759033640,B
train_3861706055,A
train_1356349099,B
train_3404645240,A
train_1531841561,A
train_818254376,A
train_1228422030,A
train_3161282010,B
train_2508550948,A
train_3830535147,A
train_3288010102,A
train_3601996144,A
train_2005195364,B
train_2321848244,B
train_712759918,B
train_315589968,B
train_4038550686,A
train_1605486021,A
train_3049211086,B
train_1061190445,A
train_2130359180,A
train_2330549977,B
train_543815701,A
train_106714898,B
train_3989932163,B
train_1364606490,B
train_1192550962,A
train_4065215098,A
train_1452219344,A
train_1627499114,B
train_4238388589,B
train_3257824831,B
train_1406926365,A
train_1221967896,A
train_1341726618,B
train_3552134464,B
train_4158029483,A
train_2664702884,A
train_2140425851,B
train_761861378,A
train_2895860927,B
train_1471123207,A
train_3546435169,B
train_1964231285,B
train_848190683,B
train_90485472,B
train_2880107116,A
train_2107380179,B
train_1802065915,B
train_213152841,A
train_113139220,A
train_23279671,B
train_291079980,B
train_1756275551,B
train_2852919680,A
train_976121404,A
train_3302537473,B
train_2496482426,B
train_3143754171,A
train_3694650762,A
train_1321032898,B
train_2477797435,A
train_166658926,B
train_1848391987,B
train_2949564417,A
train_3836351737,B
train_1040603971,B
train_3688789080,B
train_3598651623,A
train_1286279914,A
train_2153474729,B
train_1390652164,B
train_1885696213,B
train_873534641,A
train_1439307810,A
train_1356747244,B
train_653113369,B
train_2912878889,B
train_1889317897,B
train_1168615490,A
train_1195310385,B
train_419293409,A
train_2423479711,B
train_2880496291,A
train_4203822453,B
train_458133036,B
train_1256813925,A
train_2440532965,B
train_3908268805,B
train_2861715765,B
train_3742749629,A
train_614861081,B
train_739685942,B
train_2321637951,A
train_2380185610,B
train_2009053679,B
train_3973279405,B
train_2550577184,A
train_4103528992,A
train_1171176454,B
train_3762946612,B
train_2730412584,B
train_3223775391,A
train_1974918713,A
train_3263476932,A
train_3234219091,A
train_975854954,A
train_740473821,B
train_1504499709,B
train_366645605,A
train_2758727762,A
train_1732576137,A
train_1991755701,A
train_2223616033,A
train_3247630246,B
train_1959378223,B
train_827425880,B
train_1481142988,B
train_1643862736,B
train_1369066694,B
train_2925028325,B
train_2240908048,A
train_3021876224,A
train_3621399552,A
train_538334391,A
train_3905397940,A
train_3767429033,A
train_4141100786,A
train_1796729901,A
train_2277741503,A
train_95855497,A
train_1149080226,B
train_680876417,A
train_2075527336,B
train_589166586,A
train_108226725,B
train_3020326339,B
train_2701932037,A
train_819213426,B
train_2980805870,B
train_1028454235,B
train_563965822,B
train_340338458,B
train_353941535,B
train_3497334286,A
train_1506603376,B
train_3498919692,A
train_3974705299,A
train_2522949266,A
train_3842956418,A
train_768620078,A
train_2752113091,A
train_1095693905,A
train_717207601,A
train_811669499,A
train_1131083894,B
train_2700252600,B
train_2707125211,B
train_1828502061,B
train_152227271,A
train_2134739155,B
train_1094056893,A
train_3975815422,A
train_4207580532,B
train_3544585519,A
train_4259191837,B
train_2534415584,B
train_3901651266,B
train_1653990148,A
train_986102024,A
train_3774908548,A
train_1188083768,A
train_1433411707,A
train_2561801352,A
train_373373056,A
train_4102163551,B
train_552839877,A
train_3247768979,B
train_3174866785,A
train_3218337567,A
train_3895065062,B
train_780358563,A
train_3236057806,B
train_2484928669,B
train_279948046,B
train_2678063394,A
train_3085012629,A
train_3928568508,A
train_105822633,B
train_3066974733,B
train_3124677028,B
train_507063420,B
train_2106069446,B
train_1862469017,A
train_3176717508,A
train_3030464872,B
train_2256371411,A
train_2895720387,B
train_1406554036,A
train_4256093396,B
train_671501743,A
train_3082599877,A
train_1346769688,B
train_580250751,B
train_969053636,B
train_2438406252,A
train_906952721,A
train_2011551199,A
train_1309706127,B
train_370409582,A
train_2678176944,B
train_3364801497,A
train_2229621134,A
train_3108207374,B
train_3318289403,A
train_1905127922,A
train_1315894390,A
train_1643321911,A
train_1216685831,A
train_898465245,A
train_3634791023,B
train_3441052717,A
train_2507192004,B
train_4036122507,A
train_1490903038,A
train_2097408566,A
train_2977067623,B
train_3608793162,B
train_2966730711,B
train_2014256248,B
train_3047994470,B
train_1903714561,B
train_161525974,B
train_4085411104,A
train_2102515477,A
train_1625053012,B
train_3889224624,A
train_414128118,A
train_1625006988,B
train_564327200,B
train_1433595478,B
train_208212198,A
train_1045050673,B
train_3488357475,A
train_2079374740,A
train_3825184310,A
train_4044907610,A
train_703000735,A
train_3909851547,B
train_1029583218,B
train_527789963,B
train_3945694365,A
train_3639412783,B
train_1771959528,B
train_2745892269,A
train_3049359555,A
train_3745592705,B
train_2626445228,A
train_1912961508,B
train_3856350763,B
train_2473895220,A
train_2024298911,B
train_3759767545,B
train_4273759865,A
train_2075589358,B
train_3215235867,B
train_652377551,A
train_1420833906,A
train_561778870,A
train_462510413,A
train_364866591,A
train_1237789874,A
train_594568402,B
train_1117596945,A
train_555512848,B
train_2305593182,A
train_2254744181,B
train_4049817380,B
train_1771033152,B
train_1684493365,B
train_493409579,B
train_2436613046,B
train_2814483537,A
train_2946841239,B
train_3630484623,A
train_1801318614,B
train_897516892,A
train_1598618267,B
train_2860267016,B
train_1711622827,A
train_1583966411,A
train_2817518170,B
train_596453395,A
train_1511481029,A
train_1961623800,B
train_3471968240,B
train_23153029,B
train_761478112,A
train_3817468745,B
train_2320683345,B
train_303924262,A
train_1518618604,B
train_1558118260,A
train_3067144805,B
train_3827216582,A
train_979049616,A
train_2556518446,A
train_3653834054,B
train_118205102,B
train_749424915,A
train_147531330,B
train_2606026595,B
train_1013347291,B
train_935878412,A
train_3796306220,B
train_3460402127,A
train_295710860,B
train_2633812284,A
train_1915680148,B
train_2644772190,B
train_3774413841,A
train_2585510470,B
train_2852860388,B
train_1046588898,B
train_2355427175,A
train_3417411762,B
train_1299268426,B
train_1202294556,B
train_2953321817,A
train_4222314445,B
train_2867824374,A
train_1355357324,B
train_2801650287,A
train_3630060052,B
train_285060329,B
train_18854983,B
train_2519857489,A
train_468852370,A
train_3219768373,A
train_1637966542,B
train_2496902189,A
train_3323551657,B
train_3601574322,B
train_322202452,B
train_1028056625,A
train_1193753818,A
train_3888624974,B
train_2052876872,A
train_1753284918,A
train_2881913793,B
train_1311802423,B
train_2829546697,A
train_4109824724,A
train_1722198660,B
train_2644123547,B
train_4045129182,A
train_61768663,A
train_1568613053,B
train_2897747141,B
train_540187950,A
train_1303998779,A
train_1613407275,B
train_1513451860,A
train_1942584721,B
train_2968742187,A
train_1385619895,A
train_939791381,B
train_1093722453,B
train_48512173,A
train_991683036,A
train_3672279995,B
train_833869026,B
train_1272226614,B
train_310317718,A
train_799279222,A
train_3096787179,A
train_2985745355,B
train_778950385,A
train_4015729786,B
train_2961715253,A
train_1522198144,B
train_1664242106,B
train_1362455334,B
train_3553827346,A
train_2111021441,B
train_2042692811,A
train_3100122210,A
train_3434975859,B
train_1011736295,B
train_3334011680,A
train_1832477457,A
train_2104840088,A
train_1059042987,A
train_3477608588,B
train_2547499561,A
train_2778318902,A
train_1185861938,B
train_2494421934,A
train_1784610284,A
train_1789834898,B
train_1789201114,A
train_1006978144,A
train_1180097680,B
train_242628912,A
train_2399091212,A
train_1541231319,B
train_2047191940,A
train_3206284258,A
train_3178048969,A
train_3307737696,B
train_3154587268,B
train_1485810730,A
train_2957238020,A
train_47863261,B
train_3121246709,B
train_2420045151,A
train_4049149260,A
train_2575016144,A
train_3577838791,B
train_3785111180,A
train_776789193,B
train_3805633036,B
train_159875506,B
train_4201202784,B
train_324353405,B
train_529669156,B
train_617172076,A
train_3036907789,B
train_1679225996,A
train_3496328477,A
train_2739737,B
train_1368183643,B
train_1122624834,B
train_1272941766,A
train_2576092257,A
train_682604377,A
train_3683062250,B
train_4127215717,B
train_389026721,A
train_1400663271,B
train_2383190968,B
train_3868067061,A
train_2698691981,B
train_3415176738,B
train_638829846,B
train_4189323816,B
train_4188068712,A
train_2526104557,A
train_3734810219,A
train_1336164159,A
train_3704239310,A
train_3911098311,A
train_2276016884,A
train_3364056434,B
train_4265525736,B
train_4227076793,A
train_3704312336,B
train_3827069215,B
train_566845133,A
train_947996033,A
train_680114800,A
train_4183928311,A
train_2198868723,A
train_3609122916,A
train_1054326784,A
train_2002861547,B
train_2460467218,B
train_267519196,B
train_2455285748,A
train_3419746172,A
train_3832481577,B
train_227266956,B
train_3506122974,A
train_1893344062,A
train_2358192567,B
train_91100383,A
train_1005855462,A
train_2297568818,A
train_3719788150,A
train_4282860315,A
train_248666083,B
train_3932519738,B
train_3915633881,A
train_1782298045,A
train_2778788568,B
train_2471557367,A
train_3801475524,A
train_1018552940,B
train_1054469320,A
train_1064246858,B
train_3985757183,B
train_2522722799,B
train_2893672897,A
train_3767689484,B
train_3767342921,B
train_2695866237,B
train_497438430,B
train_77384994,B
train_3064066145,B
train_567083000,B
train_3188845840,B
train_3745298282,B
train_491626969,B
train_3103174374,A
train_2764381573,B
train_1333116197,B
train_2664816648,A
train_3767704387,A
train_3579559523,A
train_2485448225,B
train_211876938,B
train_596706661,B
train_3144828514,A
train_1093276225,A
train_2410479817,A
train_2100952965,B
train_1579281300,B
train_3559799906,A
train_4262028797,B
train_343915223,B
train_1643505891,B
train_143031739,B
train_2379827418,B
train_2895063280,A
train_3308498944,A
train_754194044,A
train_1549326319,A
train_1766344220,A
train_1409688625,B
train_4164253931,A
train_1780574535,B
train_1413149748,B
train_2983368523,B
train_1392244354,A
train_2323522436,A
train_209193756,B
train_2688112847,B
train_712135275,A
train_3059283603,B
train_1767192190,A
train_587369021,B
train_564180129,B
train_853953669,A
train_1768605850,B
train_3061183438,A
train_2514122916,A
train_51482426,A
train_3652618812,A
train_2692406623,A
train_882347204,A
train_680631312,A
train_727305597,A
train_273903444,A
train_1016678628,A
train_2935267235,B
train_639185468,B
train_3947597503,B
train_1895339454,A
train_908163672,A
train_427605283,B
train_3089842608,B
train_1623510854,B
train_811598636,B
train_171330175,A
train_4166994908,B
train_2380858527,A
train_2071245538,B
train_2385381328,A
train_3939162430,B
train_3350532618,B
train_185784233,B
train_1810651616,A
train_20033323,A
train_2152967210,A
train_2958757646,A
train_1365397645,A
train_2002142421,B
train_2401198769,B
train_2984647372,B
train_2103802277,B
train_11694834,B
train_3996437906,A
train_1326770919,A
train_3156721418,B
train_2787344094,A
train_1506730681,B
train_1739787394,A
train_2397881857,A
train_455831627,B
train_101665245,B
train_2988170243,B
train_4165439640,B
train_3994555343,A
train_1916239071,A
train_3557186484,B
train_871709906,B
train_2337980102,A
train_3903304060,A
train_367434724,A
train_1565274233,A
train_3454490184,B
train_2382010692,B
train_518329032,B
train_1901161472,A
train_3913190043,A
train_165714903,B
train_3368133124,B
train_2980142573,B
train_2002183988,A
train_3230824291,A
train_680556073,B
train_3900547861,B
train_2989669919,A
train_2563713488,B
train_4235546006,A
train_887858535,A
train_177689203,A
train_4180324872,B
train_1435982688,B
train_3198681030,A
train_4127456291,A
train_133055695,A
train_2458321758,A
train_3086853779,A
train_911623964,B
train_393851843,B
train_2917169596,A
train_2470256522,B
train_2485621759,A
train_3397727561,A
train_1423656815,A
train_983071994,A
train_3620897986,B
train_2213958936,A
train_4137019331,B
train_598333422,A
train_2053092134,B
train_3686744269,B
train_2087027485,B
train_35202875,B
train_3883748682,B
train_1233551088,A
train_2930367783,B
train_2742414112,B
train_2144873319,B
train_96812334,B
train_2143984142,A
train_620197369,B
train_308028075,A
train_2192887843,A
train_728411473,B
train_1638543603,A
train_831654226,B
train_2989593785,B
train_153330999,A
train_2162876173,B
train_3483603360,A
train_1256689587,A
train_3434987130,B
train_3745470112,A
train_1219649816,B
train_2694167109,A
train_11410916,B
train_2962857384,B
train_2642006627,B
train_290817970,A
train_1824611732,B
train_967317012,A
train_1516212068,A
train_533387658,A
train_1908008154,B
train_1897646511,B
train_1699265064,A
train_1538984300,A
train_204890573,B
train_3886463775,B
train_2072061027,A
train_3988349948,A
train_3422418629,B
train_4061772125,A
train_639855665,A
train_1288641697,A
train_3062659658,A
train_557971993,B
train_3768498836,B
train_2211200694,B
train_3258495870,B
train_3335133287,B
train_1496987276,B
train_379237438,B
train_2629875122,B
train_1871808189,B
train_1621765047,B
train_1829511413,A
train_280294651,A
train_1180761758,A
train_77356149,A
train_76707000,B
train_2839236953,A
train_614211194,A
train_3999656784,B
train_3947390820,B
train_3982051371,B
train_2200661537,A
train_3466106235,B
train_3221205129,B
train_2650135855,A
train_3873884211,B
train_3022383025,A
train_3379442371,B
train_111408214,B
train_2319224258,B
train_3962833855,B
train_1215239703,A
train_3544580877,B
train_3203576075,B
train_3466711153,B
train_3968896801,A
train_4005483929,A
train_2416144613,A
train_3900795631,A
train_2746407219,A
train_1044825908,B
train_3869011751,A
train_782197349,B
train_1925689397,B
train_3522606844,B
train_4171906260,B
train_1920308251,A
train_1903406095,B
train_2809551648,A
train_527098922,A
train_1344014462,B
train_3755070464,A
train_2205435914,A
train_3877660,B
train_3158525372,A
train_1461521715,A
train_4034446438,A
train_837115883,B
train_2721999476,A
train_3068098897,A
train_2792578181,B
train_4026773099,B
train_792468072,B
train_1169778383,B
train_432874045,B
train_3893707485,A
train_292407033,B
train_2048712070,A
train_1803590534,B
train_35904547,B
train_180909417,A
train_2737636972,B
train_1288580392,B
train_2689213653,A
train_3049775345,A
train_1331695578,B
train_2345325055,B
train_2072620455,A
train_3596174987,A
train_1672228182,A
train_113816542,A
train_134408851,A
train_3183398176,A
train_4253806661,A
train_2682214587,A
train_3873240947,A
train_411270231,B
train_2168865664,A
train_919024727,B
train_3434948187,B
train_3336718356,B
train_3366394768,B
train_3393615048,A
train_3635158195,B
train_2312999637,B
train_3016861522,A
train_505566328,B
train_674319955,B
train_1023460870,B
train_3639024230,B
train_3302547540,A
train_2796548237,A
train_1954734897,B
train_2081303877,A
train_3194609880,A
train_678936454,A
train_2677777576,A
train_864736904,A
train_18702186,A
train_1101970760,A
train_1221369254,A
train_1559143544,A
train_4002415752,B
train_2831026942,A
train_155628598,A
train_3198065004,B
train_1428459201,A
train_7238286,A
train_385216891,B
train_2785369420,A
train_1410753759,A
train_2091748956,B
train_4176612977,A
train_2999470385,A
train_3522099472,A
train_3315664610,A
train_1748623447,B
train_3846259178,B
train_524045830,B
train_1352504802,B
train_4262223059,B
train_2805201745,B
train_3965018675,A
train_1638640094,B
train_539705440,B
train_2365996756,B
train_3144166639,B
train_1185179339,B
train_3702318543,B
train_1976114713,B
train_2445856799,B
train_1960336918,A
train_544780812,B
train_3469684102,B
train_1176836098,A
train_2447247836,B
train_27844203,B
train_3708275274,B
train_578257500,A
train_1373019798,B
train_1687235223,B
train_2722940435,B
train_2532143209,A
train_3875169505,A
train_3560535310,B
train_1333406129,A
train_4128118521,A
train_1580556972,B
train_1146614311,A
train_151114486,B
train_30790664,B
train_27081451,A
train_3175542217,B
train_960606295,B
train_618728083,B
train_4085200670,A
train_3502597488,B
train_2528472726,A
train_4151596986,B
train_4270188069,A
train_2449545849,B
train_3958667406,B
train_4094143919,B
train_155805835,A
train_3225531195,B
train_1572239907,B
train_674099945,A
train_2388251788,B
train_1362917609,A
train_2494034122,B
train_3172843749,A
train_182954187,A
train_1076794702,A
train_1925250147,A
train_2838870944,B
train_2069084742,B
train_142181421,A
train_1868585419,A
train_2029245428,B
train_3713571218,B
train_495089538,B
train_2480072539,B
train_3926645684,B
train_2074710,B
train_693406366,A
train_2218129991,A
train_3496049931,B
train_3215545491,B
train_836224498,A
train_1025570379,A
train_1355841523,A
train_2324002878,A
train_1900660877,B
train_3694860223,B
train_860586951,A
train_2662733702,A
train_3547138123,A
train_70830807,A
train_3763520008,A
train_826847989,A
train_1202268241,A
train_2858743462,A
train_3720746693,A
train_4197638801,A
train_98549156,B
train_559243632,B
train_2243880041,B
train_2947002180,A
train_2178011804,B
train_2249819613,B
train_2218583014,B
train_13334119,A
train_3674795884,A
train_2232201242,A
train_3672342734,A
train_3512308755,A
train_2863117640,B
train_2516003994,A
train_1781533078,B
train_2063477780,A
train_740704093,B
train_3298015877,B
train_3935886516,A
train_3577225871,A
train_3412174951,B
train_3232285918,B
train_1576122079,B
train_1243023423,A
train_240564774,B
train_3370026803,B
train_1727398168,B
train_1999251871,B
train_1804946118,B
train_1603864394,A
train_2986675013,A
train_151606104,B
train_3560214552,B
train_2434683709,B
train_1061790428,B
train_552351667,B
train_3212417314,A
train_969632246,B
train_627521020,B
train_1128545602,A
train_3038150317,A
train_2046107099,B
train_1488342830,B
train_3126767251,B
train_3134779648,A
train_1444445591,A
train_3402225365,B
train_1831641424,A
train_3642562126,A
train_1975054729,A
train_1494787327,A
train_4228874881,A
train_2794458166,A
train_2464871231,A
train_1647353375,B
train_477105242,A
train_2463666066,A
train_3317258144,B
train_3878797070,A
train_4081716943,B
train_3527497449,A
train_16742375,A
train_459127350,A
train_3846594160,B
train_503667939,B
train_3706202183,B
train_2374954560,B
train_2377527722,A
train_3943725622,B
train_2906507153,A
train_2995650615,A
train_4123552710,A
train_2789459959,B
train_261092826,A
train_641623926,B
train_2569633705,A
train_2669805874,A
train_132051151,B
train_1184865153,A
train_4287359753,B
train_150274006,A
train_2536799322,B
train_3932894475,A
train_3862322666,B
train_607320417,B
train_4043622277,A
train_4180189936,A
train_92190736,A
train_1877719163,A
train_2028858285,A
train_15680308,B
train_3354147667,B
train_1548088448,B
train_1732981002,A
train_1189153692,A
train_1843640471,A
train_794410499,B
train_1168724268,A
train_266968320,B
train_1680443868,A
train_2961324318,A
train_902385438,B
train_3114749440,A
train_3910108076,B
train_1332396554,A
train_1938472725,B
train_3962529069,A
train_607854500,A
train_1023601428,B
train_1729009042,A
train_3468002144,A
train_62464158,B
train_3514816911,A
train_205778677,B
train_2443288683,B
train_551543338,B
train_548068018,B
train_2260625403,A
train_4087663262,A
train_3003620417,A
train_1125339882,B
train_2470936892,B
train_1862775856,A
train_2782071878,A
train_880108318,B
train_958677157,B
train_1300830686,B
train_2218957843,B
train_2727067792,B
train_2937537864,B
train_2087799845,B
train_2858315012,B
train_2149654090,B
train_3528852175,A
train_1341641912,A
train_4204525449,A
train_4065873106,A
train_560092416,B
train_9568348,A
train_843211105,B
train_1257882722,A
train_2227293178,B
train_490576215,B
train_3998289114,A
train_3693708381,A
train_4184601759,B
train_162234709,A
train_1099631099,A
train_3955984303,B
train_2891632905,A
train_657703828,B
train_632828882,B
train_3107279377,B
train_2616134521,B
train_1746935965,B
train_1829825452,A
train_2346453213,B
train_398427706,B
train_3569585214,B
train_2055595206,A
train_2362961327,A
train_2865026013,A
train_2052006439,A
train_1921827114,B
train_2664589965,A
train_1520906728,A
train_4144776691,B
train_2921360695,B
train_3423101357,B
train_9159421,B
train_2825654723,A
train_4110688751,A
train_3541867132,B
train_3156864112,A
train_3094080508,A
train_1318480297,A
train_4251740493,B
train_749197237,A
train_573043243,A
train_3861089224,B
train_1810416104,B
train_4015577708,A
train_1570484111,B
train_2514309276,A
train_2910463828,A
train_2995246306,B
train_3516443611,A
train_3639186599,A
train_597925825,B
train_4160459422,A
train_3816837053,B
train_2786320685,A
train_1224952343,B
train_2229044044,B
train_3861980684,A
train_641638871,A
train_3460389476,A
train_1021223102,B
train_1528414434,A
train_1371957627,B
train_1421147873,B
train_2030553864,A
train_4015224814,B
train_3654316246,A
train_407276416,B
train_1123621026,B
train_2600656726,A
train_591328305,A
train_3491428070,A
train_451458562,A
train_2379490911,A
train_2688579984,B
train_3292858443,B
train_1725891999,A
train_2702108296,B
train_2970050554,A
train_470117173,A
train_840926098,B
train_16033115,B
train_4182191801,A
train_3574331912,B
train_207883157,A
train_1314157137,B
train_559189903,B
train_3597842439,B
train_175806026,A
train_1348902050,A
train_998380898,A
train_4205172164,A
train_2517018743,A
train_130989001,B
train_2233698396,A
train_2300434925,A
train_1245792179,B
train_3120460719,A
train_1948877017,B
train_3568318599,B
train_2145701241,A
train_1115748104,A
train_1331043142,A
train_1624246092,B
train_2986755383,A
train_2856729723,A
train_3055684367,B
train_1950126045,B
train_2124597725,B
train_2109217967,A
train_1743114312,B
train_886555575,B
train_506144547,A
train_1882540113,A
train_1600280967,A
train_3776671762,A
train_1650606404,A
train_2034763060,B
train_3387791210,B
train_3567918273,B
train_3194419737,A
train_1133258225,A
train_168484475,A
train_2379938868,A
train_235322603,B
train_2880138592,B
train_1221172702,B
train_43968933,B
train_3863070338,B
train_920412613,A
train_2048556998,A
train_3147258181,A
train_1311649593,A
train_2578604675,A
train_1143162758,A
train_1469348724,B
train_2405461154,A
train_2882739645,B
train_783351497,B
train_1331566981,A
train_2244886836,B
train_3023749548,B
train_3084210968,B
train_435671464,B
train_1000804730,B
train_3019195298,B
train_3368928520,A
train_1574594201,B
train_3193024510,A
train_2894038843,A
train_55865111,A
train_2633653662,B
train_2936813454,A
train_2216444296,B
train_2018871378,B
train_470130324,B
train_2223091050,A
train_3532884633,A
train_3415943397,B
train_2620389742,B
train_1104192280,B
train_1280907079,A
train_3158790626,A
train_630334687,A
train_1631846734,A
train_1881778921,B
train_1461111881,B
train_3708185125,B
train_3026047134,A
train_366219921,B
train_720704979,B
train_2596398363,B
train_520737224,B
train_4107252958,B
train_1991239781,A
train_1313274565,B
train_3061686509,B
train_1522799956,A
train_1124082363,A
train_3892317510,B
train_1320181854,B
train_2657980587,B
train_1797371987,B
train_2925794891,A
train_2407563077,A
train_308153143,A
train_1334065345,A
train_1707201207,A
train_382568008,B
train_3614322634,A
train_409564464,B
train_329249072,A
train_305506153,B
train_4270759474,B
train_1410103548,B
train_1461511897,A
train_3150159646,A
train_4208719057,A
train_1785877313,A
train_3446588363,A
train_73306457,B
train_2098770522,B
train_1786025156,B
train_3290604454,A
train_605334454,A
train_2886747814,A
train_4224049313,B
train_3771844104,A
train_1655866972,A
train_857065549,A
train_139039764,A
train_4014603922,B
train_1898251215,A
train_1384745949,B
train_2385386970,B
train_3654017198,A
train_2323168031,B
train_3369381493,B
train_3237180136,B
train_369662514,A
train_127044824,A
train_978573188,B
train_1470887488,B
train_3345211993,A
train_2876188532,B
train_1572394485,A
train_4113467072,A
train_2527606150,B
train_3320967328,B
train_60634978,B
train_1212946057,B
train_3352981797,A
train_876485423,B
train_3935544465,A
train_3666886340,B
train_3000116184,A
train_3129338955,B
train_3075961821,B
train_1816141615,A
train_3665233322,B
train_3236275060,B
train_3917369848,A
train_756302162,A
train_4234881145,B
train_1476219261,A
train_2187903063,A
train_1380714330,B
train_2524780794,A
train_587250192,A
train_2364935265,A
train_982492344,B
train_2314092200,B
train_2669098630,B
train_122785748,B
train_4121845031,A
train_1294194366,B
train_901922858,A
train_2350467558,B
train_3091909415,B
train_970822362,A
train_1336587212,A
train_2108010517,A
train_1795022,B
train_1038218694,B
train_678760988,A
train_4129818252,B
train_394361897,A
train_495068736,A
train_1858613589,B
train_169610334,B
train_2384540173,B
train_1696576259,A
train_3789934379,B
train_2537810691,B
train_2378266600,B
train_2246439353,B
train_3225662237,A
train_479947916,B
train_2054447240,A
train_2541069442,B
train_10918676,B
train_99870197,A
train_1507640404,B
train_2421103885,B
train_4273878596,B
train_866647474,A
train_309874527,A
train_893931900,A
train_913153922,A
train_3010816235,A
train_3341151588,A
train_1201541529,A
train_2813665445,B
train_1006492702,A
train_1282220940,A
train_1615479504,B
train_2387967139,A
train_3930579272,B
train_3284530278,A
train_3877159416,A
train_1414609542,B
train_1306904035,A
train_1002655969,A
train_3469853018,A
train_3471461118,B
train_3579693025,A
train_3318513509,B
train_17244255,A
train_2463325324,A
train_3338928521,A
train_2071669772,A
train_2229831971,A
train_3805863848,B
train_3312210757,B
train_3775712455,B
train_3333063822,A
train_481731886,A
train_414790116,B
train_3804349073,A
train_824472973,B
train_1864800742,A
train_3141138577,B
train_1026142696,A
train_1357759469,A
train_2949480753,B
train_2807004019,B
train_2189225264,B
train_3637043422,A
train_3155135021,B
train_3385152717,A
train_2226414955,B
train_225138216,A
train_460938884,A
train_214511419,B
train_3440048679,B
train_4257980499,A
train_2446616959,A
train_481619332,A
train_662316498,A
train_3298027476,B
train_1392642790,A
train_1646963009,A
train_2799141641,B
train_1495682211,A
train_2279378364,B
train_1682308839,B
train_2593016319,A
train_3695485002,B
train_3730263644,A
train_4052108543,B
train_683624989,B
train_4091619032,A
train_3600537286,B
train_420120297,B
train_1336511696,A
train_790312769,A
train_448377777,B
train_2963506749,A
train_1727588595,A
train_211939405,A
train_1296180287,A
train_2480243057,A
train_1989399538,A
train_3303276199,A
train_2555825988,B
train_3199877508,B
train_3368184223,A
train_3506344464,A
train_488319527,B
train_2011359588,B
train_732075333,B
train_2533441234,A
train_1070336998,A
train_435894389,B
train_2320915903,B
train_2117500528,B
train_3779740127,A
train_2490111972,A
train_600414503,B
train_2968549111,B
train_3427756153,B
train_555610464,B
train_3389731383,A
train_1770928831,A
train_3539495273,B
train_1341196644,B
train_1269838142,A
train_205024809,A
train_683559849,B
train_2047837068,A
train_1059628987,B
train_1668006234,A
train_3080816812,B
train_2045900463,A
train_3237767816,B
train_3320911504,A
train_1492109546,A
train_1308249282,B
train_3834660810,B
train_2547933734,A
train_3841102120,A
train_293683116,B
train_1882816853,A
train_3073244914,B
train_1662414237,A
train_1162813215,A
train_3950991066,A
train_3306758054,A
train_1735375440,A
train_1689573581,A
train_1157882986,A
train_1938193065,A
train_2729169245,B
train_4116578211,B
train_3179764542,A
train_2885049789,B
train_3971081499,A
train_1236886167,A
train_1918784604,A
train_2240300581,A
train_1131625537,A
train_4039679939,B
train_1949533055,A
train_1491879745,A
train_1573444806,B
train_2700541665,A
train_1334029280,A
train_341019086,A
train_4019202503,B
train_1245671798,B
train_2012243514,B
train_2231235323,B
train_82539127,A
train_3642048869,B
train_3164737094,A
train_392405173,A
train_926750043,A
train_4230056654,A
train_876376110,A
train_2966027045,A
train_3578071919,A
train_946626219,B
train_2339223071,A
train_905815773,A
train_3429820575,A
train_147734119,A
train_1366013659,A
train_1056425019,B
train_1672431996,A
train_3015101622,A
train_3874293676,B
train_733847925,B
train_2035140602,B
train_3014761185,A
train_3107360607,A
train_993375513,B
train_4020792158,A
train_20955299,A
train_825441124,B
train_1345402803,A
train_1020246404,A
train_1929654926,A
train_1539721738,A
train_2015971812,A
train_2036043800,B
train_697295186,B
train_289328220,A
train_1993107713,A
train_1738444433,A
train_2597285700,A
train_1027236042,B
train_498312125,B
train_2617434313,B
train_3219879882,B
train_3658900266,A
train_4166405545,B
train_3322639306,A
train_577446705,B
train_2408930843,A
train_3633103106,A
train_1126215756,B
train_83515697,B
train_242103254,B
train_462842019,A
train_3904678286,A
train_400441943,B
train_3304530939,B
train_3549247243,B
train_4228353495,B
train_4254436496,A
train_1743389544,A
train_1367437374,B
train_3795999980,B
train_727447770,B
train_4120269148,A
train_2512263758,A
train_1050858172,B
train_1829806210,B
train_559665601,B
train_3631543079,A
train_2519055255,A
train_625838978,A
train_671735310,A
train_2230121487,A
train_1454240616,A
train_2701025155,B
train_1952515155,B
train_4195559973,B
train_3390598568,B
train_3781264486,A
train_3068162759,B
train_2948638318,A
train_3556513682,B
train_704818786,B
train_335040229,A
train_4018008872,A
train_3955297064,A
train_1010771297,B
train_4236918707,B
train_3040787755,B
train_3099193091,A
train_477057101,A
train_3341210535,B
train_1478347571,A
train_2294370065,A
train_2753302588,A
train_494882491,B
train_1436588863,B
train_3552826157,B
train_3355243346,A
train_848597085,B
train_1571718085,B
train_243048514,A
train_2383878972,B
train_3850722679,A
train_2404698868,A
train_3606365499,B
train_3858291398,A
train_775941887,A
train_3762103772,A
train_3426006083,B
train_3185829568,B
train_879214174,B
train_3615506743,B
train_2792760357,A
train_2714166206,B
train_461251367,B
train_3342354999,B
train_2887502472,B
train_817759483,B
train_843151251,B
train_1838212004,A
train_560237884,A
train_4128531374,A
train_3345376128,B
train_1446306089,B
train_1979728594,A
train_3693332844,B
train_2108585455,A
train_3741633368,A
train_3630982864,B
train_2248194807,A
train_3831663677,A
train_2689674220,A
train_180013696,B
train_4057625973,B
train_3102460062,B
train_1337122221,B
train_195226864,A
train_553184790,A
train_2234949036,B
train_2850622756,B
train_1443907224,A
train_687426582,B
train_225843332,A
train_2202523886,A
train_3681483068,A
train_2311088579,B
train_820232485,A
train_3006556371,A
train_1918073967,A
train_2051118753,B
train_3415956982,B
train_930993029,B
train_1927779663,A
train_845949897,A
train_3563626289,B
train_3345429129,B
train_3923381,A
train_1384822706,A
train_1199442679,B
train_1753408422,B
train_973082300,B
train_3490103893,A
train_3313778231,B
train_1052840697,A
train_3534148227,A
train_31190581,B
train_1431903983,B
train_755714870,A
train_932533395,B
train_3253850788,A
train_2403497527,B
train_3214774574,B
train_3253982258,B
train_2886742918,B
train_189224291,A
train_1749058559,B
train_891572651,B
train_2761489423,A
train_276793865,A
train_2629321055,B
train_1666571189,B
train_2438776575,B
train_1388735077,B
train_865547261,A
train_357209675,A
train_2895693453,A
train_1158219041,A
train_3384875603,B
train_672125726,B
train_2766266426,A
train_323142332,A
train_2234939825,A
train_1355684463,B
train_2051956254,B
train_3874627835,A
train_450257935,A
train_1639533062,A
train_962990835,B
train_3373491951,B
train_681952374,B
train_4128925272,A
train_3762722565,A
train_3498834852,A
train_4250134686,A
train_2640701305,A
train_654330516,B
train_334517505,A
train_3890985559,B
train_1509198343,A
train_2807743705,A
train_2682251621,A
train_396940978,B
train_2319331528,A
train_2085681329,A
train_1824565844,A
train_2713508472,B
train_1315865267,B
train_2406161070,A
train_3273174901,A
train_2809092045,B
train_3933825450,A
train_3515775910,A
train_2989337918,A
train_2177614333,A
train_640720398,B
train_3116247032,B
train_515623592,A
train_2022813675,B
train_3834381062,A
train_2278602187,A
train_3338811632,A
train_2492847584,A
train_1916611941,B
train_2802555132,B
train_3106884490,A
train_2878258350,A
train_3001746438,A
train_3252407540,B
train_3068910202,B
train_1168487852,A
train_10888835,A
train_118226733,A
train_735936896,A
train_577052823,A
train_293476907,B
train_1519929133,B
train_700868581,A
train_1813698691,B
train_445863135,A
train_1982556945,B
train_984746601,A
train_506327921,B
train_3786372229,B
train_2627298011,B
train_2851333115,B
train_2191228989,A
train_3202609414,A
train_1759265638,A
train_3125590668,B
train_629309295,B
train_1273099771,A
train_821023896,A
train_3117220328,B
train_4210488181,A
train_372352395,B
train_1906102508,A
train_2378747866,A
train_494141980,A
train_639259659,A
train_2860055665,A
train_1438432887,B
train_3597653600,B
train_106957193,B
train_420532202,A
train_780261072,A
train_3192152565,B
train_4142747323,A
train_1500350068,B
train_2186724374,B
train_3222279493,B
train_1313203190,A
train_4180118867,A
train_3281230124,A
train_2748854776,B
train_2456148906,A
train_1417798507,A
train_742428308,A
train_1137267546,A
train_1959103026,B
train_3683609022,A
train_1596223419,B
train_631629593,A
train_3820975400,A
train_2610708498,A
train_3711702366,A
train_2811053227,B
train_415232891,B
train_4282172410,A
train_2838969369,A
train_2601019757,B
train_1033287071,B
train_1433111940,A
train_2522111434,A
train_3704395855,B
train_2633794059,A
train_1398190914,B
train_3373848592,A
train_2992636909,A
train_3352928463,A
train_2374319111,A
train_2464802219,A
train_368115116,B
train_2302474720,A
train_835901910,A
train_3536934173,B
train_997297543,B
train_3668191898,B
train_2953043464,B
train_1274965977,A
train_3010464010,B
train_1385248114,B
train_2121947829,A
train_2738848367,B
train_1399409712,B
train_924715134,B
train_3468415058,A
train_1337033694,A
train_1823815085,A
train_3883790302,A
train_998304006,B
train_3117832026,B
train_3406612214,B
train_570997086,B
train_2451241272,B
train_3111758950,A
train_979993973,B
train_1926319948,B
train_2090492350,A
train_3337799736,B
train_80137479,A
train_822775259,B
train_512157627,A
train_1264798465,A
train_142663194,A
train_2657681562,A
train_4005673539,A
train_3148533387,B
train_1361138247,B
train_4000440462,A
train_3890725348,A
train_194519968,A
train_2209325174,B
train_652369184,B
train_359202988,A
train_319894214,A
train_1658422433,A
train_3414132356,B
train_4252241747,B
train_1345915637,A
train_3575426782,B
train_2201789527,A
train_107168612,A
train_348816985,B
train_4258693951,A
train_617526881,B
train_3310721363,B
train_3495794792,A
train_3358687478,A
train_3582656934,A
train_3173072456,A
train_4059206834,A
train_3817377720,B
train_1369433125,A
train_628592247,A
train_1309956016,B
train_2107156183,A
train_1392033947,A
train_1596077922,B
train_2469238162,B
train_1811797135,A
train_526360929,A
train_2975856150,A
train_733315369,A
train_218255708,B
train_1378757570,A
train_943848845,B
train_3516763335,B
train_964251490,B
train_1037264235,B
train_1439619728,B
train_4161174502,A
train_663711410,B
train_4044943545,B
train_3979961747,A
train_851710544,B
train_462223049,B
train_3104345540,B
train_1567575454,A
train_2412192155,B
train_2818095491,A
train_3363055896,A
train_3251412610,B
train_3931987813,B
train_3136739317,B
train_3671684754,B
train_2714540691,A
train_2069637681,A
train_144945394,A
train_4185930033,A
train_81280579,B
train_1127588876,B
train_778073497,B
train_3257652481,A
train_1250933561,B
train_2839505627,A
train_2069977465,A
train_2644393463,A
train_1894269779,A
train_335760739,B
train_1599603727,A
train_3140853494,A
train_2410615168,A
train_2398510125,A
train_4071424691,B
train_1854118262,A
train_3448473629,B
train_2212999039,A
train_4201099078,B
train_2289673460,B
train_24187481,A
train_401673431,A
train_3967330559,A
train_2323117846,B
train_2480515854,A
train_1802397208,A
train_2805033937,A
train_746714472,B
train_2663168035,B
train_2254858031,A
train_1785572755,B
train_3689375979,B
train_2726322757,A
train_983787126,A
train_3301291453,A
train_4223515304,B
train_2302420400,B
train_1100720443,A
train_813544564,B
train_996972871,A
train_172490684,A
train_4048837524,A
train_2700012523,A
train_2194112886,B
train_1454872160,B
train_3262731101,B
train_531287731,A
train_3487029208,B
train_1730229799,B
train_1724914816,A
train_445269708,B
train_1865064310,B
train_3048288001,B
train_2799780712,A
train_2923210011,A
train_924449734,A
train_3723701028,B
train_2817096720,A
train_1259811794,A
train_1475647106,A
train_314696598,B
train_1905034450,A
train_305244047,A
train_1214112852,B
train_1642900030,A
train_1565121457,A
train_3027546207,A
train_140888864,B
train_488746960,A
train_2148332711,B
train_2886182284,A
train_2505773969,A
train_2622833587,A
train_1332742426,A
train_2154990394,B
train_1512467546,B
train_1834312279,B
train_311277359,B
train_3851020510,B
train_1775427584,A
train_2685914327,A
train_3613987594,A
train_3481373381,B
train_3437443049,B
train_2237731758,B
train_2543797667,A
train_4028240909,A
train_171953229,B
train_846845337,B
train_818279151,A
train_3297058825,A
train_3941479365,A
train_3260027751,A
train_680270269,A
train_173023769,A
train_3994562790,B
train_4154211772,B
train_2321758048,B
train_1948833442,B
train_4201841843,B
train_1291010471,A
train_634475616,B
train_1492629511,A
train_3617207637,A
train_2654437053,A
train_1731957676,A
train_919198592,A
train_2492062776,B
train_1764746826,A
train_3386251259,B
train_3856780218,B
train_1704384352,A
train_1762833852,A
train_1090996482,B
train_676998111,B
train_3398220571,A
train_1688037444,B
train_2395391443,B
train_3141158714,A
train_3653574288,A
train_580090578,A
train_1422354442,B
train_705353819,B
train_3720415436,B
train_12034382,A
train_1849345802,A
train_2047796353,A
train_302595065,A
train_4270914492,B
train_2076455905,A
train_225332696,B
train_3747179425,B
train_1785535706,B
train_3209208163,B
train_2325982695,A
train_571447931,B
train_528204741,A
train_3131372021,A
train_382314006,A
train_622757487,A
train_1095553124,A
train_770175550,B
train_236017608,A
train_127937257,B
train_3457537115,A
train_891169405,B
train_1670080376,B
train_3026596854,A
train_3007692668,B
train_4250692410,B
train_109546448,A
train_2752073927,B
train_3630100197,A
train_2370043333,A
train_1240249665,A
train_582545785,B
train_2507636944,A
train_307425734,A
train_4172606753,B
train_3714223252,B
train_963823005,B
train_1404681266,A
train_236443778,B
train_4266395532,B
train_938513338,B
train_753540301,B
train_3952274588,B
train_3327769222,A
train_3775743082,A
train_152502527,B
train_487173627,A
train_3764562607,B
train_1993703844,B
train_4126746802,A
train_2528833135,A
train_248286220,A
train_87114380,B
train_3148744818,A
train_1924930087,B
train_3041150821,B
train_2006253338,A
train_2102676395,B
train_183160283,B
train_2178171489,B
train_313711458,B
train_3629891683,B
train_3909647118,B
train_74481474,B
train_3794764263,A
train_1422034217,B
train_315509734,B
train_2370782083,A
train_2186657187,A
train_1041261626,B
train_1532549438,B
train_2010848151,A
train_2224329773,B
train_3803754989,A
train_285976786,A
train_904047278,B
train_2545952164,B
train_3047556844,B
train_3684434292,B
train_1799717679,B
train_382888504,B
train_1444262072,B
train_927137684,B
train_199584602,B
train_2431223963,B
train_1978336376,B
train_4095623732,B
train_2026311548,B
train_3362172712,A
train_1103584872,B
train_2049179542,B
train_747822472,A
train_244324928,A
train_2321152613,A
train_1852388391,B
train_2805477266,A
train_1406665357,B
train_3869843407,A
train_889599049,A
train_3071170903,B
train_2910538314,B
train_2129192844,A
train_1283623292,A
train_394790964,A
train_2638560857,A
train_3233380325,B
train_2141035389,B
train_4121088690,B
train_3794135548,A
train_669720623,B
train_4287042782,B
train_3863318592,A
train_391662206,A
train_1813951339,A
train_95876045,A
train_2748191650,A
train_383418001,B
train_2160157998,A
train_3961712540,A
train_2529188847,A
train_841616504,A
train_3674965497,B
train_328393562,B
train_3963771980,B
train_2291512761,A
train_2952281643,B
train_3359840489,B
train_3110459393,A
train_3575721757,A
train_1177280548,A
train_1737548322,B
train_518118602,A
train_3899700010,A
train_1160657911,A
train_1446114202,B
train_839939872,B
train_1852384558,B
train_1397646595,B
train_489162630,B
train_3520412585,B
train_148074806,B
train_1761965429,A
train_3308204481,A
train_1581721054,A
train_3922119574,A
train_3459045057,B
train_4092835479,A
train_3701982009,A
train_3880317958,B
train_3633525407,A
train_250234963,A
train_1101480825,A
train_3214356748,A
train_2584934114,B
train_1108037654,A
train_1436274505,A
train_1652130649,A
train_4165326510,B
train_2284330382,B
train_937378339,B
train_3595553135,A
train_376609626,A
train_1509989985,B
train_2078328488,B
train_1759139727,B
train_702704923,A
train_3305810296,A
train_3424271309,B
train_829147309,A
train_3511983430,A
train_2790006091,A
train_246204039,A
train_1910529349,B
train_2883389512,A
train_765296486,B
train_1797969822,A
train_2067324332,B
train_3965540126,A
train_2312959469,B
train_366017671,A
train_1010570497,A
train_3782743661,B
train_3437418532,A
train_3226013843,A
train_3899590597,A
train_3228221100,B
train_3663559997,B
train_1493038623,A
train_644416456,A
train_853172806,B
train_2032679051,B
train_386645000,B
train_3322266162,B
train_1231608509,B
train_3170724440,A
train_3212755049,B
train_217874220,B
train_202877048,B
train_636496641,B
train_23190155,A
train_1464559672,B
train_4143455814,B
train_949781875,B
train_2332331813,B
train_517389163,A
train_2536969376,B
train_1454916508,B
train_2581732832,B
train_3241366856,A
train_1091145610,B
train_3980693253,B
train_486698530,B
train_561770718,B
train_3143719857,A
train_3939884808,B
train_2118909616,A
train_2338591756,A
train_1219164375,A
train_3106673627,B
train_182408921,B
train_1912670325,B
train_1370488653,A
train_4018421692,A
train_2013429582,B
train_1755798426,B
train_1794537377,A
train_1778467103,B
train_3989743853,A
train_1869017214,B
train_3512441057,B
train_1629145695,B
train_185526642,B
train_2060550678,A
train_3935570861,B
train_3973947469,A
train_3625816320,A
train_2639506355,B
train_1274754822,B
train_1684778449,B
train_787227959,A
train_1724605765,A
train_260215595,A
train_4106130223,A
train_2532354710,A
train_3923759491,A
train_3824547744,B
train_4118157174,B
train_2526065818,A
train_1888498559,A
train_1632786086,B
train_955689145,B
train_1043075135,A
train_3902247307,B
train_293028051,A
train_3504661317,B
train_3056597681,B
train_2186680459,B
train_3653231675,A
train_4087040445,B
train_2181769145,B
train_1635938050,A
train_4145759927,A
train_1349097466,A
train_2620234413,B
train_3553851515,B
train_968577566,A
train_336796335,A
train_3516751992,A
train_3845904407,A
train_710282502,B
train_3430242020,A
train_994390966,A
train_2269962985,A
train_2504413358,B
train_1646486593,A
train_2543555082,A
train_4057214524,A
train_2312204588,B
train_462672797,B
train_2941807100,B
train_4245204877,A
train_1042720782,B
train_4050009670,A
train_4275239244,B
train_2446529891,B
train_4205038309,B
train_2808751710,A
train_72465123,A
train_2659023169,B
train_2766680356,B
train_3836241820,B
train_831255576,B
train_2265363414,A
train_1237594522,B
train_1361475283,B
train_1463883639,B
train_1521543847,B
train_1486091155,B
train_4019959648,A
train_1911952735,B
train_3382714342,A
train_3373175435,B
train_1289313368,A
train_8099728,A
train_3332324456,A
train_2772495002,B
train_3511315031,B
train_639049083,B
train_2487350085,B
train_425792367,A
train_62779127,B
train_1270197914,B
train_148424599,A
train_3208809506,B
train_2529977976,A
train_268215775,B
train_4251697518,A
train_3702424684,B
train_2125055279,B
train_1324773324,B
train_768802224,A
train_1270354092,A
train_12306551,B
train_2192924447,A
train_2506062398,B
train_4129217692,A
train_1867150738,B
train_2089047367,B
train_2408191402,B
train_1382383492,B
train_643720414,B
train_3508880276,B
train_2592876927,B
train_3728192092,B
train_2305367958,A
train_2523651830,B
train_3153272910,A
train_4080544101,B
train_3068628939,A
train_2152304807,A
train_2812194012,A
train_3837995292,B
train_2358709011,B
train_677634519,A
train_1094441146,A
train_2396558168,B
train_2604453519,B
train_471092148,B
train_1403574945,B
train_1260994770,A
train_650923144,B
train_3687937753,B
train_1263846375,B
train_1381716517,B
train_76590387,B
train_3029073582,A
train_2248291150,A
train_1501931534,B
train_1225320579,B
train_3865227640,A
train_2908495244,B
train_2184916710,A
train_723158608,B
train_168756473,B
train_1545634709,B
train_4083783357,A
train_3271367019,A
train_465747605,B
train_2297995309,B
train_949087393,B
train_469327467,B
train_2842750645,A
train_3181232330,A
train_1549240353,A
train_3590715528,A
train_2410543443,B
train_2784743828,A
train_1309231017,A
train_125735945,B
train_2280733261,A
train_1853142092,B
train_3616871527,B
train_2481531982,A
train_1136099048,A
train_910933116,B
train_290945602,A
train_4273382511,A
train_1218942529,A
train_3888435367,A
train_4128541342,A
train_1262302057,A
train_2819236531,B
train_3762226794,B
train_187338789,A
train_1157616287,B
train_833971892,A
train_314551574,A
train_1057945730,B
train_3890472196,A
train_533431056,A
train_544926325,B
train_4104373728,A
train_1484075764,A
train_2716226697,B
train_2082218562,A
train_2956366091,B
train_3134204377,A
train_581917741,A
train_3332387740,A
train_1853555417,B
train_211200223,A
train_3799652696,A
train_3828909230,A
train_2970408592,B
train_2074743891,B
train_1912010743,A
train_3688526204,B
train_2092351967,B
train_2294723852,B
train_1197834062,B
train_1563507937,B
train_2099436974,A
train_1150536592,A
train_173106648,A
train_2419947469,A
train_2755300833,A
train_2303814467,A
train_1340791296,A
train_3437847332,A
train_1843781212,A
train_1964782712,A
train_551279731,B
train_2961640528,A
train_2441404409,B
train_249422741,A
train_1850201761,A
train_1597284852,B
train_3595494298,A
train_3777725579,B
train_33810486,B
train_627265114,B
train_4251822241,A
train_2776174130,A
train_2394979606,B
train_858015146,B
train_3238310524,A
train_2973839121,B
train_3146789015,B
train_2617267028,A
train_4143328467,A
train_3608072965,A
train_1708812110,A
train_341948875,A
train_3623586726,A
train_2839348394,B
train_2686848856,B
train_3493503824,B
train_2575053903,A
train_1622795828,B
train_2293511579,A
train_576424467,A
train_1887612483,A
train_4286328927,B
train_2217355111,B
train_1551941123,A
train_2661286006,A
train_4179029043,A
train_3865431729,B
train_3886879396,A
train_1991847666,B
train_459709878,B
train_2920106247,A
train_3460166254,B
train_2046895110,B
train_612272712,A
train_1137495971,A
train_4011843612,B
train_1583713659,A
train_3844006498,A
train_2950766168,A
train_3292064225,B
train_1943135300,B
train_3461551716,B
train_902946212,B
train_2124827366,B
train_186448376,A
train_1719212814,A
train_3217242064,B
train_2749665224,A
train_2071272515,A
train_1559014002,B
train_3528631510,B
train_464242333,B
train_528954251,B
train_208831436,A
train_3106580489,B
train_487840194,B
train_3700945564,B
train_2340183039,B
train_2929819919,B
train_1988010624,B
train_2600319800,B
train_3508659965,B
train_2512009542,B
train_2745032098,B
train_502277981,B
train_1989463882,A
train_1482152889,A
train_3116355777,B
train_774889310,A
train_2429322411,A
train_1058196845,B
train_168600595,A
train_979643000,B
train_3244007897,A
train_3341208712,A
train_2746817992,B
train_3869476325,B
train_330154989,B
train_2740085778,B
train_2948043362,A
train_3069307829,B
train_414701395,B
train_3881175123,A
train_931685938,A
train_3008807865,A
train_2365309470,A
train_1542127692,B
train_2657418478,B
train_3672057433,B
train_2663535004,A
train_1479759904,A
train_3906692187,B
train_545975,B
train_2312000695,A
train_2609355677,B
train_732175919,B
train_3760114533,A
train_4291703455,B
train_486334205,B
train_822482840,A
train_3953757046,B
train_3045738159,B
train_1358508541,A
train_671110269,A
train_1981749238,A
train_3932797267,A
train_734329883,B
train_3522597950,B
train_3817524297,A
train_239032119,B
train_332142770,B
train_4187271091,B
train_3139875598,A
train_4108121363,B
train_793219139,A
train_1952852721,A
train_3558732148,A
train_696013697,A
train_1270119581,B
train_535401545,A
train_4084917943,A
train_1753709390,A
train_3069785796,A
train_123198063,B
train_2829080006,A
train_972436287,A
train_3679315798,B
train_4269656616,A
train_3117052907,A
train_1146850576,B
train_1713371902,A
train_152145704,A
train_3634732603,A
train_1064230135,B
train_4186363563,B
train_628684177,B
train_2321812167,A
train_4225069796,A
train_2330739304,B
train_192039966,B
train_837742456,B
train_2123546672,B
train_1416516396,B
train_3395503427,A
train_3225600222,A
train_2891088680,B
train_4040945186,B
train_2156588187,B
train_4158317637,A
train_2103401538,A
train_2729716213,A
train_2894912568,A
train_1288137889,A
train_460184058,A
train_226724831,A
train_234024597,A
train_3344071220,A
train_1195523519,A
train_2199557904,A
train_1226331500,A
train_1398842640,A
train_3807557363,A
train_2063040992,A
train_1846456008,A
train_3243347423,A
train_2222681530,B
train_522807539,A
train_503258257,B
train_1130611309,A
train_1168749272,A
train_1997050893,A
train_2188932227,A
train_3950287676,B
train_2901485181,B
train_3277122319,B
train_2368657154,B
train_2631472883,A
train_1156361427,A
train_3539339103,B
train_1023741930,A
train_3556916041,B
train_2567017237,A
train_143260486,B
train_256879758,B
train_2541057009,B
train_1496926160,A
train_91140600,A
train_2205032352,A
train_1435161567,B
train_1902668951,A
train_518928170,B
train_3810070053,A
train_3096267190,B
train_2740351961,A
train_1575244027,B
train_3534061300,B
train_919510288,A
train_551394375,B
train_1301243609,A
train_156930002,A
train_3860569113,B
train_1892329229,B
train_2863861957,B
train_2212512341,A
train_202551337,B
train_1951483401,B
train_1218516691,B
train_920063669,B
train_2963647224,B
train_2266659139,A
train_346760834,A
train_3023769589,A
train_622407880,A
train_555406121,A
train_3962909153,A
train_2200953573,B
train_3788398874,B
train_1829277698,B
train_564084949,A
train_3333575497,A
train_4158237532,B
train_1142563685,A
train_3911931150,B
train_2083535760,A
train_3829012092,B
train_3967707268,B
train_3497629157,A
train_1713565479,A
train_3955123018,A
train_817343366,B
train_1829432711,B
train_2330331338,A
train_2692651700,A
train_3408077241,A
train_3009008137,B
train_2622305053,B
train_882033311,B
train_3018407170,B
train_1272818983,B
train_274036399,B
train_3152309056,B
train_4177120257,B
train_565785054,B
train_902429172,A
train_3160734362,B
train_1244136943,B
train_3196887408,B
train_1973334387,B
train_2057359481,A
train_3916270718,A
train_2532602543,A
train_2795919701,B
train_1824366906,A
train_400002040,B
train_1671502567,A
train_3202778760,B
train_3075577457,B
train_1454889201,B
train_2447684889,B
train_3135597145,B
train_3577903841,B
train_1500696100,B
train_2561766523,B
train_4177087433,B
train_2982400387,A
train_3149664260,A
train_4256668217,A
train_2706068468,B
train_2771536201,B
train_3424140747,A
train_1914350942,B
train_610995158,A
train_967283249,B
train_1704877576,B
train_1272445342,B
train_2044733326,A
train_3002741668,A
train_3021596818,A
train_2297133720,A
train_1451011522,A
train_2986625214,A
train_909257349,A
train_760369895,B
train_1148151962,A
train_3509038782,A
train_2351427587,B
train_71800114,A
train_804943391,B
train_3165453502,A
train_2271279241,A
train_46547680,A
train_1637345525,B
train_3024527999,B
train_2991399778,A
train_87148542,A
train_1955178828,A
train_4038958783,B
train_2696399069,B
train_4232481890,A
train_1693896192,A
train_1343731213,B
train_696061616,A
train_4251674985,B
train_194273808,A
train_4118146778,B
train_2145462141,A
train_1914155935,B
train_3900656790,B
train_3545895077,B
train_3968068964,A
train_3448430146,A
train_95012711,B
train_2059659022,B
train_1545755534,B
train_1599632573,B
train_3222455590,A
train_2682673489,A
train_1455468961,A
train_2676536930,B
train_2360134844,B
train_4260891701,A
train_3890606324,A
train_35568213,B
train_1814893817,A
train_1055797460,A
train_2632378587,A
train_2876403795,B
train_1530718504,B
train_599478601,A
train_236461645,A
train_3920604750,A
train_2179047759,A
train_164392578,B
train_2252878267,A
train_2808287144,A
train_1478137076,A
train_4274726423,A
train_3271639158,A
train_2132940211,B
train_2460393045,A
train_1385709310,A
train_1740638686,A
train_923356154,A
train_3748437883,B
train_1259565653,B
train_1573380399,B
train_2538259976,B
train_3489385103,A
train_1992083029,A
train_2136489890,B
train_1975652017,B
train_3639649224,A
train_2963597311,B
train_1148887046,B
train_2571622094,A
train_1508418660,B
train_1472501475,B
train_372171572,B
train_741479454,B
train_2328477380,B
train_87685820,A
train_2683183860,A
train_3202139495,B
train_1082968667,B
train_3037605144,B
train_1544542613,B
train_2530271296,A
train_1059599285,B
train_1312179248,B
train_314033179,B
train_3642764421,A
train_1095245150,B
train_3881527708,A
train_1183348426,A
train_682045948,A
train_3910747062,B
train_1862538115,A
train_2634643967,B
train_2327944008,A
train_1810794050,B
train_2879678867,A
train_3606323923,A
train_66277251,A
train_200903631,A
train_2394183790,A
train_719481250,A
train_1095087595,B
train_3909263898,B
train_1130296833,A
train_2787393948,A
train_1768934860,A
train_129606355,A
train_3567313748,A
train_1442217837,B
train_3493078488,B
train_1095592411,B
train_4290693749,B
train_2350926925,B
train_957016724,B
train_2673117902,A
train_435602942,A
train_1282237333,A
train_1508417191,A
train_636351950,A
train_2823833617,B
train_463285493,B
train_2708471129,A
train_4054115087,B
train_209942350,A
train_2822765552,A
train_2031692861,B
train_389724270,A
train_2926108297,A
train_3932843753,A
train_212864280,A
train_1837245558,B
train_222327466,A
train_4122014954,A
train_1795553093,A
train_2475193119,A
train_214385673,B
train_2255632687,B
train_1891206291,A
train_1764501195,B
train_2897684820,A
train_2236883448,B
train_2250716731,B
train_2087896951,B
train_1921379373,A
train_2976568700,A
train_284207796,A
train_1506908049,A
train_3751845537,B
train_3076336378,B
train_4022459025,A
train_68589590,A
train_294526757,A
train_1274147102,A
train_3762412024,B
train_3902879615,B
train_3957040931,B
train_2477600345,B
train_2020881054,B
train_77233965,A
train_726011596,B
train_1811085532,B
train_3561130157,B
train_730089797,A
train_1552785361,A
train_4067430346,A
train_2875125475,A
train_2875109563,A
train_1691328955,A
train_3615953782,B
train_1501629798,B
train_84753,A
train_2192112312,A
train_4114094030,A
train_695478924,B
train_2197311725,A
train_760017911,B
train_466770390,A
train_1297294241,B
train_2106744964,A
train_1791162909,A
train_2032731256,A
train_3132894731,B
train_4046569356,A
train_2943545379,B
train_3186490294,B
train_2506866523,B
train_3161238886,B
train_4223670001,B
train_1275557348,B
train_1713714671,B
train_4220118571,A
train_1233714641,B
train_2172204025,B
train_1524801196,B
train_2724890808,B
train_3940691685,A
train_144485378,A
train_434050104,A
train_2097875457,B
train_455452148,B
train_1979769754,A
train_1457757158,A
train_2405894439,A
train_4114603554,A
train_258274240,A
train_1519679404,A
train_440920976,B
train_973496278,B
train_2280922446,A
train_1220840316,B
train_1320199436,A
train_4103887113,B
train_3156414989,B
train_3331184392,A
train_116604013,A
train_3315820247,A
train_911994802,A
train_1866812754,A
train_396493361,A
train_2023906373,B
train_2741979820,A
train_1716998971,A
train_4058381938,A
train_3894903617,B
train_2911841930,A
train_2000523452,A
train_3481673715,A
train_1725639998,B
train_3749940328,A
train_2134970615,A
train_2325017300,A
train_175929719,B
train_3303531647,A
train_481517549,A
train_3956550694,A
train_2695151238,B
train_2694041789,B
train_1686542903,B
train_2415205105,A
train_4142890442,A
train_691179942,B
train_145656700,B
train_3937275590,A
train_1413652736,B
train_2548556909,A
train_332146171,B
train_4179363210,B
train_2828297802,A
train_2320101504,B
train_1810628298,B
train_2186283773,B
train_858086747,A
train_1769302097,B
train_2821805079,B
train_1275191373,A
train_1964406705,B
train_2502151735,B
train_1466371917,A
train_2142005879,A
train_783467859,A
train_987273195,B
train_3307925557,B
train_4210694118,B
train_551410635,A
train_346302526,B
train_3374634592,B
train_1508100548,A
train_1712356979,A
train_409516409,A
train_3671683935,A
train_205126562,B
train_2026473039,B
train_2994166779,B
train_2238772673,A
train_1575479451,B
train_2000303097,B
train_1256163029,B
train_3220720473,B
train_2096937844,A
train_571238789,A
train_1061185057,A
train_174225834,B
train_1497729607,A
train_143838797,B
train_537580720,A
train_304473019,A
train_2706408290,B
train_2416225411,B
train_26405612,A
train_4278347183,A
train_3918386345,B
train_3293716060,B
train_361120700,A
train_2275009292,B
train_1950166246,A
train_4216537796,A
train_3175431520,A
train_672834889,A
train_2726544768,A
train_3193897481,A
train_2209830249,A
train_3621489218,A
train_2266812955,A
train_2243754591,B
train_71637883,B
train_1858012422,A
train_3661528111,B
train_636153324,A
train_3652503867,A
train_3179157114,A
train_3568315886,A
train_937465577,B
train_2881004424,B
train_3900151885,B
train_925210870,B
train_3363242343,A
train_2017050222,B
train_529079375,B
train_2236604888,A
train_276361825,B
train_2498383951,B
train_3660028727,B
train_1390797749,A
train_2065100009,B
train_3746845633,B
train_3572291583,B
train_2007027692,B
train_36784218,A
train_4113914044,B
train_2360417258,B
train_2145251320,B
train_27737427,B
train_2171329712,A
train_1326907348,B
train_1847400223,B
train_1557977654,A
train_2707442425,A
train_76338362,B
train_775222088,B
train_3514736292,B
train_3219605857,A
train_3872408179,A
train_901065118,A
train_2354708021,A
train_1858965029,A
train_3326215714,A
train_4025340777,B
train_2709684659,B
train_1855665910,A
train_1759198689,A
train_1879391954,A
train_1890569721,A
train_725097112,A
train_4219739516,B
train_405812031,A
train_2557452613,A
train_538824115,B
train_2560831151,A
train_2549420300,B
train_1278131176,B
train_2946106600,A
train_1097437316,B
train_2046363784,B
train_1535053037,B
train_2898704837,B
train_4122219750,B
train_615383284,A
train_717065064,B
train_1275542499,A
train_2240175202,B
train_2301578474,A
train_968241382,B
train_852655362,B
train_3140698909,B
train_2178683406,B
train_1721156667,B
train_531798208,B
train_211978758,A
train_2822672534,B
train_4210789925,B
train_1290075215,B
train_3857717080,B
train_2230013388,A
train_604466161,B
train_4041033908,A
train_3912719999,B
train_4143121370,B
train_654136603,B
train_2285623762,A
train_1975085675,A
train_3047949463,B
train_1934683848,A
train_466501335,B
train_2287862944,A
train_739162479,B
train_1957501411,B
train_2677673031,B
train_2874063158,B
train_312649492,A
train_2326532166,A
train_204156095,A
train_577084221,B
train_1528932077,B
train_470748034,B
train_3947758246,B
train_2440461304,B
train_172019243,B
train_2537205601,B
train_2981505684,B
train_3382767287,B
train_2955182354,A
train_3687072759,A
train_328549152,A
train_4010581292,A
train_1789812768,A
train_2356431631,B
train_1356494931,A
train_3219002770,B
train_4100695802,B
train_530130322,A
train_3710360083,B
train_3165244659,B
train_3076147650,A
train_3197892505,A
train_376093065,B
train_338589722,B
train_1608569558,B
train_3098959550,B
train_843754922,B
train_834249229,A
train_2676447361,A
train_3719586457,A
train_2700026303,A
train_3533016412,B
train_3360856738,A
train_976232739,A
train_1216802998,B
train_3024703513,A
train_3080632857,B
train_2732301973,B
train_470987521,B
train_1378164451,B
train_91201482,A
train_696065316,B
train_2736613535,A
train_3995427519,B
train_1305656216,A
train_1112409294,A
train_1517628790,A
train_1408193327,B
train_2940604472,B
train_2542245392,B
train_3324619166,B
train_2771604029,B
train_1891541718,B
train_1862432494,A
train_3781067628,A
train_525865499,A
train_3048104125,B
train_2519862335,A
train_2014473446,B
train_733067677,A
train_2529718493,B
train_762518606,A
train_2143102280,B
train_2566047911,B
train_3184881069,A
train_3061312393,A
train_4083460609,A
train_3298623763,A
train_747394569,A
train_2237854307,A
train_3675653282,A
train_1493023534,A
train_437855323,A
train_2467546957,B
train_3254994257,A
train_33666555,B
train_4086075415,A
train_40365697,A
train_3283908644,B
train_1489878908,B
train_3820248798,A
train_546352229,B
train_1383091248,A
train_3745973950,B
train_3566206531,B
train_4263184258,A
train_3309000091,B
train_1653324141,A
train_332354865,B
train_3930950696,B
train_4250403453,A
train_4216375557,A
train_1860958866,B
train_736512298,A
train_538991901,A
train_1007547921,B
train_1263677411,B
train_3863290670,A
train_1467670421,A
train_4293264840,B
train_339797726,A
train_2995959738,B
train_333396958,A
train_2652125424,B
train_2732590727,B
train_4188718763,A
train_3672996265,A
train_455949099,A
train_3309225206,B
train_4261555800,B
train_3968610932,A
train_676647552,B
train_113909633,B
train_3402930218,B
train_2029610443,A
train_4080562593,A
train_510741277,A
train_2461123041,A
train_1053373785,B
train_3010916169,A
train_1646573458,A
train_2896625312,B
train_3341330490,A
train_1348153933,A
train_2565744689,A
train_3079456842,A
train_2573060829,A
train_745074374,A
train_3547725123,A
train_1250572608,A
train_369558322,A
train_1617482268,A
train_1350350341,A
train_1012647875,A
train_726415384,A
train_3766079135,A
train_2896284123,A
train_807159654,A
train_2986508250,A
train_1748945290,A
train_808634018,B
train_3802478192,B
train_1723236516,B
train_830074994,A
train_1808626386,B
train_3371992111,A
train_3750576216,A
train_260283758,B
train_3930991315,B
train_2996122122,B
train_1334707434,A
train_2246098945,A
train_860101705,A
train_2834390170,B
train_1967483643,B
train_2174196001,B
train_3674326263,B
train_2154910217,B
train_3127817541,B
train_3433674398,B
train_3155374400,A
train_1808585022,B
train_4000096885,A
train_3173329523,A
train_1781590850,A
train_3249539298,B
train_2386722705,B
train_1365737348,B
train_2763687611,B
train_3435164881,B
train_915133930,B
train_2442561307,B
train_2185859087,B
train_4094678558,B
train_430044692,B
train_45562914,B
train_980903649,B
train_380221593,B
train_2133418956,B
train_1061943482,B
train_3043699106,B
train_2298871061,B
train_2665267711,B
train_2313545499,A
train_3283625285,B
train_2561158879,A
train_3644907377,A
train_3811402479,A
train_3497496776,A
train_3301830639,A
train_3167548652,A
train_4168751562,B
train_3427874760,B
train_4067146595,A
train_629738851,B
train_1363470604,B
train_1227019880,B
train_2093884040,B
train_259041354,A
train_4211923614,A
train_1500171983,A
train_244382539,B
train_1749458246,B
train_1765854094,B
train_1308903252,A
train_1314363223,A
train_861460118,B
train_3203096732,A
train_3047612402,A
train_1421979580,A
train_3962636459,B
train_3258369102,B
train_790812279,B
train_446056466,B
train_1268151327,A
train_350387975,A
train_2273090602,B
train_3988147891,B
train_1152008416,A
train_1674186827,A
train_162413014,B
train_3717343944,B
train_1714302799,B
train_4239921229,A
train_850178505,B
train_3934526303,B
train_1988115074,B
train_1518274481,B
train_103331682,B
train_620742830,B
train_992288992,B
train_3894044204,A
train_253683720,A
train_632655839,B
train_1311167671,B
train_4091994903,A
train_3092154520,A
train_1871651657,A
train_2259121662,B
train_3456869600,B
train_352541626,B
train_3452034093,B
train_924267068,B
train_1897985012,A
train_3015555395,B
train_3477358761,A
train_3333793836,A
train_1761985642,B
train_231318823,B
train_1445610545,A
train_216865320,B
train_2279237439,B
train_4057450652,A
train_1880996073,A
train_2623691000,B
train_2736885581,A
train_114579963,A
train_2380602609,B
train_3336861796,A
train_1328312267,A
train_3779881642,B
train_1578051326,A
train_798521274,B
train_795753112,B
train_1291941414,A
train_1836586325,B
train_235606355,A
train_1265111104,A
train_911930079,A
train_367661565,A
train_811621356,B
train_282615373,B
train_365594779,A
train_2986920724,A
train_1923554976,B
train_1570913599,B
train_1827624626,A
train_2294270968,B
train_2370573016,A
train_2992887566,A
train_32331620,B
train_3140891133,B
train_3399555462,B
train_3153441868,A
train_2278189641,B
train_2053287990,B
train_3932422826,B
train_1216000010,B
train_3715397019,A
train_1735209798,A
train_3212718385,B
train_4065978979,A
train_3518113636,B
train_2520539235,B
train_429614561,A
train_1695513930,A
train_3626041310,A
train_1180108733,B
train_1318907994,B
train_829584474,A
train_908465313,B
train_2657487688,A
train_4237032314,B
train_2482303278,A
train_1255642456,B
train_1641622956,B
train_142958281,B
train_2002324090,A
train_875974883,A
train_1343999834,B
train_2808873162,A
train_897628805,B
train_344999236,B
train_2436225137,A
train_3136559023,A
train_1225822300,A
train_1537873079,B
train_2242334343,B
train_1218265841,B
train_527397407,B
train_3887178345,B
train_820035401,B
train_731086343,A
train_860698853,A
train_3507051553,B
train_1915837290,B
train_1853904853,A
train_4188711260,A
train_3414896717,A
train_2137302106,A
train_948110932,A
train_1359377850,B
train_3622660148,B
train_191850289,A
train_1891339621,A
train_2619436600,B
train_3173013958,B
train_784571098,B
train_3168301673,A
train_1575354575,A
train_3907506006,A
train_1331727138,B
train_2840159142,B
train_3660315992,A
train_2315937256,A
train_1539003385,A
train_223044984,B
train_1614784893,A
train_3593687938,B
train_1955899797,A
train_651005625,A
train_776637533,B
train_2218610191,B
train_3085008691,B
train_813431460,A
train_2677915330,A
train_3215758500,B
train_172895354,B
train_2344006837,A
train_3562449986,A
train_961841340,B
train_481735562,A
train_3995195279,A
train_326746045,A
train_1495418601,B
train_599568200,A
train_1854978533,A
train_3923222619,B
train_3307005719,A
train_29954514,A
train_2001239107,B
train_1039855602,B
train_789292603,B
train_1816104738,B
train_2355653542,B
train_689313100,A
train_3905726567,B
train_2965165091,B
train_587437944,B
train_2968611573,B
train_500368274,A
train_3755829143,B
train_2866373427,A
train_1403659473,B
train_3001836842,B
train_1431563868,A
train_828503973,A
train_2851080720,B
train_1634598069,B
train_1922564626,B
train_2628173721,B
train_1390637673,B
train_438442613,A
train_3168479519,A
train_1188909170,A
train_2958616790,B
train_3363129319,A
train_3325480444,B
train_2305456308,A
train_3153150334,A
train_113737529,B
train_2001760144,B
train_645341534,A
train_2283774653,A
train_1824939160,A
train_2897506373,A
train_750450270,A
train_632499329,B
train_4269751718,B
train_1282503186,B
train_529968817,A
train_3338833167,A
train_1635638130,A
train_462503326,B
train_3616818172,A
train_2291772448,A
train_1630159224,B
train_1663449900,A
train_1633312009,A
train_4224460093,B
train_3795175539,B
train_2507582602,A
train_1012331527,A
train_170942422,B
train_331882059,A
train_3402415102,B
train_2821411182,A
train_3901229986,A
train_4283296902,B
train_2243014261,A
train_544586547,A
train_3715501661,A
train_2861878811,A
train_3388132146,A
train_4017640922,B
train_1383601791,A
train_462541577,A
train_1224240247,B
train_1249772406,B
train_1261754065,A
train_3430807642,A
train_2788097060,A
train_247309383,A
train_2559568500,B
train_1146907504,B
train_3992461821,A
train_1079287407,A
train_138511403,A
train_1814016567,B
train_2116619833,B
train_2598294090,A
train_502889264,B
train_1413749733,A
train_3746535839,B
train_987967186,A
train_3477641933,A
train_3151862020,A
train_713504536,A
train_3476929312,A
train_738477701,B
train_895282301,B
train_1256098072,A
train_2910122043,A
train_412631383,B
train_1429654057,A
train_1799532939,B
train_317520037,A
train_733018378,A
train_534054809,A
train_2119676290,A
train_982597801,B
train_4243941418,A
train_4067836661,B
train_4115109678,B
train_1651913561,B
train_1413292277,B
train_4283498233,A
train_1131692804,B
train_1196937195,A
train_554463971,B
train_1254262490,A
train_1408281543,A
train_844780087,B
train_3787172852,A
train_3234391259,A
train_745091095,B
train_2451213958,A
train_3443195390,B
train_1705401925,A
train_1576660218,B
train_1542324756,A
train_3838511554,B
train_291277626,B
train_709590039,B
train_2606787137,B
train_616583488,B
train_2906091296,B
train_481315621,B
train_4270250525,B
train_4154363656,B
train_2000430644,A
train_2425691004,A
train_1452824406,B
train_3681127485,A
train_1137086434,B
train_2346926853,B
train_1633515278,B
train_2971310613,B
train_392940273,B
train_1676987154,B
train_226166830,A
train_1631909847,A
train_1872425054,A
train_1301694844,B
train_1971875588,A
train_4023595395,A
train_135250740,B
train_3271326592,B
train_3982178276,B
train_2894665583,A
train_2429537836,B
train_3485133646,B
train_1675502287,A
train_2788961795,A
train_183403491,A
train_2201679857,B
train_111051713,A
train_3792563117,B
train_4221138141,A
train_1079810959,A
train_2039326595,B
train_1694212672,B
train_3348395219,A
train_312176679,A
train_1994084686,B
train_770266648,B
train_3914548706,A
train_1896861913,A
train_3742154620,A
train_4095076913,A
train_3752337062,B
train_2198874599,A
train_3076724311,A
train_4010111882,A
train_2858688688,B
train_2128373817,A
train_4282799511,B
train_1214611445,B
train_2280749427,A
train_2807983771,A
train_52054814,A
train_1294543072,A
train_908749612,A
train_256545849,A
train_331445960,B
train_325070356,A
train_1930666510,B
train_532361675,B
train_1813759833,B
train_3723995479,B
train_1031062298,B
train_2178373394,B
train_4195692331,A
train_861333056,B
train_3451549828,B
train_859832089,B
train_1839044995,A
train_478960551,A
train_4283283340,A
train_2374862836,A
train_2864151316,A
train_2045531758,A
train_628693480,B
train_820733964,A
train_1749214254,B
train_744477389,B
train_3224735680,B
train_2965096801,A
train_2610407564,A
train_945171832,B
train_3930380728,A
train_1966034422,B
train_730869187,A
train_1193135739,B
train_1187070895,A
train_622019859,B
train_2749968558,A
train_3507156353,A
train_1864907098,A
train_1824521068,B
train_2818058849,A
train_1266761007,B
train_1754990394,A
train_1207788418,B
train_42580246,A
train_3979164818,A
train_2709088831,B
train_2528299723,B
train_2716276390,B
train_1563702122,B
train_1700784486,B
train_2241919381,B
train_386894968,A
train_400079358,A
train_2710728655,B
train_1156173438,B
train_3449628058,A
train_3308531339,A
train_4049934619,A
train_2631989263,A
train_1222122895,B
train_1025137851,B
train_2129690418,B
train_113606675,A
train_2316863317,B
train_3748628720,A
train_1071569835,B
train_3117821422,B
train_2276483004,B
train_187925984,B
train_2106733142,B
train_942722286,A
train_306110865,B
train_677351624,A
train_1177695212,A
train_4227829187,B
train_3590438936,A
train_2972320039,A
train_1253139441,B
train_3265761569,A
train_232189854,A
train_4072917577,A
train_1189296939,A
train_3642379956,A
train_1277919767,A
train_514130088,A
train_1893772587,A
train_3272396641,A
train_2551666218,B
train_1891057431,B
train_4220896172,B
train_654919792,A
train_1539749053,B
train_1004669508,B
train_330018201,B
train_467690219,A
train_1428562094,B
train_1456344619,A
train_3431488048,B
train_3551635600,B
train_4153691142,B
train_2245530265,A
train_3035916916,B
train_766682438,A
train_4197224874,A
train_3149368759,B
train_1231577335,B
train_3112106518,B
train_3283336377,A
train_2799685006,A
train_3206197528,A
train_2299104562,B
train_623640091,A
train_1770686858,A
train_3070924997,A
train_2465075561,B
train_853137811,B
train_2107209354,B
train_2683607405,B
train_2443572885,B
train_1417475589,B
train_1862150030,B
train_1188832669,B
train_399735450,B
train_2283921439,B
train_3638417069,B
train_2262654060,B
train_3760708431,A
train_832508204,B
train_3748078796,B
train_3060512132,A
train_716457680,B
train_1211423023,A
train_4120010746,A
train_1479983149,A
train_2807634269,A
train_2679822205,B
train_265828435,A
train_1551099467,B
train_3888365793,B
train_1233840777,B
train_507154516,A
train_4224558911,A
train_517820278,B
train_3368756977,B
train_1292645178,B
train_187571748,B
train_1597985138,B
train_4059561748,A
train_1690151859,A
train_418910179,A
train_1456438766,B
train_3647195075,A
train_2986917912,A
train_118416996,A
train_1649656451,B
train_2422776756,B
train_2460952678,B
train_827904767,A
train_44910160,B
train_1410630226,B
train_3741046028,B
train_3499527699,B
train_292500381,B
train_2128474350,A
train_1064058231,A
train_3457803454,B
train_1953877742,A
train_1484997819,B
train_2531013797,B
train_1041715554,A
train_357049888,B
train_419713741,A
train_1285326040,A
train_1414384589,B
train_983019297,B
train_1112234445,B
train_3747682851,B
train_2138864516,B
train_1356494291,B
train_2868204905,A
train_1583289838,A
train_2100928892,A
train_2122217437,A
train_3485729497,A
train_2276333157,B
train_2038796227,B
train_2203279688,A
train_2485414555,B
train_2255068493,B
train_2808633432,B
train_1222149943,A
train_583004462,B
train_1870816045,B
train_1513259656,A
train_1870539997,A
train_2401989032,B
train_3730949930,A
train_1966518095,A
train_1074208700,B
train_1966427691,A
train_2568497922,B
train_355828012,B
train_2439759785,A
train_3585077413,A
train_2568939474,B
train_2210698400,A
train_3000207332,B
train_3310105433,B
train_1080156460,A
train_2341714491,B
train_861320072,A
train_900993758,A
train_2630784639,A
train_331743421,B
train_2238872848,A
train_3614136107,B
train_2470222196,B
train_1786751652,B
train_1709704726,A
train_1662289198,A
train_48285579,B
train_3717255603,B
train_1420212134,A
train_975491384,A
train_1308078222,B
train_1815599015,A
train_3868266662,A
train_3319743878,B
train_3057088079,A
train_800383395,A
train_1620832367,A
train_694982875,A
train_3908345428,A
train_464409097,B
train_107340153,B
train_2658759387,B
train_2892986907,B
train_2942409372,A
train_4015272346,B
train_167902055,A
train_3908367902,B
train_1712159337,B
train_989784973,A
train_1019589926,A
train_3367800529,B
train_3878508307,B
train_3321525401,A
train_2532402456,B
train_2050441021,B
train_2008497233,B
train_2155530816,B
train_435896447,B
train_1545529902,A
train_4179232729,A
train_2283023883,B
train_3559120886,B
train_177122973,B
train_3926525957,A
train_131083368,B
train_2014768918,A
train_5143427,B
train_4011872611,A
train_3734383421,B
train_469427796,A
train_2284062596,B
train_775230964,A
train_107383247,A
train_3001859317,B
train_1042431948,A
train_479748377,B
train_1166715503,A
train_1863897434,A
train_898978553,B
train_1936569559,B
train_3551412962,B
train_3329215556,B
train_3730529253,B
train_525084091,B
train_3628476947,B
train_2623661886,A
train_3065118625,A
train_2450272360,B
train_3429819157,B
train_4137401939,B
train_3680816797,B
train_1336225555,B
train_2013950531,A
train_840074021,A
train_4239357215,B
train_2865536277,A
train_396434532,B
train_3903657076,A
train_2857711708,B
train_2243906985,B
train_2089860996,B
train_1143750738,A
train_1217957384,B
train_3074092208,A
train_3387316203,B
train_1197523951,A
train_3433433729,B
train_2097163287,A
train_252917753,A
train_481441739,A
train_1413730088,B
train_616111324,B
train_763582362,B
train_1683836480,A
train_841014828,B
train_26027635,B
train_483064676,B
train_1141499613,B
train_2037103794,A
train_236621138,B
train_3334116861,A
train_725727340,B
train_28818844,A
train_2463671223,A
train_4053627404,B
train_1242813413,A
train_569730469,A
train_2720635876,A
train_1430582148,A
train_332973933,A
train_1885045399,A
train_212771174,A
train_724998476,B
train_1613111107,B
train_3200611558,B
train_1880551159,B
train_4052358968,A
train_1857008310,A
train_1836205917,A
train_29647133,A
train_968013246,A
train_3650104071,A
train_1388258254,B
train_1606528051,A
train_3861925206,A
train_2514259150,A
train_2455434992,A
train_562796881,A
train_1677006347,A
train_2081450544,A
train_2186050111,B
train_3898916296,B
train_3481016413,A
train_2207014061,A
train_609133041,A
train_94364148,A
train_1395184200,A
train_1962212019,B
train_1788286081,A
train_147199890,A
train_1026277154,B
train_2407886647,B
train_3339339674,B
train_6664262,A
train_725021222,B
train_3262429237,B
train_2811705706,B
train_2949820431,B
train_2601766721,B
train_3041560024,B
train_398849180,A
train_2501983503,A
train_1701152335,B
train_720028833,A
train_1463712112,A
train_64341723,A
train_322609066,B
train_3889833190,A
train_1496837190,B
train_3442232475,A
train_199778191,B
train_498840783,A
train_736555205,A
train_2312264726,B
train_2361148151,A
train_1124561103,A
train_3846999536,B
train_1843059976,B
train_453806867,B
train_3973020511,B
train_2444370811,B
train_1601559161,A
train_3799832961,B
train_1663451742,A
train_1552604514,A
train_2874065852,B
train_682440235,A
train_4028628282,A
train_2319068459,A
train_4177701863,A
train_1523239598,B
train_3741873901,A
train_2953208242,B
train_2341186235,A
train_1314538289,B
train_2661129964,A
train_560285169,A
train_1711572270,B
train_1687423220,B
train_3070576915,A
train_1956441742,A
train_2218616760,A
train_3704328798,A
train_3952897592,A
train_1391088974,B
train_3437656143,A
train_3659126635,B
train_3049685172,B
train_2699272363,B
train_1454870450,B
train_2238259263,B
train_2514049518,B
train_113679480,B
train_1058371136,B
train_2070181148,A
train_4056670332,B
train_4071539770,B
train_2216507241,B
train_789095699,B
train_3702636634,A
train_2657399616,B
train_1838204775,A
train_2488417623,A
train_1143456373,A
train_2922345773,A
train_4287662582,B
train_1689256526,B
train_2346956172,A
train_2074971246,B
train_2559976231,B
train_1111814078,B
train_4088794632,A
train_14586776,B
train_3391471402,A
train_2045279456,B
train_3355972974,B
train_3601127643,B
train_2398117812,B
train_524440965,A
train_3077293006,B
train_1224852666,B
train_2162275562,B
train_3056228766,A
train_3448357370,A
train_2352028503,A
train_2455861260,B
train_2888140482,B
train_3809883334,B
train_3032730238,B
train_1610204949,B
train_3452758148,B
train_2264008045,A
train_3929014345,B
train_2499283609,A
train_2987705546,A
train_1359519279,A
train_281336726,A
train_4134145343,A
train_836928399,B
train_1129392865,A
train_3330213819,B
train_2836357934,A
train_487719416,A
train_3424343147,A
train_3259252223,A
train_1863601287,A
train_1921036809,A
train_951867535,A
train_1799291694,A
train_876575564,A
train_3436404342,A
train_3836388007,B
train_3062074862,A
train_1327405961,B
train_876324182,B
train_4175353451,B
train_89472349,A
train_1819680561,A
train_1235088356,A
train_111770232,A
train_4135984053,A
train_2932956574,A
train_4112614329,A
train_1514275177,A
train_1855016139,B
train_2598346749,A
train_3013343856,A
train_105782634,A
train_1619748133,B
train_3678790991,B
train_2445211848,A
train_85523784,A
train_2170940353,A
train_1960805392,B
train_1147279172,B
train_3185430854,B
train_3541037600,A
train_791216372,A
train_1296176406,A
train_61534212,A
train_1637963130,A
train_4274148948,A
train_54366597,B
train_284502269,B
train_2572573631,B
train_854048382,A
train_1462471628,B
train_3614250927,A
train_3905467334,B
train_1146561038,A
train_3843844847,A
train_2098272543,B
train_1255644944,B
train_415398802,B
train_2113524883,B
train_1935305475,A
train_1342167031,B
train_3953778958,B
train_1078371349,A
train_3806866394,A
train_1116225055,B
train_1974987067,A
train_1359729681,B
train_1028972867,B
train_827479404,B
train_1618304228,B
train_1522904582,A
train_2108310668,A
train_3586515255,A
train_2483245509,A
train_3327889878,A
train_3866127272,A
train_2679447132,A
train_3100485896,B
train_3404082299,A
train_3016316138,B
train_1164484477,A
train_1804877656,A
train_4066065171,A
train_3085433038,B
train_3561445935,B
train_3713268600,A
train_2773224933,A
train_2652543756,A
train_4202753415,B
train_719967382,A
train_969073825,B
train_3600695867,A
train_149240701,A
train_2544777137,B
train_2614395847,A
train_1759698792,A
train_897922560,A
train_3009831124,A
train_3367934876,A
train_492779373,A
train_4212980626,A
train_4172997341,B
train_1927837897,A
train_3701503555,A
train_3771136899,A
train_2665739964,B
train_2922526664,A
train_777604213,A
train_3297234221,A
train_3949487098,A
train_3793991718,A
train_1729397793,B
train_2807155010,B
train_756384910,A
train_1956927018,A
train_2105580548,A
train_2148397398,B
train_1325803250,B
train_3877758861,B
train_845691822,A
train_2521483541,B
train_2686627319,B
train_2381381744,A
train_2167541923,B
train_4116316421,B
train_4280580992,A
train_3517646697,A
train_2375408350,B
train_3398874534,B
train_3530558534,A
train_4188727779,A
train_1073345113,A
train_1482993046,B
train_3568737372,B
train_1352013638,A
train_2421378296,A
train_410895741,A
train_2854896291,A
train_3199660393,B
train_2489802896,B
train_4153392359,A
train_1794726174,B
train_687184374,A
train_4048836171,B
train_3392677272,A
train_2247395258,A
train_258105777,B
train_2109551117,A
train_3034496698,B
train_2833307243,B
train_851858367,B
train_1836175876,B
train_4020916097,A
train_2961703148,A
train_4292771935,B
train_2093953377,B
train_1134306225,B
train_1274231471,B
train_766710311,B
train_2124608846,A
train_171792378,A
train_1588773883,A
train_3278507965,A
train_3998109132,B
train_1665508579,B
train_574223332,A
train_1938917822,B
train_47818822,B
train_2008776065,A
train_3854771213,B
train_2380541291,B
train_2398692101,B
train_3193099700,B
train_3746460104,A
train_1431053328,A
train_2652800276,A
train_2543365567,A
train_1196350027,A
train_3130476894,B
train_1915102032,A
train_327329491,A
train_1608747610,A
train_3033754052,B
train_1132571023,B
train_3850437168,B
train_3133784997,B
train_3074693067,B
train_172439299,A
train_3539657011,A
train_1030732466,A
train_2632634612,A
train_1118737835,A
train_1963165572,B
train_660757861,A
train_1600926927,A
train_733133460,B
train_1042444098,B
train_2618666642,B
train_3072795948,B
train_3175853833,A
train_3531948194,B
train_824732567,A
train_2043455052,B
train_2490342278,A
train_689287526,B
train_3655123622,B
train_1260898064,A
train_3406880042,A
train_3195163448,A
train_3050846549,B
train_4133784826,B
train_778165768,A
train_454197079,A
train_1649344261,A
train_65221692,B
train_2321760701,A
train_3285919400,A
train_3317192544,B
train_3755917346,A
train_2713918463,A
train_731855263,A
train_2608332947,B
train_3132796658,A
train_3166197308,B
train_992344861,B
train_2216976318,A
train_2552801283,A
train_2946150478,B
train_837388645,A
train_2257257583,A
train_3683292025,A
train_660894226,B
train_2019096404,B
train_2677353184,A
train_896939691,B
train_2056889473,A
train_871382520,B
train_89617960,B
train_60167150,A
train_3308336522,A
train_1719691194,A
train_2213046756,A
train_4184151264,A
train_1331727154,A
train_2645873492,A
train_1060238576,B
train_2905261157,A
train_2030865860,A
train_106511240,B
train_4122986616,B
train_4235592175,B
train_1668881079,A
train_958153727,A
train_4068972616,A
train_2540651790,A
train_565848201,B
train_250967470,A
train_4093716985,A
train_1731194588,B
train_1232614674,A
train_1627732617,A
train_1298341805,A
train_4136669705,B
train_245165919,B
train_3263104553,B
train_1043384855,B
train_1914874769,B
train_3028784307,A
train_468693636,A
train_2512390616,A
train_3014645073,B
train_2174276947,A
train_3123828552,B
train_2170543645,A
train_2030865012,B
train_3743547646,A
train_3830159810,A
train_1095088666,A
train_24080171,A
train_3467356065,A
train_1411489177,B
train_178042009,A
train_2039812806,A
train_1932076128,A
train_452547024,B
train_3449872267,A
train_3396515577,A
train_3665612388,A
train_3647685724,B
train_2283095382,A
train_25648347,A
train_3202887988,A
train_1558584621,A
train_2125554905,B
train_542112535,B
train_3601120928,A
train_3887565568,A
train_3100671862,B
train_322813306,B
train_1888464306,A
train_2510595818,B
train_1059721049,A
train_1455549102,A
train_273082086,B
train_328702340,A
train_2568554966,A
train_910206103,B
train_3173813058,B
train_1198128332,B
train_3890950499,A
train_2538871294,A
train_1919375704,A
train_252076048,B
train_107527158,B
train_3207710195,B
train_3538213567,A
train_1257844680,B
train_1216531591,B
train_1037865617,A
train_257319821,B
train_3466276137,B
train_1447299648,A
train_584579213,A
train_1825071132,A
train_2017409335,B
train_4226830189,A
train_3128571486,A
train_3467675938,B
train_1654793776,B
train_2805806584,A
train_1127257296,B
train_1196843477,B
train_3821881303,A
train_2796392069,A
train_1077985238,A
train_4233815244,A
train_1955891964,B
train_93714656,B
train_3096718857,A
train_1350158381,A
train_3272915227,B
train_2354922468,B
train_4164132244,B
train_110866581,B
train_547115972,B
train_1863482601,A
train_835835864,B
train_2216410129,B
train_1649718853,B
train_1524358261,B
train_1619855311,B
train_966357640,A
train_1638292695,A
train_2390943309,A
train_641609640,B
train_3997066022,B
train_466135735,B
train_907754214,A
train_2777723887,A
train_3947763284,A
train_490027414,B
train_256227777,B
train_1649051608,A
train_453865227,A
train_3195776307,A
train_2446533322,B
train_885107592,A
train_2807562056,A
train_2381730056,A
train_1075983635,A
train_665729486,A
train_2066206115,A
train_1315975412,A
train_3755702866,B
train_511637898,A
train_1848698155,B
train_2164233590,B
train_3260950578,A
train_475846900,B
train_1752730654,B
train_3582068839,A
train_510667590,B
train_3690236372,B
train_3451549965,B
train_1306906524,B
train_3307609038,B
train_2016117588,A
train_3570788818,A
train_1905522952,A
train_2755794799,A
train_390005367,A
train_86234003,A
train_3333031575,B
train_1333548885,B
train_908867586,B
train_2891956003,A
train_3995330724,A
train_1808180374,B
train_1902550546,B
train_2776172987,B
train_4075413804,B
train_2469207629,A
train_3845683265,B
train_4229923355,A
train_683767919,A
train_3514865662,B
train_3663389447,A
train_1948153587,B
train_3623838856,B
train_548692359,B
train_245856408,A
train_3083634204,B
train_553562592,B
train_3985990210,A
train_3448755423,B
train_865521865,B
train_2567870039,A
train_2089540208,B
train_2261401027,B
train_1574813540,B
train_710709799,B
train_797501907,A
train_70731646,B
train_2685077996,A
train_1783496192,B
train_1478340421,B
train_3825207617,B
train_699619998,B
train_185768457,A
train_3580014680,A
train_1259794269,A
train_2525512967,B
train_528219452,A
train_973648209,B
train_2007604371,A
train_70202267,B
train_2356287805,A
train_621704597,B
train_1307823171,B
train_1087747164,B
train_4144490020,B
train_4070019637,A
train_211686610,A
train_1097992391,A
train_2902588660,B
train_1616594570,B
train_2416067554,A
train_2653180778,B
train_99196156,B
train_3178715139,A
train_147379739,B
train_1422170664,A
train_955619098,B
train_3354033395,B
train_3550403577,A
train_1372676133,A
train_2525291046,A
train_1647381843,B
train_702154010,A
train_3151789779,B
train_2515066573,A
train_1451241310,B
train_330121189,A
train_3753747837,A
train_680466649,B
train_362302335,B
train_3660766569,B
train_2130385567,B
train_3709532605,A
train_812319374,A
train_4217521443,A
train_21800707,B
train_1414539910,A
train_2821328746,A
train_3882424526,A
train_1520763422,A
train_1932958779,B
train_1756821746,B
train_1475040929,A
train_2847940048,B
train_3576294258,B
train_2394081634,A
train_3918186796,A
train_2108070979,A
train_3421652926,A
train_2109064108,B
train_3404318740,A
train_989660708,A
train_3027423772,B
train_3052745886,A
train_1131479872,A
train_2024287467,B
train_1378218030,A
train_1592349311,B
train_1559543721,A
train_2585056633,A
train_489691448,A
train_401244684,A
train_3110690777,A
train_2532312733,B
train_422390188,B
train_3376891498,B
train_1460480284,A
train_3658212063,B
train_2209205848,A
train_2007119067,B
train_995686072,A
train_172802175,A
train_2959906366,A
train_3068718036,B
train_2596033311,B
train_2760981836,A
train_1116304223,A
train_2952536033,B
train_3612815702,A
train_791751795,B
train_953410009,A
train_98884917,A
train_563650917,A
train_189787237,A
train_179961211,A
train_4000280485,B
train_119541152,A
train_2598912115,A
train_3574057351,A
train_1195382316,B
train_644228956,A
train_3785039355,A
train_1334362576,A
train_4188627252,B
train_906697578,B
train_1163894694,A
train_293463146,B
train_2833245409,B
train_2446488568,B
train_1260667326,A
train_3405185591,A
train_134811928,A
train_2255802735,B
train_304770491,A
train_3030129206,B
train_1979989906,B
train_2589361419,B
train_2718084131,A
train_2826621003,B
train_623079160,B
train_2727970905,B
train_3546985144,B
train_589146555,B
train_2122284733,A
train_3414398031,A
train_569902990,A
train_2351081465,A
train_1219792407,B
train_3414285176,A
train_1788428051,A
train_2099658445,A
train_4017871553,B
train_2553461247,B
train_1709602257,B
train_2897145525,B
train_1392905157,B
train_441264806,A
train_2069323081,B
train_714636788,A
train_1919950255,B
train_2360186177,B
train_328859776,A
train_8661472,B
train_362942182,B
train_1940184172,B
train_2685397252,A
train_71511156,A
train_2601913533,A
train_2997540044,B
train_1099813451,B
train_2742134092,B
train_736415731,A
train_1062739910,B
train_2232408411,B
train_1078724073,A
train_1552461840,A
train_1068676888,A
train_4091449169,A
train_2708049684,B
train_1908049228,B
train_646720782,A
train_3728066237,A
train_1767083852,A
train_1734796888,B
train_229000892,A
train_4269204505,B
train_1434682905,A
train_2013806779,A
train_938947990,B
train_1374970932,B
train_3759478552,A
train_3629821058,B
train_3400541054,A
train_1847547236,B
train_4120272994,A
train_1598259684,B
train_4117853354,B
train_2426353263,A
train_2980402703,A
train_3987270330,B
train_2884575572,A
train_812803713,A
train_1835737071,A
train_2584338419,B
train_2554774440,B
train_1629071244,B
train_3885041661,B
train_2731013995,A
train_1689707531,B
train_333799052,B
train_460915158,A
train_2989513475,A
train_604973049,A
train_1607763504,A
train_3380724732,A
train_3067118885,A
train_1163295346,A
train_2057291100,B
train_2366031701,A
train_2275467687,B
train_2978655605,B
train_3747894294,B
train_1811729709,B
train_1040975959,B
train_3830384340,A
train_1747112126,B
train_3460109157,A
train_4152112601,A
train_512823255,B
train_3742569753,B
train_4270187918,A
train_595222550,A
train_3961117946,A
train_1452043445,A
train_2879164756,A
train_1104136780,A
train_3011816356,A
train_4048133262,A
train_3999738856,A
train_3396881816,B
train_3980670781,A
train_3781160337,A
train_3712550520,A
train_2202389457,A
train_1008375716,A
train_2863354788,A
train_419841635,A
train_1239105841,A
train_3525945539,A
train_3083931514,B
train_1248574177,B
train_1544517056,A
train_2068975294,A
train_2650229719,B
train_3357811163,A
train_1329630380,B
train_3925145158,A
train_4070413770,A
train_2374620957,B
train_1945473201,A
train_2830351413,B
train_1746592200,A
train_4133489224,B
train_2192511881,A
train_2836548437,A
train_3316597617,A
train_3353910703,B
train_3625839053,B
train_1063583274,A
train_1050822050,A
train_962986655,A
train_865656908,A
train_2337859400,A
train_4200515096,A
train_492825805,A
train_4247738812,B
train_3372306189,A
train_2047436110,A
train_1693361085,A
train_2358148756,B
train_2642111887,B
train_1174931869,B
train_1693157824,B
train_3854824918,A
train_158092055,A
train_3394167858,B
train_4028538739,B
train_735987942,A
train_3260959403,A
train_243501569,A
train_2124651970,B
train_1437076650,A
train_3801646209,B
train_1090208413,B
train_59612027,B
train_3205349916,B
train_455053906,A
train_13360731,B
train_1514489006,B
train_2398291386,B
train_2321055884,B
train_1000976599,B
train_322334707,B
train_603125329,B
train_1962506898,A
train_2074205316,B
train_1815963887,B
train_2155025420,B
train_2487966625,A
train_1682112965,A
train_2398123400,A
train_3063464967,A
train_1666163768,B
train_2512811171,B
train_2597566774,A
train_2409698504,A
train_2406314599,B
train_4027901160,A
train_1864441089,B
train_101835396,A
train_3425831806,A
train_2191456961,A
train_2901880479,A
train_2543735156,A
train_2311763337,A
train_979952849,B
train_1634132578,A
train_2026531245,A
train_493265472,A
train_2187448134,A
train_885666273,A
train_1759360687,A
train_3083096237,A
train_2354269215,B
train_2209892224,A
train_2920614049,B
train_2797669564,A
train_3330791558,A
train_259228423,A
train_4015737225,B
train_2024334879,A
train_588783670,B
train_3024516969,B
train_2322465974,B
train_1037216711,A
train_174385203,A
train_1205586120,B
train_43858483,A
train_2593211921,A
train_4224419548,B
train_260642745,A
train_726195683,B
train_3803549515,B
train_4246575566,B
train_1086707254,B
train_1988012800,A
train_3050153221,B
train_3114424060,B
train_4024818434,B
train_3261617386,A
train_2984720314,A
train_2017396649,B
train_589283887,A
train_3875880542,A
train_803661824,A
train_1651603525,B
train_3080311168,A
train_3963874452,B
train_3185005825,A
train_3437295268,A
train_3033567206,A
train_2390457053,A
train_1619444197,A
train_3284081826,A
train_3619974502,A
train_2055586540,A
train_564808196,A
train_2099429344,B
train_2583186327,A
train_104885722,A
train_4046000534,A
train_163760782,B
train_1368126278,A
train_1763478996,B
train_59789283,B
train_3537638610,B
train_4069428128,B
train_3676878111,B
train_140549457,B
train_1684472301,A
train_3644853854,A
train_3633958217,A
train_4076784419,A
train_1445733336,B
train_2568346873,B
train_3590031883,B
train_2365948569,B
train_1389850798,B
train_3776437086,A
train_2851441382,B
train_485219953,A
train_1966791736,A
train_2249939733,B
train_1097011287,B
train_3634481908,A
train_2034618598,A
train_2335757611,B
train_3164813132,B
train_1496035061,A
train_3654857974,B
train_3744203137,B
train_4169474828,B
train_1093433235,A
train_1566232216,A
train_248270409,A
train_1807756594,B
train_469794532,A
train_2314136144,B
train_1708397227,B
train_167978582,A
train_2595001469,B
train_4182910081,B
train_2005792583,A
train_215301090,A
train_1274012398,A
train_1628333119,A
train_3466756274,A
train_1639537994,A
train_4024306798,B
train_1246860385,B
train_1426058003,A
train_3796785980,B
train_222355490,A
train_3168232092,B
train_1658500448,A
train_3380965219,A
train_2475088382,A
train_756122932,A
train_2252301403,B
train_3837438349,B
train_2226269261,A
train_1526020135,B
train_3164748756,B
train_2139069394,B
train_776598540,A
train_1992679319,B
train_690190523,A
train_2298905720,B
train_496877372,A
train_1555135455,A
train_3003249466,B
train_2583658022,A
train_258034937,A
train_1982857988,B
train_2269868660,B
train_328539657,B
train_2203217971,B
train_3621483595,B
train_2096310118,B
train_3122164478,A
train_2065429935,A
train_2419111691,B
train_981486171,B
train_37366756,B
train_287905271,A
train_2984389170,B
train_3753603577,A
train_1188980157,A
train_261282232,B
train_2804316316,A
train_3929464671,A
train_3831516327,A
train_2940781680,B
train_900795972,B
train_548782513,A
train_3604463841,B
train_1973806864,A
train_3103365199,B
train_3794401293,A
train_546612253,B
train_3471900268,A
train_2045881322,B
train_13037096,A
train_4225922983,B
train_4207674897,A
train_1937001163,B
train_3385080340,A
train_2973291863,A
train_4260776868,A
train_3762002724,B
train_3256219015,B
train_933371660,A
train_2933680206,B
train_2851344233,A
train_1707281357,B
train_2096335458,A
train_2387398437,B
train_2315240310,A
train_2416452020,A
train_1137329612,A
train_3145079693,B
train_2411431673,A
train_342010894,A
train_1597545269,A
train_99880121,B
train_331127324,A
train_2319568806,B
train_3236789405,A
train_581111415,B
train_395732057,A
train_3489639599,B
train_3193849510,B
train_1631840955,A
train_1463274034,B
train_3750388440,A
train_2227717348,A
train_1874877324,A
train_1434255509,B
train_396036486,B
train_3829394802,B
train_2929121762,B
train_675405376,A
train_3224804343,B
train_3189128590,A
train_3741575657,B
train_28904344,A
train_2261508730,A
train_3651614305,A
train_1337569431,B
train_261999701,A
train_2981020128,A
train_3498922695,A
train_3341911345,B
train_2237957231,B
train_1486410344,B
train_830884721,B
train_621862145,B
train_3855585302,A
train_1119278754,A
train_3112970912,B
train_3614143168,A
train_480006902,A
train_3474847052,A
train_1401990065,A
train_818202932,A
train_748504357,A
train_2547528283,A
train_2689474962,B
train_1950639044,A
train_3247209446,A
train_1930813487,A
train_1213117778,A
train_291848503,B
train_3479812332,A
train_4263224699,B
train_681289713,A
train_2280916359,B
train_3185347590,B
train_1423079611,B
train_2091717035,B
train_1145933174,B
train_59243023,B
train_2004151340,B
train_3643616479,B
train_435998263,A
train_2660218308,B
train_4228802307,A
train_2615888969,B
train_348240575,B
train_1538689118,A
train_2394198590,A
train_2336648124,A
train_3828393494,B
train_2819644170,A
train_74611809,B
train_3064548120,A
train_35919463,B
train_603410791,A
train_2668012397,A
train_2720473227,B
train_2627311838,B
train_4253260589,B
train_2758762541,A
train_1705726877,B
train_2786865126,A
train_2689949880,A
train_2733576994,B
train_3657969043,A
train_4061302754,A
train_4278354844,B
train_1136147356,A
train_864445642,A
train_412561407,B
train_622762570,B
train_219713110,B
train_3983514696,A
train_2859150163,A
train_3967513670,A
train_1718800248,A
train_2108567123,B
train_837157045,B
train_2816201208,B
train_2855665016,B
train_855376765,B
train_2919450156,B
train_1407770700,B
train_1258434395,B
train_1914479454,B
train_3578385942,A
train_4029639435,B
train_3862154859,A
train_1369506345,A
train_1861409769,A
train_1274354654,A
train_4090677916,B
train_3600941224,B
train_3251455933,B
train_3632945155,B
train_3595686558,A
train_508249386,B
train_1121018736,B
train_593578998,B
train_2193627504,B
train_2028441650,A
train_3115217579,A
train_2628505961,B
train_1156535626,B
train_722983643,A
train_46854445,A
train_1269486079,B
train_113300865,B
train_1421317796,B
train_368733761,A
train_2857738011,A
train_1103195249,A
train_3691543566,B
train_2070416681,A
train_3281036138,A
train_3439436499,A
train_1373140230,A
train_669275047,B
train_2712782,B
train_583971919,B
train_2220525500,A
train_3252116947,A
train_1423698310,A
train_3347000761,B
train_3961861941,B
train_3711911761,B
train_3896983062,B
train_756883026,B
train_876622850,A
train_3050342388,A
train_2974564568,A
train_4118514224,B
train_1061078100,B
train_411825020,A
train_2653612205,A
train_4127716202,B
train_505981888,A
train_1387790693,A
train_3067211295,B
train_3386709900,B
train_1966362616,B
train_4214160226,B
train_1302658454,A
train_2673884846,A
train_4236612117,A
train_351250497,A
train_2485902957,A
train_1497515745,A
train_3669822508,B
train_900745873,B
train_2444608895,B
train_2403895833,B
train_1271922372,A
train_4151900908,A
train_1422480324,B
train_1086590993,A
train_1808865967,A
train_910440218,B
train_1643723816,A
train_3251720961,A
train_2063774631,B
train_1905777405,B
train_3552406826,A
train_3208685077,B
train_3796733877,B
train_3786847172,B
train_2183656041,A
train_3970346250,A
train_2455579816,B
train_615753519,B
train_3589878390,B
train_3509272399,A
train_824747324,A
train_3087795505,A
train_387745288,B
train_2993518446,A
train_3241967240,B
train_2071576088,A
train_997033770,A
train_613062590,B
train_2478821363,A
train_1447255347,B
train_3320120791,A
train_112132613,A
train_3307385969,A
train_917112940,A
train_58793206,B
train_1294823347,B
train_1322328268,A
train_548892835,A
train_1650461044,B
train_2361780935,A
train_2067165629,A
train_3973535453,A
train_3444582216,B
train_2343815028,A
train_2597086733,A
train_2957381372,A
train_400264382,A
train_1342068588,B
train_689777229,A
train_73914758,B
train_923725238,A
train_2636515079,B
train_737471793,B
train_1628467056,A
train_2333924615,B
train_86359751,A
train_1370386400,B
train_798983928,B
train_3978968621,A
train_4012114079,A
train_540466836,A
train_1757698001,A
train_2250132017,A
train_3377395713,B
train_3327371030,A
train_3367877516,B
train_2258675371,A
train_160255660,B
train_2947617779,B
train_1827788872,B
train_3436601736,B
train_1327765613,A
train_1037848339,A
train_1302199230,A
train_1563216992,B
train_3731105558,A
train_365836018,B
train_3100321393,A
train_2430052919,A
train_1038939729,A
train_3348833,B
train_2587163189,B
train_1054869751,B
train_1830134270,A
train_133698266,B
train_58575922,A
train_50783457,A
train_2847749136,B
train_1930164533,B
train_2646678282,A
train_2803141929,B
train_3520975815,A
train_2239947792,B
train_601331882,B
train_721815523,B
train_451861059,A
train_1960157797,B
train_3030619945,B
train_284618577,A
train_4057764808,A
train_4198974274,B
train_4097106732,A
train_245078424,A
train_3563363070,B
train_2511894482,A
train_2441876807,B
train_3542659250,B
train_2627157701,B
train_1018804505,B
train_1394952953,A
train_2960095626,B
train_447417261,A
train_2094148082,A
train_2830035620,B
train_1031370537,B
train_2751860431,B
train_2237534515,A
train_3375314883,A
train_2882126008,A
train_192965512,A
train_2134684574,A
train_2281549344,B
train_3867912775,A
train_1696141040,A
train_1863856540,A
train_3840249560,B
train_3345044489,B
train_1571616759,B
train_2245927247,B
train_829170257,A
train_2721387009,A
train_143005184,A
train_1911540662,B
train_1493464153,B
train_2773333154,B
train_3523169957,A
train_1677527866,A
train_3712399053,B
train_2672786546,A
train_3493323805,B
train_851517325,A
train_1822285085,A
train_1050251646,A
train_1590861887,A
train_1550579644,A
train_3860408474,B
train_385332599,B
train_146733663,B
train_1264418562,B
train_4272493704,A
train_616968648,B
train_913343891,A
train_4200009730,A
train_3855055492,A
train_2423449671,A
train_2541556588,A
train_4151325177,A
train_1978248604,B
train_1690891116,A
train_1507026472,A
train_2974807196,B
train_3444168082,B
train_3831685952,A
train_3197440169,B
train_819554592,B
train_1641842576,A
train_1775737672,B
train_2114068626,B
train_3649821787,A
train_3645662472,A
train_726830311,A
train_3394543298,A
train_4224661043,B
train_3454709670,A
train_3711182408,A
train_481167217,B
train_3101964182,A
train_4044128099,B
train_3356810580,B
train_861006245,A
train_724078436,B
train_88650170,A
train_144608599,A
train_4281199883,B
train_2275283966,A
train_1353138514,B
train_2351832384,B
train_1133017303,A
train_149715759,A
train_1632468843,A
train_3674716256,A
train_3576309001,B
train_2239040790,B
train_977746614,B
train_2265914078,B
train_1309911828,B
train_4215301425,A
train_3180972417,A
train_2350948987,A
train_3772206100,B
train_1527279640,A
train_2850072716,B
train_1946142160,A
train_1310160910,B
train_856535198,B
train_3528908124,B
train_2410278509,A
train_495431945,B
train_2689528304,B
train_3868597876,A
train_1955080066,B
train_3254066288,A
train_1015892199,A
train_3936231060,A
train_1228519030,B
train_1299716963,A
train_1694691821,B
train_3486099059,A
train_1880228735,A
train_3266025681,A
train_422403842,A
train_2548010081,A
train_528855712,A
train_4011329257,B
train_3816399867,B
train_3949833931,A
train_3516111094,A
train_3194062753,A
train_2066505398,B
train_4139886661,A
train_824003195,B
train_1941027655,A
train_3469363133,A
train_4131963285,A
train_1080657109,B
train_1338049855,B
train_3348617775,B
train_3794420131,B
train_2272691306,A
train_3690749593,B
train_1627017490,B
train_467885365,B
train_87878467,A
train_1340997345,B
train_3720826850,B
train_2732780297,A
train_378911549,A
train_3392119229,A
train_4104358720,B
train_2500135868,A
train_651046929,A
train_1313853216,A
train_2662170101,B
train_3200773045,B
train_1013298657,A
train_908601534,B
train_4083404754,A
train_188566971,A
train_3081960149,A
train_3479278753,B
train_2331476955,B
train_2022364083,B
train_287227498,B
train_1763878972,A
train_3978600303,A
train_248255750,B
train_1978788098,B
train_4260793075,A
train_2107235762,B
train_3955366992,A
train_2130895590,B
train_1367754567,B
train_3031035861,B
train_1942352205,A
train_2067597102,A
train_139116193,A
train_4102924465,B
train_2026192478,B
train_4208690335,A
train_1958655744,A
train_180115806,B
train_1888762509,B
train_1093225336,B
train_2334887457,A
train_3831367780,A
train_2096461684,A
train_2025061578,A
train_1262089227,A
train_3540646391,A
train_2558654474,B
train_1492916855,B
train_955208060,A
train_2925029700,A
train_4046492938,A
train_896060716,B
train_1630871481,B
train_1452251753,B
train_2360118667,A
train_2795210000,A
train_4101887958,B
train_4245217679,A
train_1502361856,B
train_2823877112,B
train_4096945778,B
train_1403903330,B
train_3025571730,B
train_224225845,B
train_1733098909,A
train_1284910740,B
train_1535617571,B
train_3924743504,A
train_2138932822,B
train_1286352929,B
train_1178035678,A
train_3990205042,A
train_3364925607,B
train_4177033089,B
train_2459222709,B
train_1446899173,B
train_2783619727,A
train_753745143,B
train_14536913,A
train_3295260741,A
train_3817368761,B
train_1193741508,B
train_1671049800,A
train_2879230536,A
train_3671554064,A
train_2765752832,A
train_3421753310,B
train_1460023817,A
train_2770690455,A
train_3734911025,A
train_1456805917,B
train_676834316,A
train_3956300020,A
train_3985201003,A
train_104257458,A
train_3455234284,B
train_4090578972,A
train_2670423013,A
train_1151308005,A
train_3758318554,A
train_3262930602,B
train_2401473463,A
train_2643682225,A
train_3875029595,A
train_3628804299,A
train_2689709297,B
train_849279305,B
train_450344196,A
train_3013187166,B
train_3203850600,B
train_366512835,A
train_824583766,B
train_3902670866,A
train_865283130,B
train_1927506862,A
train_936401386,A
train_2465159159,B
train_875353760,A
train_441772249,B
train_459442151,A
train_994699817,A
train_2854292546,A
train_2576171565,A
train_2641276510,B
train_766223261,A
train_2299461686,A
train_3599816851,A
train_1374761322,B
train_1695564998,A
train_764289860,A
train_2704088184,A
train_4167845796,A
train_2522709456,B
train_2196833025,B
train_3291615198,A
train_4202230454,B
train_2045546535,A
train_3521351457,A
train_312504169,B
train_2037566024,A
train_1006841019,B
train_1930536030,A
train_1762475029,A
train_496955003,B
train_4271201747,B
train_1732852484,A
train_509649581,B
train_1385844793,B
train_2082934113,B
train_3339120615,A
train_795043729,B
train_2934788510,B
train_1078296203,A
train_1692299410,A
train_2414638476,B
train_2873403411,B
train_3137274788,B
train_1044913806,A
train_858160727,B
train_3951973237,B
train_4245811561,B
train_2433410497,A
train_3989128491,A
train_2911173870,A
train_3678466805,A
train_2298393687,A
train_1228346137,B
train_1570859142,A
train_4192567666,A
train_3297252603,A
train_159270989,A
train_4231194613,A
train_1320100724,B
train_3948399148,B
train_371537752,A
train_3204752313,A
train_3004920063,B
train_789538936,A
train_3947184090,B
train_3947191369,A
train_1478586683,A
train_2341091475,A
train_2437103672,B
train_2626599651,B
train_997226780,A
train_1245898878,A
train_3746605641,A
train_2697659550,B
train_4010107660,A
train_3463990371,B
train_3298410484,A
train_3253039656,A
train_1902708223,A
train_24061770,A
train_3036854994,A
train_799735156,A
train_2029644866,A
train_1102754075,B
train_1007086803,A
train_4047125744,B
train_1133154105,B
train_1426749974,B
train_748532249,A
train_2907064408,B
train_3299704559,B
train_2173012056,A
train_4227945312,A
train_3704669509,B
train_1308883890,A
train_1855500925,A
train_1157968285,B
train_396415946,A
train_1960271422,B
train_735549524,A
train_2390233315,A
train_4051806674,A
train_2374242484,A
train_3339631737,A
train_2767153006,A
train_3196345349,A
train_25936391,B
train_3766449601,B
train_3329918590,A
train_3493353794,B
train_2205039221,A
train_4279331071,A
train_1290207212,A
train_39931131,A
train_2917744516,A
train_4073850147,B
train_2857803591,A
train_4054725154,B
train_2303383313,B
train_2634709849,A
train_853548529,B
train_3057940032,A
train_2322419409,B
train_2776672359,B
train_3587513406,B
train_1621436703,B
train_4094665188,B
train_3398839446,B
train_3262876282,A
train_2085819945,A
train_1638717398,A
train_2274321904,B
train_3438058536,A
train_1621124554,A
train_2675193098,B
train_463544835,A
train_1669297056,B
train_844525931,B
train_4059954204,A
train_3009952033,A
train_2602846244,A
train_2314729060,B
train_2869935713,A
train_4007335750,A
train_225670337,A
train_949854060,B
train_1835164386,A
train_4032499320,B
train_3340196116,A
train_2938409868,B
train_397270443,B
train_3177728906,A
train_2989960099,B
train_1929623650,A
train_105944126,A
train_3654418168,A
train_1844331364,A
train_535998043,A
train_4104875009,A
train_2825451235,A
train_3756875414,B
train_3256916403,A
train_2235393657,A
train_1338919818,A
train_1664864429,A
train_122952880,A
train_4189824924,A
train_1171697314,B
train_3254942693,B
train_2333809615,A
train_613915792,B
train_1713565973,B
train_323581086,B
train_167087612,A
train_2316470251,A
train_2185497586,B
train_204736179,A
train_3636065884,B
train_2394996808,A
train_780776265,B
train_219390163,A
train_760357752,B
train_2418981964,B
train_421340823,B
train_3864297419,A
train_392583025,B
train_1281970066,A
train_1000990874,A
train_2859297863,A
train_175932595,B
train_2686468831,B
train_3538863894,A
train_3341577644,B
train_439898586,A
train_18068992,A
train_95518890,B
train_1999987336,B
train_2735531899,A
train_608964432,A
train_4252955239,B
train_1011608429,B
train_2020283112,A
train_1880067620,A
train_1248586376,A
train_2236108728,A
train_3462590030,B
train_3460896619,A
train_1919656847,B
train_369437440,B
train_3436262848,A
train_3330036416,A
train_1216787260,A
train_481451172,A
train_3624355999,B
train_4228410476,B
train_3093557022,B
train_1224272246,A
train_126890495,A
train_1950155990,A
train_3705629920,A
train_1640519227,A
train_1123855463,A
train_509297860,B
train_2683750575,A
train_2458177134,B
train_2068622451,A
train_3175914849,A
train_1210290340,A
train_2385336321,B
train_2648862863,A
train_2354403012,B
train_1302902041,B
train_3772351973,B
train_539770983,A
train_1610080494,A
train_460440832,B
train_473252160,B
train_3699239950,A
train_31658947,B
train_1857292141,B
train_4202553113,B
train_4045439239,B
train_1848512783,B
train_4073529375,B
train_3593794428,A
train_1911750895,B
train_3375267005,A
train_1808429855,A
train_2942366902,A
train_2492609852,B
train_640369413,B
train_159316800,A
train_2641993790,B
train_2211997221,B
train_416747117,B
train_308781231,A
train_730081372,B
train_1220427122,B
train_2194502287,A
train_4169282500,B
train_293636,B
train_1016053574,A
train_377786705,B
train_3406541275,A
train_4011040129,A
train_1213162986,A
train_2677095328,A
train_2621597563,A
train_3506528946,B
train_1996793313,B
train_4257492387,B
train_953530031,A
train_2454463734,A
train_4147165983,A
train_386426969,B
train_2691028495,B
train_358395241,B
train_4161481799,B
train_2144063103,A
train_3146055730,B
train_456552983,B
train_34533756,B
train_2347196,B
train_2732478172,B
train_1115042899,B
train_888879443,A
train_1306633097,B
train_1877872903,B
train_754867040,A
train_1228289370,B
train_1880630623,B
train_3061729109,A
train_3680859397,A
train_1725985122,B
train_774767018,B
train_1031915409,A
train_1027285265,A
train_2165311249,B
train_1575813596,B
train_1037123790,B
train_1910955374,B
train_46563631,B
train_2758332662,B
train_1707086899,A
train_3109066173,A
train_2206699454,B
train_212211175,B
train_465269280,A
train_2203875691,B
train_323653914,A
train_3972276902,A
train_1426126560,B
train_1486087615,B
train_2947530151,A
train_2213535410,B
train_1873357709,B
train_3655671912,A
train_3799651341,A
train_1852990179,B
train_2144273770,B
train_3165666556,A
train_3986138123,A
train_2616596847,B
train_2490728331,B
train_3151391365,B
train_3531871767,B
train_1214112947,A
train_1646304036,A
train_1305500108,B
train_3202174233,A
train_1127847506,B
train_82243744,B
train_4053992802,A
train_1543676581,A
train_3238048306,B
train_3077371628,A
train_3484464846,A
train_1117036095,B
train_244675321,A
train_948070416,A
train_1905044128,A
train_1779422305,A
train_3934948246,B
train_2707324821,B
train_3765710217,B
train_284577308,B
train_1839693367,A
train_4008670395,A
train_882959318,B
train_2928591493,A
train_2847070030,B
train_1715781649,B
train_1322057834,B
train_1352228545,A
train_432767801,B
train_4169864668,A
train_873875716,B
train_1256372900,A
train_2955857944,B
train_2600115190,A
train_1937485092,A
train_439781287,B
train_3413288656,B
train_3890361254,A
train_908403435,A
train_1570906270,A
train_3163491634,A
train_2075628359,B
train_3968195260,B
train_1917381233,A
train_2031303489,B
train_2143486404,B
train_1238500437,B
train_1612045742,B
train_908352585,B
train_1401041918,A
train_1414984068,A
train_4241991623,B
train_4236992814,B
train_855515180,B
train_1751160910,B
train_2910460736,B
train_2022526847,B
train_3917752823,A
train_4261256623,A
train_626068874,B
train_3798711468,B
train_2512228881,B
train_883055286,B
train_2192273266,B
train_3247100597,A
train_783505852,B
train_3719284857,B
train_3454071238,A
train_3977732856,A
train_1371641765,B
train_1161088397,B
train_1434321373,A
train_3764031286,B
train_2768108051,B
train_757676033,B
train_433384584,B
train_3249890674,A
train_2304779029,A
train_2293850858,B
train_3864002112,A
train_2655044356,A
train_2397162101,A
train_912714017,A
train_2356948291,B
train_1774157340,A
train_866629367,B
train_255269652,B
train_1633389993,A
train_927017583,B
train_2398870081,B
train_3480573800,B
train_4216948551,B
train_1802298124,A
train_1476075193,B
train_2830708677,B
train_4231716969,B
train_2246803404,B
train_2315648915,A
train_2016302440,A
train_382285391,A
train_802255923,A
train_2486599982,A
train_3061369935,B
train_1466089584,A
train_1562871987,A
train_773039694,A
train_2769326209,A
train_332656166,B
train_876038770,B
train_3633209016,B
train_670356830,A
train_3152715859,B
train_2413761539,A
train_422235145,A
train_1137727672,A
train_2210780250,A
train_2247062889,B
train_1469137993,B
train_602025993,B
train_2989309127,A
train_1211972030,A
train_2618141153,A
train_2216775312,A
train_2919628988,A
train_3503742344,A
train_1435893644,A
train_2434746733,A
train_2521590570,B
train_1232888361,A
train_4108798940,B
train_1304542853,B
train_1093259244,A
train_3495791572,A
train_858821396,A
train_1770782023,B
train_3356994714,A
train_1257860079,A
train_2470711154,A
train_3619467608,B
train_2888418437,B
train_2778413397,B
train_4120127945,A
train_128570940,B
train_1446846819,B
train_3471699741,B
train_174234095,A
train_4232094647,A
train_3141752479,B
train_482159641,A
train_666750620,B
train_1299447054,B
train_125296342,A
train_1901726205,A
train_274942389,B
train_968763889,A
train_1484642766,A
train_2161255560,B
train_1824084489,B
train_241814290,A
train_1889347339,A
train_45127304,B
train_672428061,B
train_2114859772,A
train_2992694009,B
train_4272362128,A
train_2630483410,A
train_1293678016,A
train_1223571606,A
train_725386943,B
train_1669272770,A
train_1600826528,A
train_3664799659,B
train_2488175282,B
train_1110676511,B
train_2770295929,B
train_362709640,A
train_3471910496,B
train_3256580431,A
train_130859903,B
train_3322414730,B
train_840904371,A
train_1450257251,B
train_440697743,B
train_3026017687,B
train_2140334718,B
train_1967517038,A
train_3868039537,B
train_3745676251,B
train_3400159991,A
train_2668329532,B
train_4275290551,B
train_3265561026,B
train_3132943941,A
train_3110736394,A
train_162550196,B
train_943245845,B
train_3766019560,B
train_2319613215,A
train_2255572330,B
train_1312282384,B
train_2213631280,A
train_961089600,A
train_1688459519,B
train_343356992,A
train_3093099595,A
train_1279297344,A
train_1949346618,A
train_3269870940,B
train_3452367095,A
train_4033531623,A
train_2402670936,B
train_2404729236,B
train_1204218860,B
train_565927629,A
train_4167256190,B
train_4012194874,A
train_1286099646,A
train_1550933509,A
train_581487092,A
train_1806160391,A
train_4187161045,A
train_1861401229,B
train_2689602544,B
train_890109987,A
train_4258198325,A
train_498202,A
train_453074340,A
train_2130416560,A
train_1053151973,A
train_2168033097,A
train_3053844301,A
train_776624905,B
train_3867837792,B
train_1564873997,A
train_495524068,A
train_1533525248,A
train_2578022337,B
train_683001143,A
train_3486835866,A
train_1180393524,A
train_4258376384,A
train_1601385496,B
train_383509837,A
train_900165309,B
train_19369476,B
train_2081169356,B
train_3531656367,B
train_1702203475,A
train_3528863774,A
train_3053146030,A
train_4154493288,A
train_152454993,B
train_1028681311,B
train_2780453609,B
train_2274756071,A
train_164388006,A
train_2121471003,B
train_3171995249,B
train_602163917,B
train_4230104576,B
train_311802152,B
train_4246139076,B
train_1651153800,B
train_2465246145,B
train_1142799664,A
train_3189116570,B
train_3594709253,B
train_3554003572,B
train_3549890756,B
train_3561981310,B
train_2276005704,B
train_744971306,A
train_4266189228,A
train_1675525545,A
train_3437930510,A
train_1291387542,B
train_2943406235,A
train_4056694145,A
train_334111278,A
train_395850057,B
train_2996336009,B
train_3205825479,B
train_3941272342,A
train_199334027,A
train_2492208652,A
train_2549632547,A
train_2470713559,B
train_1099274487,B
train_4000238250,B
train_3680092284,A
train_4033511584,B
train_4103000866,B
train_3140713920,B
train_4236299904,B
train_2493487339,A
train_2591221289,A
train_723038943,A
train_2506061985,A
train_1017701847,A
train_530264297,B
train_318016570,B
train_630279165,A
train_2580259636,B
train_3573567721,A
train_1772580477,A
train_2356282648,B
train_1884876264,B
train_106452932,A
train_79098564,B
train_1010648015,B
train_3737888301,B
train_4215954689,A
train_2408473842,A
train_422424269,A
train_3016785305,A
train_2796492418,B
train_2234225325,A
train_663543033,B
train_229850019,B
train_850164408,B
train_577251435,A
train_2502630211,B
train_3103824268,B
train_583015798,B
train_1373339376,A
train_1251852539,B
train_2388659557,B
train_3994656497,A
train_728922937,A
train_2504884169,A
train_4285399628,A
train_3739960125,B
train_104393727,B
train_3649932521,B
train_1352358231,A
train_3317546219,A
train_1285036559,A
train_2763369083,B
train_2173795462,B
train_2311620397,B
train_2832731411,A
train_2266921847,B
train_3569100320,A
train_4208683723,B
train_4194102281,A
train_4066363357,B
train_4037173080,A
train_1211058039,B
train_3729576354,B
train_1264816205,A
train_3214199729,B
train_3242289683,A
train_3263050442,B
train_1608905471,A
train_4228394397,A
train_2042899898,B
train_1985214769,A
train_3768360655,B
train_1573165370,B
train_3196543988,A
train_2955504622,B
train_1987263521,A
train_859155235,B
train_1036381886,A
train_3415444169,A
train_315437860,B
train_319580574,B
train_3437781157,B
train_1561062123,A
train_4274216762,A
train_996743433,B
train_482775296,B
train_826470294,B
train_1780204066,B
train_436886503,A
train_3885387557,A
train_2187815755,A
train_475962651,B
train_2122698680,A
train_1124668549,A
train_2892231661,A
train_3426941277,A
train_3904448127,B
train_2402166482,A
train_161015409,B
train_4024634890,A
train_3863897626,A
train_823638056,B
train_3857674512,A
train_3205674620,A
train_1703698221,B
train_4082710040,B
train_3400014080,A
train_3879752716,A
train_4056111810,B
train_4197829472,A
train_86240045,A
train_1357094486,B
train_3423235809,B
train_1693047307,A
train_2747792400,B
train_1397879517,B
train_1980120241,A
train_2564434100,B
train_603079494,B
train_1487153303,A
train_368724492,B
train_880524747,A
train_2331956400,B
train_4177174477,A
train_691673725,A
train_924802991,B
train_2990439002,A
train_2902608324,A
train_3057172622,B
train_1875390637,B
train_305327975,B
train_3072097693,B
train_1684753027,A
train_1176902721,B
train_1001956451,A
train_2459400803,A
train_1901644975,A
train_3459133705,A
train_27572996,A
train_2659050939,A
train_4120428944,A
train_2095062361,B
train_3182818206,B
train_1960312405,A
train_3152935076,B
train_1839158027,A
train_2103982279,B
train_961080469,A
train_3331968255,A
train_278590815,A
train_3256377940,A
train_1502995482,A
train_2107071260,B
train_1713159801,A
train_4097958204,B
train_189575337,A
train_3594365232,A
train_3617139557,B
train_2909113620,B
train_4280636726,A
train_1944231146,B
train_2041386694,B
train_1644909505,B
train_627328419,A
train_991165314,B
train_234789336,B
train_192856735,A
train_2658127279,A
train_11048355,A
train_1518814498,B
train_1854405283,B
train_364150680,A
train_954753036,B
train_352669375,A
train_867040586,A
train_1084262248,A
train_2380070167,B
train_2384567129,B
train_715140237,B
train_710659157,A
train_351890215,B
train_2166321815,B
train_2425827356,A
train_2236201598,B
train_3513772229,B
train_235276766,A
train_4172358964,B
train_4019835600,A
train_1123555617,A
train_208861279,A
train_3602971377,A
train_3870915915,B
train_3398855813,B
train_2119609874,A
train_1658175990,B
train_44966147,A
train_3821641212,A
train_4096129091,A
train_3497954883,A
train_1863372344,B
train_2513892071,A
train_2868791316,A
train_1507430363,B
train_2911917961,A
train_244825528,A
train_106191713,A
train_1402756026,A
train_2166949404,B
train_343332249,B
train_2879687914,B
train_1562967451,B
train_913703175,A
train_1248706224,B
train_3395561056,A
train_3719211157,A
train_3716840940,B
train_246281736,A
train_3171456042,A
train_4183032577,A
train_864792100,B
train_2589306928,A
train_4116214512,B
train_3091874860,A
train_1419649024,A
train_381717660,A
train_3707695087,A
train_2829058030,A
train_4119621502,B
train_518127918,A
train_577960751,A
train_2244147780,B
train_1677817183,A
train_159497243,B
train_460355753,A
train_196889649,A
train_2178173143,A
train_3810904782,A
train_2639094676,A
train_3196723803,A
train_45411067,B
train_3443399635,A
train_3507098486,A
train_1832580649,A
train_1580750435,B
train_3585624029,A
train_1664607040,A
train_891764936,B
train_2413455542,B
train_2064403361,A
train_1021752817,A
train_3787088902,A
train_2386417503,A
train_4227924186,B
train_3015989011,B
train_906286903,A
train_2256302282,A
train_1889784744,A
train_4121792949,A
train_1940924506,B
train_3515199340,A
train_2012959537,B
train_239759178,A
train_954646688,A
train_3487023166,B
train_2701125080,A
train_1410722073,A
train_2197178209,B
train_4206035960,B
train_3199340661,A
train_1188715677,A
train_2379432299,A
train_302782407,B
train_3649342435,A
train_1880292915,A
train_1746812178,B
train_3994313243,A
train_2697736556,A
train_1985873476,B
train_2287311257,B
train_2800412388,B
train_2254581171,A
train_598260672,B
train_732582216,A
train_3652054905,A
train_1285515091,B
train_1553061748,A
train_3033008113,B
train_3381192198,A
train_703535546,B
train_1466580909,B
train_871824210,A
train_644041448,B
train_856069763,B
train_3340107931,A
train_1806843969,B
train_2299415089,A
train_2601681033,A
train_797746673,A
train_1685158865,B
train_2405462656,B
train_1100229010,A
train_2908125835,B
train_3140825259,B
train_1126946606,A
train_418609226,A
train_403656983,B
train_2200993550,A
train_4204277749,A
train_677961574,A
train_3322284705,B
train_444788391,B
train_279114516,B
train_1695381198,A
train_2430299750,B
train_3716226540,B
train_580110653,A
train_2870807441,A
train_32476901,A
train_2131478664,B
train_3932839686,B
train_3398834376,A
train_3586908585,A
train_2847310247,A
train_2748806169,A
train_3227689290,A
train_2230152472,A
train_1870068113,A
train_1002719441,A
train_32871548,A
train_3975842837,B
train_2092353204,B
train_3355832936,A
train_3472325990,B
train_1173067537,A
train_2502834656,A
train_2952376547,A
train_3042594463,B
train_510683765,A
train_4145091985,A
train_1632311532,A
train_3575257305,A
train_4111091628,A
train_1086014309,A
train_3542791602,B
train_3058709984,A
train_1121610752,A
train_1375803825,A
train_897619948,A
train_2827557533,B
train_221526534,A
train_4234900252,A
train_944560013,B
train_3595779321,A
train_3262765635,A
train_4078853550,B
train_2583830619,A
train_3823987309,B
train_538324204,B
train_1579287993,A
train_2883898861,B
train_1894290530,B
train_544142180,A
train_1524320824,A
train_576455692,B
train_3444431882,B
train_4026457407,B
train_3360727978,A
train_842793501,B
train_2201353608,B
train_2625342929,B
train_3414954481,B
train_2789795007,B
train_1947694660,A
train_1151471897,B
train_2064935331,A
train_3980820034,A
train_3356243986,B
train_3314800920,B
train_2759687023,A
train_1654307967,A
train_309080852,B
train_620527852,A
train_3247519565,B
train_1101437039,A
train_4292762509,B
train_3566173248,B
train_2908352005,A
train_2005531157,B
train_1473387513,B
train_4243366672,A
train_3106969568,B
train_1459554137,B
train_2593122571,B
train_434043702,A
train_1314539340,B
train_3550043417,A
train_2836064484,A
train_220265128,A
train_3619156994,A
train_287206353,B
train_3177850101,A
train_3954003449,A
train_1702375156,B
train_1422277808,B
train_2524528098,A
train_3854080843,B
train_59648443,A
train_2417273679,A
train_1506381466,A
train_569726705,A
train_3881883226,B
train_3100720541,A
train_1593567052,A
train_861693257,A
train_977421437,B
train_2650430247,B
train_3503923825,A
train_1768004049,A
train_346654324,B
train_3427610393,A
train_1716061228,B
train_3439069396,B
train_83305737,B
train_2486208513,B
train_3387323177,A
train_1215926489,A
train_983145552,A
train_2005004829,B
train_1600488857,A
train_3677747298,A
train_2274431635,A
train_2817302761,B
train_1687539678,B
train_857912615,A
train_2064432794,B
train_824255811,B
train_1315934554,B
train_3945800827,A
train_736321243,A
train_4179177592,A
train_1240615019,A
train_3614602981,A
train_542136215,A
train_814931387,A
train_1846881032,A
train_1801132208,B
train_86688747,B
train_2462760595,A
train_3267536062,B
train_2839427653,A
train_322812745,B
train_3858729622,A
train_4126282620,B
train_825448332,B
train_1491700217,B
train_4193354423,B
train_2029914782,B
train_2638290284,B
train_3443098916,A
train_1242180001,B
train_3155956884,B
train_3733263365,B
train_2354925542,A
train_2101073012,A
train_671806794,A
train_2971294916,B
train_2281491732,A
train_933597029,B
train_226218456,A
train_985085866,B
train_2382203087,B
train_3444022543,B
train_893448642,B
train_3557376851,B
train_3175366694,B
train_1810864192,A
train_2238660989,B
train_2875934035,A
train_2336150288,A
train_2765131462,B
train_861835875,B
train_1149325426,A
train_3447220633,B
train_3196208522,A
train_523238856,B
train_3017064859,A
train_1443121861,B
train_1087453672,A
train_1999591485,A
train_1920055473,B
train_210036817,B
train_29497578,B
train_308392837,B
train_3059839997,B
train_2789820394,A
train_3288464416,A
train_498801116,A
train_3984710869,A
train_1273268061,A
train_1870662377,A
train_2915626659,A
train_2554571749,B
train_1785829508,B
train_1810990624,B
train_3773598871,B
train_3549358439,B
train_2535905444,B
train_1820685084,B
train_3960603714,A
train_3821918251,B
train_2860247764,B
train_3510917760,A
train_3792097563,A
train_3314986507,B
train_2203300016,B
train_2002067690,A
train_3466096470,B
train_806284314,B
train_1474942581,A
train_3344627742,B
train_3837025314,A
train_280888942,B
train_1578471936,B
train_787211093,B
train_4032484425,B
train_3305223507,A
train_3863413306,B
train_425351053,B
train_2862395335,B
train_4011331955,A
train_2225375700,A
train_3593127930,A
train_3785750215,B
train_3817160304,B
train_1036954450,A
train_3523809077,A
train_3631729014,A
train_1954475089,A
train_2976593981,B
train_2676568391,B
train_2968048298,A
train_2135037677,A
train_4275518990,A
train_1130037637,A
train_476112712,B
train_2808016470,B
train_2933345057,B
train_477968867,A
train_1957130737,A
train_2153303565,B
train_2043535264,B
train_1544028900,B
train_2496231615,A
train_1120385392,B
train_1165747591,B
train_1515946740,A
train_3175599073,B
train_3412304779,A
train_1746715217,A
train_3844933051,A
train_570835170,B
train_784255673,A
train_4267177968,B
train_4240208439,B
train_2498300229,B
train_3495527269,A
train_3540176877,A
train_2985078824,A
train_1059520027,A
train_3336911992,A
train_2839570372,A
train_1364191424,A
train_489884886,A
train_4094897292,B
train_3743161156,A
train_1523949271,B
train_4024518117,B
train_716177017,A
train_3283723219,B
train_2844710931,B
train_4207163556,B
train_3793072161,A
train_3143265870,A
train_3310166485,B
train_3489881088,A
train_1445476583,B
train_3085166001,B
train_2457943078,B
train_3467832853,A
train_2187307179,A
train_3289126424,B
train_310838593,B
train_3100661468,A
train_334239549,A
train_456386496,A
train_2437527822,A
train_2130723769,B
train_2356744875,A
train_784674854,B
train_2343807684,B
train_1087612928,B
train_4044590007,B
train_2774413133,A
train_3582317998,B
train_3962234848,A
train_2497842445,A
train_62260000,B
train_1872132821,B
train_1549082987,A
train_2268521278,A
train_1434134137,A
train_901288632,B
train_3964520326,A
train_2622139241,A
train_1935153677,A
train_3173439223,A
train_3343934633,B
train_1497731060,A
train_420249086,A
train_591549350,B
train_523789483,A
train_207169629,A
train_3411347209,B
train_2065132675,A
train_665875729,A
train_2639391249,B
train_3944799082,B
train_825656075,B
train_58556243,A
train_565011531,B
train_1951462726,A
train_3406549598,A
train_4118014707,B
train_971416781,B
train_2342803549,B
train_2053790654,A
train_2927601695,B
train_2830275235,A
train_4211797822,A
train_1100951933,A
train_2617284077,B
train_1677737815,A
train_881044689,B
train_473444031,B
train_3542363901,A
train_2219913961,B
train_2107149059,A
train_1275325095,A
train_1461670740,A
train_1384392086,A
train_1531105592,A
train_1026809962,B
train_309781198,B
train_3858769814,A
train_1680689848,B
train_1865475206,A
train_1508740407,B
train_1704869412,B
train_3984051391,B
train_2645663486,A
train_2883804736,A
train_485226428,A
train_3595115405,B
train_2858380301,A
train_1256453047,A
train_1606675663,B
train_527188780,A
train_2766968267,A
train_2738024639,A
train_3424930327,B
train_3845121440,A
train_2854299399,A
train_3667754575,A
train_3580268622,B
train_982236973,B
train_1258183777,B
train_3964233128,B
train_1291743464,B
train_1881029728,B
train_601495002,A
train_3902083107,A
train_1798256820,B
train_1408006176,B
train_4016582588,B
train_3080672068,B
train_1678312214,A
train_346697073,A
train_150843145,B
train_4039065603,A
train_3662625177,A
train_3263743430,A
train_3248861891,A
train_2404963959,A
train_1202578340,B
train_1930599078,B
train_4248767492,A
train_2898916720,B
train_1208917867,A
train_2288694427,B
train_4231509941,B
train_36277123,A
train_1584506046,A
train_4089756195,A
train_2980795248,A
train_2564536462,A
train_3011232121,B
train_3838813974,B
train_684650454,A
train_1055597351,A
train_2886681369,B
train_150164271,B
train_4088128002,A
train_639709161,A
train_38309879,B
train_1926081797,A
train_1606743060,A
train_539450509,A
train_1211250796,B
train_2698824587,B
train_1691679814,A
train_2994234361,A
train_2432860747,B
train_1905063016,A
train_3136083164,B
train_1000697977,A
train_3904039266,A
train_1909100939,A
train_2240898099,A
train_2326597771,A
train_1357227867,B
train_1705721973,B
train_2544691918,B
train_1211425121,B
train_2256570721,A
train_3798121724,B
train_1038088836,B
train_2344058764,A
train_1848823309,B
train_1232739735,B
train_766114795,A
train_1488764797,B
train_669755276,B
train_1698846674,A
train_2550227771,B
train_1526015275,A
train_4291270729,B
train_3080144562,B
train_742884071,B
train_1762262592,A
train_3064158781,A
train_2622349277,B
train_81939726,B
train_1604118549,A
train_1792487968,A
train_1044443383,A
train_2836716709,A
train_3243368362,B
train_3654279950,A
train_2011167048,B
train_1565603658,A
train_3563495442,A
train_3900072982,B
train_423345795,B
train_857491600,A
train_3275594101,A
train_2140401045,A
train_1608278450,B
train_3074024323,B
train_184218120,A
train_1281622527,A
train_3856703738,A
train_107542464,A
train_1435866189,B
train_2011620963,B
train_160089901,B
train_788796118,A
train_2655890802,A
train_4087384926,B
train_3040946603,A
train_3584948328,B
train_3591837251,A
train_1406146131,A
train_3373940447,A
train_632200452,B
train_3248651458,B
train_2786646631,B
train_2350778160,A
train_2938125887,B
train_2569303563,A
train_4269114602,B
train_834892444,A
train_2025387889,B
train_464408383,A
train_1996821200,A
train_2070683128,B
train_1038254590,B
train_3725996602,B
train_690092593,B
train_269204631,B
train_1724922769,B
train_4294232503,B
train_2098901769,A
train_2139641946,A
train_1914688126,A
train_632419906,A
train_345203243,B
train_1826969961,A
train_728890928,B
train_2685842307,B
train_190553578,A
train_2760452222,A
train_3151717370,A
train_4234758483,B
train_485578372,B
train_2265565003,A
train_3180833772,A
train_3174657706,B
train_3405876607,B
train_1719664856,B
train_3420379444,A
train_2472780488,A
train_1735051147,A
train_4277543962,A
train_1620872858,A
train_2264169038,A
train_1030012333,A
train_855486947,B
train_3759269011,B
train_1465987636,A
train_1991601479,B
train_2720712078,A
train_224876796,B
train_236515281,A
train_2000516070,B
train_463489902,B
train_1062300941,B
train_4165097365,B
train_3073905495,B
train_2443517246,B
train_801643191,B
train_2036809859,B
train_1369435429,A
train_1379374866,A
train_1155855695,B
train_1978004130,A
train_1103751514,B
train_3974700460,B
train_2927323892,B
train_461072077,A
train_3702875534,B
train_1419944156,B
train_3629216221,B
train_2393141979,A
train_1010331917,B
train_3984834939,B
train_294263452,B
train_4051051379,B
train_1899389683,A
train_2060982805,B
train_2510164603,B
train_634074172,B
train_2783040283,B
train_3208872172,B
train_1530762427,B
train_1910827787,B
train_1829436365,A
train_1902093497,B
train_1023451380,B
train_3248721108,A
train_1485888228,A
train_3504341015,A
train_3214002390,B
train_2358966499,B
train_1709051053,B
train_123001041,B
train_954991200,B
train_3248490260,B
train_3622564702,A
train_1899422653,A
train_2017146374,B
train_1461409280,B
train_1697652486,A
train_2764460294,B
train_2711276410,A
train_151016487,B
train_4234817656,B
train_883564923,B
train_1343906288,B
train_1650788245,B
train_1786511156,A
train_51586323,B
train_2852450732,A
train_656497393,A
train_851099077,A
train_3914843041,A
train_1840721689,B
train_2710253568,A
train_137940722,A
train_418828557,B
train_2407952705,B
train_2701185468,A
train_3012039188,A
train_1163030354,B
train_2100532330,B
train_1241515540,B
train_2306873762,B
train_967357472,B
train_1430630293,A
train_1832899734,A
train_3444153999,B
train_2344233937,B
train_1639969691,A
train_3595345864,A
train_3502273170,A
train_3920580343,B
train_178870809,B
train_2576073009,B
train_2514975589,A
train_2850080409,B
train_298591778,A
train_2877948159,B
train_3117244917,A
train_3647458940,B
train_432632367,B
train_3559180704,B
train_3182129962,B
train_4073776664,B
train_1922106403,B
train_320799764,A
train_3252243152,B
train_4061882670,B
train_165053497,A
train_1265266951,A
train_718861848,B
train_582890927,A
train_3374172245,A
train_526447346,B
train_2529143591,B
train_2564115333,A
train_3458439412,B
train_3275192963,B
train_1497486932,B
train_3179328761,B
train_3627190606,B
train_775772247,A
train_4154306526,A
train_2294053571,B
train_1453735902,B
train_3065802740,A
train_2566570271,A
train_4126888680,B
train_208951,B
train_3673236292,A
train_4077263031,A
train_4042584985,A
train_2864132633,A
train_225901814,A
train_2244663813,B
train_2620734546,B
train_22902111,A
train_13133408,B
train_988160693,A
train_3239759832,A
train_3686978838,B
train_975843401,B
train_1892803039,B
train_442833429,B
train_4082148907,B
train_949634595,B
train_1342834287,A
train_578001984,A
train_3211711005,B
train_2256469567,B
train_3585737636,B
train_4097304947,A
train_38759622,A
train_543974397,B
train_797341323,B
train_2558052976,A
train_2507672437,A
train_3404528299,A
train_3265741992,B
train_1858752595,B
train_865845891,A
train_2112515703,B
train_1566715838,A
train_2772840818,A
train_3650024300,B
train_340890334,A
train_3541402887,B
train_1415341757,B
train_3844902221,B
train_1027818065,A
train_1755940048,B
train_4162415519,B
train_1791424913,B
train_2079617142,B
train_69323431,A
train_3023369684,A
train_3519672885,B
train_3068161064,A
train_1441046811,B
train_649258532,B
train_972685049,A
train_2794211473,B
train_2849895384,A
train_2817956017,A
train_4207068046,A
train_734692390,A
train_1339642343,B
train_4217833294,B
train_3077254094,A
train_1823877601,A
train_3726361409,B
train_106935591,B
train_392437497,A
train_2266267747,B
train_931949347,B
train_2452742048,B
train_1803754944,B
train_2869957209,A
train_2987324244,B
train_49694504,A
train_3785218807,A
train_1830381225,A
train_3412800226,A
train_903568712,B
train_1873302179,B
train_278782192,A
train_728667141,A
train_4014057720,B
train_542260169,A
train_4086864698,A
train_255281919,A
train_4232622183,B
train_1976051181,A
train_2352346905,B
train_2537337390,A
train_398730695,A
train_275843110,A
train_2939781394,A
train_1698162568,B
train_3191586380,A
train_3705831720,B
train_1604867950,A
train_1560368762,B
train_2374199591,B
train_315740167,B
train_1594856249,B
train_517093919,B
train_1157207566,B
train_2687832779,B
train_3157690618,B
train_1636016446,A
train_199426579,B
train_4182914035,B
train_3117010027,B
train_4241685688,A
train_3770478575,A
train_951097372,A
train_17320364,B
train_128139042,B
train_1062046612,A
train_3118260265,B
train_90800863,A
train_2218846097,B
train_1111762796,A
train_3688770328,A
train_1689298260,B
train_1340817231,B
train_4147702477,B
train_325157124,B
train_2916809405,A
train_3213527163,A
train_2397431388,A
train_319433393,A
train_1043687807,A
train_2582888497,A
train_2691502104,B
train_16408655,A
train_3885313007,A
train_223032431,A
train_1886112042,B
train_2489461538,B
train_1510240796,B
train_2968460872,A
train_2853373404,A
train_1388655852,A
train_2281818008,A
train_2049475442,A
train_1438220509,A
train_1999410723,A
train_3067889429,B
train_2188452845,B
train_1437806970,B
train_3301603537,B
train_3913371749,A
train_2305472172,B
train_4266567399,B
train_3227177026,A
train_4063121913,A
train_281503914,A
train_2636893662,B
train_3300440526,B
train_1308919668,B
train_1734979385,B
train_3657896881,B
train_1724220356,B
train_2907216518,A
train_3664619707,B
train_447444795,B
train_1762825523,B
train_1218262135,B
train_1712594148,B
train_1052373471,A
train_4202068823,B
train_575432484,B
train_1395505112,A
train_1000574656,B
train_1858311129,A
train_2914883244,A
train_4116178380,A
train_1637596730,A
train_2307902289,A
train_2950279320,A
train_3673579059,A
train_2448383381,B
train_2905560406,B
train_574952557,A
train_3402950409,A
train_2876218061,B
train_579316174,B
train_2019712068,A
train_3223480268,B
train_968376873,B
train_2157123117,B
train_613832447,A
train_3976004106,A
train_3169357038,B
train_2870657365,A
train_3393273885,B
train_730890336,A
train_2701945755,A
train_3561438632,A
train_3562299154,B
train_3004612446,B
train_1027851133,B
train_3558375597,B
train_203259566,A
train_1902904193,B
train_301140344,B
train_2231745432,A
train_2232463693,B
train_2480568707,A
train_787372474,A
train_3656732012,A
train_313373581,B
train_2563504380,A
train_1208516073,A
train_1658249795,A
train_1100643213,A
train_2527649848,B
train_3120519708,A
train_3959988469,B
train_1328425268,B
train_429068901,A
train_502081419,B
train_2248210395,A
train_4079900255,B
train_444649469,A
train_166824345,B
train_3537777618,B
train_3328984198,A
train_1177339172,B
train_1265506948,A
train_3798604985,A
train_235645062,A
train_1264963027,A
train_2174414859,B
train_3211164202,A
train_1487169845,A
train_917092304,A
train_3530402162,B
train_1135371056,A
train_3881031082,B
train_112083765,A
train_1336810484,B
train_1131314333,B
train_88252639,B
train_3692613786,A
train_3783836146,B
train_1080361271,A
train_382920242,A
train_1903429305,A
train_2897484030,B
train_3883202471,A
train_4097293245,B
train_617724569,B
train_775513777,A
train_623843197,B
train_3643272318,B
train_2840113699,A
train_1543675254,B
train_1847614966,B
train_3270085673,A
train_3449250287,B
train_472949113,A
train_2419746715,A
train_3959478170,A
train_3721007158,B
train_1507376457,B
train_2979645656,A
train_1571305782,A
train_977070632,B
train_3754459818,B
train_1146300090,B
train_2964818010,B
train_1364089967,A
train_161235653,A
train_216643046,B
train_1720032728,B
train_2400918227,A
train_2944692568,B
train_828584882,B
train_1727044044,B
train_1937171853,B
train_2624032383,A
train_2275362640,B
train_118181658,B
train_1284618480,A
train_641533771,B
train_2979765634,A
train_1557915171,A
train_1352079318,A
train_1732983877,B
train_403863087,A
train_2986372180,B
train_1657193979,B
train_2345825275,B
train_4192082347,A
train_3781455920,A
train_3875593744,A
train_1615882896,A
train_3663335785,A
train_1583093753,A
train_2088927825,B
train_1714224702,B
train_4141961671,B
train_2505772449,B
train_1198086539,A
train_211876974,A
train_2687019409,B
train_3188453115,B
train_176083841,B
train_2097910451,A
train_940125589,A
train_1981225506,B
train_2680418217,B
train_1762573560,A
train_2280558444,A
train_3242479290,B
train_324285547,A
train_1299954067,B
train_4090323527,B
train_2665721136,B
train_24385055,A
train_4069972748,A
train_2560249367,A
train_1187044476,B
train_1319335009,A
train_685385513,A
train_946078211,B
train_4168914734,A
train_827432643,B
train_1117400875,B
train_1244789415,A
train_4170720607,B
train_4101881555,A
train_435961664,A
train_3699903027,A
train_2845661916,A
train_758775376,B
train_1064632030,A
train_3513986061,A
train_3339055457,B
train_3002846809,B
train_2327912171,B
train_1101621934,B
train_716529063,B
train_235795439,B
train_1117126301,B
train_3744627266,A
train_4240280929,A
train_784592423,B
train_3363573910,B
train_3359300733,B
train_1415643831,A
train_772476084,A
train_4143759607,B
train_3027513151,A
train_407239607,A
train_3181148663,A
train_3180767191,B
train_630133359,B
train_3235125546,A
train_1164430959,A
train_687173318,B
train_1982283301,B
train_2662055931,A
train_30331330,A
train_3068743384,B
train_3980198483,A
train_3321612302,A
train_3214504574,B
train_3768789899,A
train_1457185113,A
train_3004985828,B
train_3450861179,A
train_515709976,A
train_612037810,A
train_1694442409,B
train_3614849788,B
train_1931012388,A
train_2525564452,B
train_1742471045,B
train_256288205,B
train_671987653,B
train_2040872393,B
train_3389098019,B
train_1388822048,B
train_4185992336,B
train_3879541060,B
train_558811131,B
train_3597301904,B
train_1849506955,A
train_4076836319,A
train_1602793175,B
train_2527715843,A
train_122810477,B
train_3988902274,A
train_3020857904,B
train_825362713,B
train_758390757,B
train_3060997118,B
train_1648298471,B
train_505436407,B
train_2239980865,A
train_860014450,A
train_2196376498,B
train_1859471506,B
train_3823846239,A
train_3826168199,B
train_766162755,A
train_345455943,B
train_888029874,A
train_2602631790,A
train_2658094389,A
train_1935811539,B
train_3325571658,B
train_2996249881,B
train_2762069909,B
train_4281317659,B
train_1119934345,B
train_3734061671,B
train_1055653860,B
train_3810892578,A
train_3517879481,A
train_2162201531,A
train_1479300847,B
train_1875817589,A
train_994746781,B
train_4260268061,A
train_1762379453,A
train_2372985021,A
train_917440850,A
train_782093360,A
train_47124377,B
train_4208489750,A
train_2459849419,A
train_2959450537,B
train_2012462097,A
train_778547790,B
train_4055124148,A
train_1976659412,A
train_2418790238,A
train_1976276825,A
train_2570681901,B
train_557403297,B
train_517082873,B
train_2460682090,B
train_2829421913,A
train_666034214,B
train_879950940,B
train_2867968829,B
train_2136710992,A
train_3762701492,A
train_1291056882,A
train_2716301322,A
train_2137431197,B
train_4246332072,B
train_1784776711,B
train_1443946270,A
train_1459319977,A
train_129602365,B
train_3813569860,A
train_536366664,A
train_3041298046,B
train_3769308559,B
train_2577261300,B
train_3285033566,B
train_343735250,B
train_2993064689,A
train_1407147366,A
train_1714698450,B
train_2250676509,A
train_408742332,B
train_3630361744,B
train_1539993537,A
train_2782127682,A
train_1066297702,A
train_1183447041,A
train_1792708653,A
train_3872372029,B
train_2379784995,B
train_878568805,B
train_1029747870,B
train_148882098,B
train_2317243599,A
train_4076475123,A
train_2760540023,A
train_1675156782,A
train_3721412582,A
train_2251689922,A
train_4036033948,A
train_2122350750,A
train_789986060,A
train_2919110849,A
train_538463136,A
train_321020794,A
train_2632984003,A
train_241440525,A
train_4285122625,A
train_2419943180,A
train_1164635541,A
train_2827025715,B
train_177772718,B
train_1045811766,B
train_2347403568,A
train_4118882354,B
train_3697320891,A
train_797379015,A
train_2425542888,B
train_2583435138,A
train_4207048249,A
train_2755714429,A
train_2290779776,A
train_1709847854,A
train_3351803605,A
train_3539492037,B
train_3000393033,A
train_1998255213,B
train_3647650173,A
train_123575323,B
train_3036333102,B
train_3167288608,B
train_3102371337,A
train_4023331311,A
train_2216662733,B
train_255576357,B
train_1180771792,B
train_258544745,B
train_2819078819,B
train_1003115935,A
train_2919386341,B
train_3795758417,A
train_2012055636,B
train_3665483171,B
train_4224525996,B
train_2917660501,A
train_585680781,A
train_2752613227,A
train_3191385878,A
train_4082051356,B
train_1164362424,A
train_843236722,B
train_3295226165,B
train_2691212971,A
train_3303300755,A
train_3766304461,A
train_618702602,A
train_969035410,B
train_1065472200,A
train_3924805715,B
train_2876255851,B
train_1303985612,B
train_1295285449,B
train_189940899,A
train_2043854682,A
train_3900244025,B
train_1513450508,A
train_580892067,A
train_1455843501,B
train_3321613560,B
train_741662922,A
train_1862234356,B
train_1736669357,B
train_1244009723,A
train_1728165146,A
train_4088580902,A
train_2840198664,A
train_1706421712,A
train_611158382,A
train_2737521623,B
train_2013747665,B
train_398375607,A
train_1403457054,B
train_782497666,A
train_1514416692,A
train_3936409562,A
train_145452976,B
train_1342173309,A
train_1439458874,A
train_3715000082,B
train_3608002132,A
train_1814385128,A
train_1607160542,A
train_640588681,B
train_89153722,A
train_4056035930,B
train_3443815191,B
train_1119881771,A
train_1492895690,B
train_475736434,B
train_4217729206,A
train_4126927315,A
train_2823422808,A
train_381612686,A
train_895341554,A
train_3146573870,A
train_3936064039,A
train_246435806,A
train_1934979011,A
train_3075956398,A
train_1776001032,A
train_1210856146,B
train_3572101422,A
train_3785351664,A
train_3435796905,A
train_3338616318,A
train_3338946142,B
train_2666954778,A
train_277592042,A
train_3400822744,A
train_897398275,A
train_1525640142,A
train_2957588378,A
train_3645053984,A
train_1485376226,B
train_3674008140,A
train_2176028688,A
train_493684647,A
train_607321143,B
train_3619440333,B
train_2794162509,A
train_1594934821,A
train_3446162576,B
train_2269932107,B
train_273692620,B
train_4292083915,A
train_4259718365,A
train_1239895006,B
train_2273341985,B
train_3864352321,A
train_661892807,A
train_1869046491,A
train_7437096,B
train_515373139,B
train_2370356102,B
train_3102364034,B
train_1809043452,B
train_1133295522,B
train_2992532200,B
train_3624605525,B
train_2592457426,A
train_4225387453,A
train_1919664774,B
train_127581352,A
train_96279535,A
train_1627628415,A
train_3173256261,B
train_604574041,A
train_2332850039,B
train_366089493,B
train_808326690,B
train_2343771203,A
train_1646304979,B
train_1805853097,A
train_2986947203,A
train_336881752,A
train_3392993040,A
train_1487654649,B
train_3333110292,B
train_3876780341,A
train_1182906906,A
train_280585741,A
train_686039761,B
train_3737590156,A
train_3568951139,A
train_2361998822,A
train_462639833,A
train_2482044384,A
train_732286256,B
train_400379362,B
train_2526180615,A
train_3971286781,A
train_1806248089,B
train_3197978028,A
train_448373494,B
train_1269265256,B
train_1543918412,B
train_1476821925,B
train_3019903417,A
train_1817819355,B
train_18795264,A
train_869090175,B
train_2526736124,B
train_4147112260,B
train_2337691713,A
train_2766792264,B
train_3782994779,B
train_2805591692,A
train_1800541663,A
train_3227349104,B
train_2494451339,B
train_2722654509,B
train_1923235192,B
train_6820361,A
train_3395965655,A
train_2225768967,A
train_1922719502,B
train_1741541506,B
train_2367571164,B
train_1540437839,A
train_3166004633,B
train_3572776525,B
train_4126952540,B
train_2361051771,B
train_3548140033,B
train_1211957039,A
train_3728498916,A
train_4104192486,A
train_3596239687,B
train_1127687404,A
train_1948840703,B
train_1350917296,B
train_3143952677,B
train_1059874205,B
train_3813210970,A
train_131796873,B
train_521963158,A
train_2406793832,A
train_171394486,B
train_3880464742,B
train_1626957789,A
train_1614909691,A
train_557324508,B
train_1813811693,A
train_225570533,A
train_3888584671,A
train_118723833,B
train_2069499190,A
train_2083527965,A
train_683629249,A
train_2998955216,A
train_373074416,B
train_2407987121,A
train_3841784810,A
train_519180846,A
train_1140345955,A
train_207861766,B
train_1167552051,A
train_373165129,A
train_693740103,B
train_300100917,A
train_2081843396,A
train_2310793925,B
train_2856695670,B
train_987707767,A
train_1798368792,A
train_1932074896,A
train_3501623444,B
train_2391502542,B
train_1547607523,B
train_3756518738,A
train_259343455,A
train_3316756597,B
train_2679050144,B
train_1838634896,A
train_2188207532,A
train_946859898,A
train_1832063669,A
train_932270116,B
train_1322817981,B
train_952612214,B
train_322275660,B
train_58627456,A
train_4121616168,B
train_606366910,B
train_3523120047,A
train_3216141414,B
train_3745701444,A
train_2096469702,B
train_2729133611,B
train_1029655023,B
train_449207799,A
train_1811476552,B
train_3675439878,A
train_2214359633,A
train_1835198284,A
train_2331501603,A
train_277195103,A
train_1761473248,B
train_2976050558,A
train_81215840,A
train_2021766358,B
train_734989217,B
train_1481884221,B
train_385551088,A
train_1454612117,B
train_3236690662,B
train_1194420786,B
train_1439985912,A
train_2701266114,B
train_918171638,B
train_676138465,B
train_3956497436,B
train_123854629,B
train_2049432974,A
train_1904916258,B
train_2017705551,B
train_657292363,B
train_3055192895,A
train_3903718431,A
train_2177683161,A
train_2536100325,B
train_1341001630,A
train_3439470269,B
train_3414212813,B
train_3119230651,B
train_3463255585,A
train_1065224027,B
train_4030877279,B
train_2624669947,B
train_293383340,B
train_3975641144,A
train_4197408843,A
train_3146051671,A
train_85620888,A
train_3018501054,B
train_961843295,A
train_2009605218,B
train_235430313,A
train_424953237,B
train_1030347974,B
train_635611608,A
train_3793771500,A
train_2556008065,A
train_1740344938,A
train_389259041,B
train_1694778197,A
train_2933770197,B
train_4004119681,A
train_2397011498,B
train_166625623,B
train_2637353345,A
train_2026051218,B
train_1472262052,A
train_481515401,A
train_2785638706,B
train_4098547817,A
train_1995570237,B
train_3975724135,B
train_52080708,A
train_1306376198,A
train_2816458766,A
train_2457940541,A
train_4105152927,A
train_1985063223,B
train_1522961877,B
train_3063341873,A
train_989811160,B
train_2641080163,B
train_1481369815,B
train_1016118791,A
train_27231426,B
train_627193632,B
train_1085240851,B
train_334363889,B
train_2579551606,B
train_2762353219,A
train_461383438,A
train_3938684045,B
train_3994691338,B
train_3608089697,B
train_4072650638,B
train_1352149167,A
train_647074353,A
train_3779896318,B
train_106799909,B
train_675536307,A
train_4004298475,A
train_1082570816,A
train_1827962737,A
train_2485765632,A
train_3372748951,A
train_383479006,B
train_1981978097,A
train_3700444932,B
train_1968381944,A
train_1748125201,A
train_1633622311,A
train_563128010,B
train_2456584076,B
train_2337041484,A
train_799943521,B
train_1936668219,A
train_291544419,A
train_2086803920,A
train_3428556705,B
train_3433291151,A
train_3258774916,A
train_3868181814,B
train_1638187876,A
train_880950433,A
train_2629017100,B
train_2402173658,A
train_1627269985,B
train_436867924,A
train_1644152845,A
train_1990118232,B
train_564240111,B
train_330400119,B
train_917649574,B
train_1273780316,B
train_2717993027,A
train_2379337133,B
train_1810110300,A
train_499100780,A
train_4119278903,A
train_1453123182,B
train_597555864,A
train_2654912655,A
train_3942715484,A
train_1140142915,B
train_1144774622,A
train_2252693689,A
train_3158302438,A
train_3858289949,B
train_64262093,A
train_2024144845,B
train_265435996,B
train_1307471163,B
train_2821549861,B
train_300094886,A
train_2923063902,B
train_2197429989,A
train_1500569576,B
train_682378421,A
train_828334939,A
train_2607333535,A
train_770430318,B
train_2490401068,B
train_1524965662,A
train_2042257925,A
train_2736008213,A
train_1236742496,A
train_4071624010,A
train_3373500830,A
train_612834751,A
train_3418483336,B
train_2297325980,A
train_2693177282,A
train_3348513537,B
train_3744923107,A
train_1065047648,A
train_3410184654,A
train_3553325914,A
train_4272277786,A
train_4122448751,B
train_205782773,B
train_346736790,A
train_533310888,B
train_2126542336,B
train_67171656,B
train_3548968633,A
train_1990525346,B
train_319723447,B
train_3772635453,A
train_1956277957,B
train_1163262579,A
train_2190905963,A
train_2957038718,A
train_137945382,A
train_1647297464,A
train_3611620089,B
train_4171284039,B
train_2144773842,A
train_252985147,A
train_3022791861,A
train_244652740,A
train_59248319,A
train_3763847518,A
train_2544946297,B
train_30256366,B
train_3652518890,B
train_500616211,B
train_365277645,A
train_46919072,A
train_3089938920,B
train_2755546390,A
train_3576542542,B
train_1710173030,B
train_3928936815,B
train_4171030531,A
train_2219093366,B
train_1665693208,B
train_3939843351,B
train_2190825449,B
train_2606843849,A
train_2201553587,B
train_2395230198,B
train_546921397,A
train_50421074,A
train_1352205528,A
train_3600790521,B
train_1148395408,B
train_1085336059,A
train_131000902,A
train_1059691234,A
train_2540214617,B
train_4224187112,A
train_395315991,A
train_3272047184,A
train_292925337,B
train_942758776,A
train_1371420750,A
train_1351084608,A
train_4094900766,A
train_2942227459,B
train_1347964248,B
train_3485209887,A
train_3203807847,A
train_2102271992,A
train_2939301199,A
train_19057560,A
train_3901393217,A
train_1988815823,A
train_3555192012,A
train_1688412298,A
train_1676745495,A
train_3074559172,B
train_3504902322,A
train_4162728401,A
train_967272558,B
train_3199436528,A
train_2871799265,A
train_3029410027,A
train_3341829396,B
train_908055552,B
train_2178297835,B
train_2096814076,B
train_1112724160,B
train_2719096020,B
train_3408153422,B
train_59720762,A
train_4149910268,A
train_812543425,A
train_958721039,B
train_2640036529,B
train_1167695436,B
train_1554834438,A
train_3655831280,A
train_1904894609,B
train_2712974997,B
train_1259367735,B
train_2029475461,B
train_3815249797,A
train_961279865,A
train_1689731465,B
train_985358999,A
train_1668185328,A
train_1956505537,A
train_3852954062,B
train_1481257436,A
train_1982957579,A
train_4125082224,A
train_4214702323,A
train_155187926,A
train_4125260414,B
train_688649208,B
train_2493109578,B
train_1547900818,B
train_936126269,A
train_3452847115,A
train_1704054450,B
train_3526552635,B
train_1641555276,B
train_2930533628,A
train_741927956,B
train_1199917100,A
train_671101179,B
train_2894639052,B
train_4147952423,B
train_1053313034,B
train_242728262,B
train_2768194168,B
train_3350668252,B
train_319556555,B
train_1593405799,B
train_2334960897,A
train_3372000840,B
train_2155712694,B
train_2712630555,A
train_2882431530,A
train_238353133,A
train_320267968,A
train_1244901027,A
train_4090008365,B
train_2691745534,B
train_586035468,A
train_1340876743,B
train_792882331,B
train_1507327169,A
train_4114138916,B
train_411452928,B
train_3266566669,B
train_4065744312,A
train_348831359,B
train_449014519,B
train_3551399518,B
train_409680722,A
train_2443937815,A
train_4245926417,A
train_3393739966,B
train_3470449307,A
train_2143923578,A
train_1483737034,A
train_2041854621,B
train_3926545112,A
train_3210516128,B
train_1550089161,A
train_1217581024,A
train_3962402156,A
train_606563365,A
train_3056213570,B
train_3979821446,B
train_2103371896,A
train_2259188081,A
train_3632121570,A
train_2528597279,A
train_1422389609,B
train_3547727499,A
train_3572158200,A
train_97424106,B
train_4131116782,B
train_1966569930,B
train_1002715246,B
train_4165399295,A
train_3010257481,B
train_830247605,A
train_2967276237,B
train_1554695425,B
train_3135417229,B
train_2365703029,B
train_2528673251,B
train_3388672436,A
train_3083173467,B
train_400369535,B
train_2214276894,B
train_3463823449,B
train_1310693057,A
train_2131830770,A
train_2693991977,A
train_1665895041,B
train_1957306631,A
train_1191962025,A
train_16207489,A
train_2359835250,A
train_1246010452,B
train_2907908909,A
train_1256708206,B
train_3666421380,A
train_1456692222,B
train_1254446920,B
train_3083482784,A
train_411298164,B
train_1187596622,A
train_1492699111,B
train_3789774475,B
train_3098257155,B
train_3343658924,B
train_2897218302,A
train_241434038,A
train_1773197852,B
train_254648579,B
train_3995855789,B
train_3470764593,B
train_2478795876,B
train_808844931,B
train_1266998466,A
train_714365960,B
train_511971788,B
train_185964599,B
train_609632601,A
train_2268860050,A
train_1480828261,B
train_2537927858,A
train_190072944,A
train_1460310099,B
train_2298922457,B
train_3037337244,A
train_2890216677,B
train_795806209,B
train_1928431856,A
train_120526777,A
train_895553530,B
train_1763848313,A
train_3180975537,A
train_1923216434,A
train_2519640203,A
train_2413220560,B
train_3663294865,B
train_746293168,B
train_3920242730,B
train_3872899411,B
train_2599382411,A
train_1265336779,B
train_4151975162,A
train_1652102979,A
train_970324169,A
train_1061409238,A
train_1607288536,A
train_1597430592,B
train_3395184652,A
train_1648122286,A
train_4003942066,B
train_3884278298,A
train_1035778922,B
train_4101788738,A
train_2573648452,B
train_1569927965,A
train_3628995069,A
train_177822273,A
train_1126634248,A
train_721238346,A
train_2057301396,B
train_636963630,B
train_802883308,A
train_4014048455,A
train_458714460,A
train_1104674040,B
train_2043094887,B
train_1158713658,B
train_3677696059,A
train_1143762595,B
train_4061755009,A
train_3772065001,A
train_254496619,B
train_108727677,B
train_2083971794,B
train_1867953447,B
train_1451986732,B
train_259662014,B
train_4278335930,B
train_3211434769,A
train_3240601707,B
train_2139094314,B
train_1913039534,B
train_2238050175,A
train_2211686434,B
train_1763912590,B
train_1146335559,A
train_6930451,A
train_1438299562,B
train_3075752961,A
train_518815888,B
train_3186152035,A
train_3224884023,A
train_251564276,B
train_3549680391,A
train_1738939704,B
train_1658819473,A
train_3884132609,A
train_2621630688,B
train_3115121245,A
train_4153202332,B
train_2509852793,A
train_765449595,A
train_1868145252,B
train_85754922,A
train_1999120881,A
train_1806715265,A
train_483185598,A
train_68161341,A
train_662214182,A
train_98908803,A
train_203723287,A
train_424039746,A
train_145673959,B
train_2353444841,A
train_182119135,A
train_121722664,A
train_743939892,B
train_3045742003,B
train_349798462,B
train_266118005,A
train_179122117,A
train_3055935623,B
train_1130796107,B
train_3978871475,A
train_1373828148,B
train_2744929386,B
train_1626595977,A
train_2241763137,A
train_972515718,A
train_63196596,A
train_3366353700,A
train_954714657,A
train_1308396432,A
train_4089913049,B
train_1049176779,A
train_3702612341,B
train_3789725061,B
train_1662853135,B
train_484550452,B
train_2774990088,A
train_1909808172,B
train_2303499577,A
train_4088637802,A
train_322743603,B
train_1715560651,A
train_1554726187,A
train_346999902,B
train_3124967511,A
train_2973056177,A
train_653040440,B
train_2156577174,A
train_1198631677,B
train_3425551984,B
train_2871641309,B
train_2285318422,A
train_3605931619,B
train_1817397853,B
train_1068890071,A
train_587942506,B
train_3195944558,A
train_2104848414,A
train_3571079892,B
train_97343526,B
train_3668859200,A
train_4087474997,A
train_549277860,B
train_2817994545,B
train_928409900,A
train_3731814260,A
train_1867807139,A
train_881750448,A
train_2898818273,B
train_3891513104,A
train_1514721968,B
train_307068664,B
train_2188661942,A
train_523511864,A
train_686974052,B
train_2109366873,B
train_1627206979,A
train_926812216,A
train_470754832,A
train_247987208,B
train_1120425152,A
train_1307235186,B
train_2025542233,B
train_2154507196,A
train_1952707470,A
train_876048634,A
train_1013630801,A
train_4252294516,A
train_2765348674,A
train_1076294400,A
train_3183212741,B
train_3326769100,A
train_3485401225,B
train_4102063492,A
train_2593610824,B
train_3007211310,A
train_3002121071,A
train_1376748780,A
train_4103873542,B
train_2904228356,B
train_728530820,A
train_4003658555,A
train_388182253,A
train_2882829868,A
train_2599769710,A
train_3378928984,B
train_650976416,A
train_3065553437,A
train_3810032222,B
train_1365325916,B
train_3440419373,B
train_3739935491,A
train_3956272227,A
train_2219454162,B
train_52611273,A
train_3227446527,A
train_954515234,B
train_230135191,A
train_2153809545,A
train_3345086777,A
train_2768248204,A
train_2788813119,B
train_2621744162,B
train_2296288429,B
train_1754269941,B
train_3593361574,A
train_1732820774,B
train_2314289390,B
train_1056725982,B
train_2489192468,B
train_2489907307,A
train_2093128644,B
train_832656135,A
train_3194935263,B
train_3524642839,B
train_576603239,B
train_3034782808,B
train_907473541,B
train_1054760346,B
train_1542634621,A
train_2796339393,B
train_1607832931,B
train_315380254,B
train_2836333517,B
train_174030479,B
train_1547719442,A
train_4025803477,A
train_3454340883,A
train_763686473,B
train_1432141402,A
train_3556128304,B
train_3185559167,A
train_3269753804,A
train_37539121,A
train_2338964173,A
train_654625056,A
train_2356048198,B
train_178169596,A
train_483960827,A
train_1056076180,A
train_2172500642,A
train_2515497249,B
train_3534229196,A
train_3496323471,B
train_2163758180,B
train_1514355862,A
train_2591207682,B
train_2096737620,B
train_1777685343,B
train_263260749,B
train_3153712052,B
train_2320270009,B
train_967664541,A
train_328662761,B
train_3967631975,B
train_1305422397,A
train_4059318128,B
train_2881331035,B
train_3559674885,A
train_3700503493,A
train_2699110819,B
train_2738638414,A
train_3209602077,B
train_4118317034,B
train_1411761219,B
train_2790976294,A
train_3371636599,A
train_1322429361,A
train_198065144,A
train_2007610052,B
train_2179698443,B
train_19092557,A
train_2378689644,A
train_307059329,A
train_3755300224,B
train_3262642441,B
train_541270951,B
train_2180500239,B
train_2888885831,A
train_1350769995,A
train_2285382836,A
train_1969728655,A
train_317843527,B
train_371476290,A
train_4062051680,B
train_631930233,A
train_3158683820,A
train_3323614021,B
train_1660103771,A
train_3324597473,A
train_4054419689,A
train_2556201207,A
train_4273033951,B
train_1150362564,A
train_1702527472,B
train_2671949253,B
train_1725158496,B
train_4211513283,A
train_3386749360,A
train_1370893266,A
train_1736549347,B
train_2178079912,A
train_1200104800,A
train_2608507645,B
train_1908288077,A
train_4107765584,B
train_3094516238,A
train_217201915,B
train_2649122981,A
train_4289424650,B
train_3922500175,A
train_3251129501,B
train_2202809544,B
train_4112441423,B
train_1347675476,B
train_3768397941,B
train_2891327911,B
train_3560084687,B
train_232453704,B
train_3869321316,B
train_1295364483,B
train_1043653037,B
train_3793240086,A
train_1358576431,A
train_3648416437,A
train_9815981,A
train_1512475953,B
train_2147998362,A
train_3278652594,A
train_2051260634,B
train_4030399838,A
train_876411543,A
train_1847466514,A
train_1125651501,A
train_576523017,B
train_2490201622,A
train_239866377,A
train_3097122661,A
train_282556326,B
train_1890689336,A
train_1678368425,A
train_1367125110,B
train_2103756593,B
train_3566454168,B
train_3347331679,B
train_2196027940,B
train_494093746,B
train_3090681724,B
train_2774250857,B
train_2010985670,B
train_1740979313,B
train_2864491797,A
train_529267479,B
train_3118756415,B
train_1122780198,B
train_2070445085,B
train_2113864537,A
train_903576331,A
train_694790927,A
train_697962257,A
train_50413173,B
train_2099070914,B
train_508697664,A
train_1285149624,B
train_5267831,A
train_349230643,A
train_359355535,A
train_98403376,B
train_987389737,A
train_986285772,B
train_1658054471,B
train_1670717985,B
train_3934184738,A
train_3796433851,A
train_66489731,A
train_1771872897,B
train_2594428362,B
train_1198030499,A
train_478510536,A
train_1622104831,B
train_3946531251,B
train_1571033966,B
train_3632498123,A
train_2843085149,A
train_2127803032,B
train_288413860,A
train_1952487763,B
train_3079691220,B
train_2793039505,B
train_1987824355,B
train_2969110933,B
train_470415393,B
train_605927177,B
train_3748944324,B
train_477745991,A
train_149093745,A
train_584701863,A
train_2448636512,B
train_1010113489,B
train_3162196422,A
train_772306416,A
train_1287393667,B
train_3390140864,B
train_4002806667,B
train_79739389,B
train_1790137265,B
train_2569015259,A
train_2615867697,B
train_774674388,B
train_1788789453,B
train_1538025626,A
train_1718766807,B
train_1659944775,B
train_1830604980,B
train_2076227336,B
train_3957235942,B
train_3405295461,A
train_1307218788,B
train_2744025490,B
train_607272127,B
train_240158006,A
train_852987491,B
train_2597325762,A
train_3280907906,B
train_4118047306,B
train_1850043370,B
train_461131136,A
train_2919344198,A
train_400725785,A
train_1460326018,A
train_2832601463,A
train_4157127524,A
train_1340352533,B
train_1519424603,A
train_349933632,B
train_352444819,B
train_3516250866,A
train_3481769296,B
train_2900038174,A
train_3520927973,A
train_1289658199,B
train_687847181,B
train_2129045681,A
train_3531098453,B
train_393032861,B
train_3139252876,A
train_811370303,B
train_265471147,B
train_3403003364,A
train_3843292195,A
train_164527659,B
train_1554071006,A
train_3875020256,B
train_2774027730,B
train_3208147495,A
train_4242531403,A
train_3946128332,A
train_4004383287,B
train_2814341523,B
train_3440527249,B
train_1040263340,A
train_2156664068,A
train_929740855,B
train_3000304022,A
train_247580897,B
train_1458435983,A
train_2524745494,B
train_210125555,B
train_328759118,A
train_1931419892,B
train_488486329,B
train_1774583703,B
train_3326138858,A
train_2728799426,B
train_1412907287,A
train_724882257,A
train_271260043,B
train_179227343,B
train_1187231558,B
train_78681411,A
train_1002824438,B
train_2784515210,A
train_1846016543,B
train_4063588571,B
train_554494748,B
train_752838374,A
train_387158080,B
train_2664097238,B
train_1118075101,A
train_900379114,A
train_3341686577,A
train_1231571789,B
train_2886344367,A
train_1133568834,A
train_3996713527,A
train_744726146,A
train_2913057271,A
train_3523579713,A
train_87870719,B
train_3370905683,B
train_457488513,A
train_2571336423,B
train_1995131575,B
train_2968455490,A
train_1452121836,B
train_2114933541,B
train_1131643780,A
train_1691364197,A
train_1920270066,B
train_2151998293,B
train_459375406,A
train_1503516859,B
train_1778192076,B
train_615923615,B
train_3275284398,A
train_592604757,A
train_2143101004,A
train_4120437054,A
train_3689798371,A
train_19434559,B
train_3595883369,B
train_1009620393,B
train_1436453129,B
train_604871432,A
train_1029733396,A
train_1292200509,A
train_3207964616,A
train_1371006716,B
train_2422886333,B
train_3612988326,B
train_1190745689,A
train_822766593,A
train_3240835248,B
train_3554299240,A
train_2321725816,A
train_1640873048,A
train_3048243980,A
train_162452766,A
train_4078910777,A
train_4162065845,B
train_2025446405,A
train_3959884374,A
train_3897008118,B
train_1961530973,A
train_3590672916,A
train_4117590889,B
train_4249499429,B
train_1822046792,B
train_1982937813,B
train_3939596147,A
train_1889634838,A
train_2161215884,A
train_3989403655,A
train_3071585894,B
train_836011677,B
train_275292465,A
train_94129753,A
train_381554002,A
train_3068342070,A
train_3973119463,B
train_2406125854,A
train_807664594,B
train_840972244,B
train_1815218122,B
train_2822665233,A
train_2417833020,A
train_41179718,A
train_2755701361,A
train_4113921924,A
train_2265923546,A
train_4115145106,A
train_2685657068,A
train_520736537,B
train_2020670356,B
train_3436513037,B
train_534459620,B
train_2690671396,A
train_4080938820,A
train_2535115169,B
train_1989595678,A
train_790266997,A
train_2829588692,A
train_1682287213,B
train_2300245820,B
train_1120247039,A
train_2914176316,B
train_457787196,A
train_450527316,B
train_3250386143,A
train_3542284276,A
train_3398318598,A
train_2497676427,A
train_3562435914,A
train_269585399,A
train_2802015964,B
train_667445325,B
train_2340405538,A
train_1118284532,B
train_2986228147,B
train_3844597619,B
train_2589156207,A
train_2407505234,A
train_1864893803,B
train_4042056797,B
train_651460400,B
train_4132438835,B
train_646131593,B
train_931153631,B
train_2089790010,A
train_2666144454,A
train_1463962973,B
train_1876077383,B
train_2762576012,A
train_609275021,A
train_3886389487,B
train_3625276280,A
train_1057750755,B
train_3352725232,B
train_2061068904,A
train_3845436164,B
train_2614341634,A
train_2915446183,B
train_1943472851,A
train_2408117118,A
train_281907506,A
train_2851667912,A
train_838131283,A
train_1727409122,A
train_445763415,A
train_3190650747,A
train_4013027797,A
train_3705783919,A
train_95766860,A
train_1959499953,B
train_510780042,B
train_3449324438,A
train_1673961953,A
train_1112935125,B
train_1331683173,B
train_2117720007,B
train_1535107925,A
train_3163470979,B
train_348886224,A
train_3520231849,B
train_1293408174,A
train_3073441025,A
train_2997151848,B
train_1497943983,B
train_3087741494,B
train_2371481600,B
train_3439319573,B
train_1050340768,A
train_1030658447,B
train_1794378288,B
train_4030915976,A
train_2998702168,A
train_4173608970,B
train_3608956647,B
train_1543914143,B
train_2022747443,A
train_605760680,B
train_2620802154,B
train_876703982,B
train_3631019244,B
train_2069675267,A
train_2312337653,A
train_4205667165,A
train_2232749522,B
train_3470254641,A
train_4002249379,A
train_2091196525,A
train_2384025303,B
train_3214729179,A
train_3514550930,B
train_1444903057,B
train_2637329726,B
train_866477769,B
train_3524306924,A
train_4205426924,B
train_3887396396,B
train_4183047147,B
train_2680214613,A
train_3889027224,B
train_544245844,A
train_1969594426,B
train_3575703314,B
train_2708216442,A
train_4122754612,B
train_2310888731,B
train_1054044430,A
train_2309855967,B
train_2235882569,B
train_1398071160,B
train_2375747291,A
train_1588611912,B
train_3410629918,A
train_3328882245,A
train_2147056614,A
train_2754001609,B
train_672734641,B
train_3381766196,B
train_384376997,B
train_2637374163,B
train_4026430365,B
train_1633843449,B
train_1806071524,B
train_2843835301,B
train_2280433966,B
train_393322033,A
train_2649949793,B
train_468751922,A
train_654707801,B
train_929108377,B
train_843809790,A
train_2081112808,A
train_661225125,A
train_1922062464,A
train_3947625320,A
train_4082031443,A
train_1792423170,A
train_2598954604,A
train_3646389349,A
train_2404777416,B
train_285822071,B
train_662114917,A
train_1402371271,B
train_4266532350,B
train_1753538782,B
train_2402992160,B
train_1247788509,B
train_741387749,B
train_410407893,B
train_4089760173,B
train_803954116,B
train_1618754993,A
train_34015507,A
train_695318717,B
train_2628812206,B
train_3520231362,A
train_3402159748,A
train_1412085886,B
train_586161127,B
train_26894087,A
train_2994547967,A
train_860326879,A
train_2845558870,A
train_2353014912,A
train_2146343055,A
train_2547569152,A
train_3578248856,B
train_1571637421,A
train_3974559700,B
train_1644433970,B
train_1188182159,A
train_4285884352,A
train_3148692774,B
train_1186336765,B
train_1135906830,B
train_3478717703,B
train_3860529037,B
train_1683604570,B
train_3615094030,A
train_91809739,B
train_2330324222,A
train_1911257755,A
train_3627507100,A
train_1478192579,A
train_1917762181,A
train_3257297978,A
train_1731135375,A
train_1242023254,A
train_1923017809,B
train_1304632450,B
train_2648908268,A
train_2108264719,B
train_2970690673,A
train_3885225935,A
train_3440553419,B
train_1045204073,A
train_3760459409,B
train_3259984123,A
train_3704635344,A
train_501751944,B
train_1066728976,A
train_2467829402,A
train_2731386635,B
train_1613603781,A
train_3319611878,B
train_1263417214,B
train_4210177578,B
train_1284876230,B
train_3975818767,B
train_2149797782,B
train_3375374759,A
train_875872629,B
train_3947821411,B
train_3579291642,B
train_3547256259,A
train_3876879533,A
train_1499697196,B
train_411039203,B
train_2951106324,A
train_3842641744,B
train_418938563,A
train_3451730997,A
train_699672978,A
train_1458498348,A
train_2791233397,A
train_88857004,B
train_1958996682,A
train_3395081567,A
train_2222005586,B
train_1650899687,B
train_1210102540,B
train_2735037260,B
train_4021447310,A
train_1000782282,A
train_454774967,A
train_3362684903,A
train_2530894428,B
train_2082789949,A
train_4136013975,A
train_1353149619,B
train_808789257,A
train_3685830448,B
train_2759041999,B
train_1627699402,B
train_2384922669,A
train_2255419956,A
train_3745643577,B
train_3399684214,A
train_1576135571,A
train_2262383199,B
train_60511937,B
train_3260997294,B
train_3809009713,A
train_280947063,B
train_2540028384,A
train_849112800,B
train_1634853852,A
train_694315837,B
train_3950993681,B
train_390741499,B
train_792072256,B
train_3183593245,B
train_143310543,A
train_658477378,A
train_4059999437,B
train_2661254633,A
train_584176815,A
train_2662599778,A
train_129415084,B
train_2467541832,A
train_1514327973,B
train_1812694751,B
train_117585586,B
train_1976509146,B
train_3715890493,B
train_2554777657,B
train_3574971737,B
train_3336694264,A
train_2578897315,B
train_488600623,B
train_1084120918,B
train_817032823,A
train_2534097253,A
train_1364913527,A
train_1983933518,B
train_1695545144,A
train_2365190778,B
train_2367758514,B
train_2594763545,A
train_1535708280,A
train_3709888692,A
train_2248201070,A
train_3729823113,B
train_829141579,A
train_4183875049,B
train_3661358081,B
train_1715266250,B
train_2137677186,A
train_1074096399,B
train_3957744150,B
train_403111504,A
train_3359127934,B
train_1219096107,B
train_4006388230,B
train_1751583421,B
train_539150902,A
train_874042079,A
train_3601644044,B
train_642995441,B
train_2656147488,A
train_2244552096,B
train_3078339013,B
train_1623300390,A
train_630395841,A
train_4097025108,A
train_2430446607,A
train_3078405468,B
train_4043119471,A
train_1009828532,B
train_3417362501,B
train_2209553863,B
train_1380061978,A
train_383062029,B
train_1989803205,A
train_1744956981,A
train_3522551177,B
train_1107291667,B
train_1355899055,A
train_1947817852,B
train_2068773077,B
train_2025883366,A
train_2151627054,B
train_495638834,A
train_400926514,A
train_3799002371,B
train_2718185034,B
train_2298597089,A
train_3542613430,B
train_195461675,A
train_2600079121,A
train_2786270981,B
train_1027572426,A
train_208006150,A
train_41976958,A
train_306148962,A
train_1421006265,B
train_4098002458,A
train_1713469433,A
train_3911975751,B
train_2135609614,B
train_1688357207,A
train_323895517,B
train_2823488985,A
train_2102901562,A
train_3875172474,B
train_3674267260,B
train_1024291301,A
train_554813771,B
train_744868504,A
train_3060817649,B
train_2066816417,A
train_2493525268,A
train_1464086168,B
train_3638356701,B
train_238998134,A
train_2846869413,A
train_1231255969,A
train_2130698397,A
train_3134909453,B
train_1332179862,A
train_2861399105,A
train_3919302374,A
train_98313252,A
train_2334413690,B
train_2763351858,A
train_1449662804,B
train_771971112,B
train_2529405184,A
train_1600146203,A
train_2675862531,B
train_1847212747,A
train_766914410,A
train_3723472135,A
train_2954306675,B
train_95311721,A
train_2609905517,A
train_309525883,B
train_2846295269,A
train_943459192,B
train_123445796,A
train_2630638523,A
train_3407194355,B
train_397195104,B
train_3976583605,B
train_3068962481,A
train_931677318,A
train_607177206,A
train_862768853,B
train_3418279426,A
train_2455795711,B
train_1393784206,B
train_3554380700,A
train_2186448487,B
train_195083104,B
train_2073374355,A
train_3537625050,A
train_1657812011,B
train_2802174280,B
train_1216146928,B
train_4081726617,B
train_281255832,A
train_3699501448,A
train_112164694,A
train_3856309677,A
train_4242466012,B
train_1842376947,A
train_2824601705,A
train_2426805003,A
train_2168993061,B
train_283454397,A
train_1864049756,B
train_1401647221,B
train_511692366,A
train_2640900282,B
train_1384108219,A
train_3513428619,A
train_2256767890,B
train_548561316,A
train_820550088,B
train_538965997,A
train_2322348403,A
train_2486180838,A
train_1839602894,A
train_886149252,B
train_3762323679,B
train_1246968706,A
train_2619314080,A
train_3968177796,A
train_3748656857,B
train_1939746091,B
train_3988820423,B
train_29335018,A
train_2679992695,A
train_87958488,A
train_4206380801,B
train_37863605,B
train_1728041289,A
train_4286208815,B
train_2665153587,B
train_4258529665,B
train_332624493,A
train_4225506047,A
train_1553554355,B
train_3761144353,A
train_2182920226,A
train_3100740271,A
train_2885672456,A
train_3574556377,B
train_759073913,A
train_3740184963,A
train_539340358,A
train_1563543878,B
train_582607109,B
train_1700965134,A
train_2582084633,B
train_4156451497,B
train_2595106766,A
train_24689662,A
train_251687686,B
train_795480066,A
train_3510473577,A
train_2504031818,A
train_697873372,A
train_2304760112,B
train_3017545088,B
train_1543945326,B
train_2792965391,A
train_696957927,B
train_1632488499,B
train_3592211280,B
train_4080435355,B
train_2925081281,B
train_1117917007,A
train_3013111088,B
train_3612155891,B
train_2033666015,A
train_3322701176,A
train_3866321536,B
train_2354751773,A
train_2113790288,A
train_3892143047,A
train_3855277209,A
train_402122805,B
train_3128132229,A
train_624384240,A
train_970211246,A
train_2827892760,A
train_3484555655,B
train_4033337112,A
train_4232053880,B
train_762742581,B
train_3329533718,B
train_1093937314,B
train_2128389901,A
train_2885093405,A
train_4140972248,A
train_1095501803,B
train_3390572471,A
train_1807160650,B
train_2195053226,A
train_1655461746,A
train_3520734336,B
train_767955789,B
train_4028145462,A
train_584138337,A
train_1179664871,A
train_775044192,A
train_1235669333,B
train_3834482169,B
train_1663740527,B
train_3988254353,B
train_3103253770,B
train_4018203372,A
train_3484198448,A
train_3161003640,A
train_4139159388,A
train_3069587451,B
train_1807585926,A
train_1049430844,B
train_277770389,B
train_3736503088,A
train_3493273450,A
train_2333653420,B
train_395056425,B
train_4028002740,B
train_3852293821,A
train_1779109447,A
train_2140183529,B
train_2373789652,A
train_587312684,A
train_1008048465,B
train_1964301568,A
train_2309302739,B
train_3707754761,A
train_1168263422,B
train_305532393,B
train_1751820402,A
train_912670859,A
train_2803695449,A
train_2272919513,A
train_2613499840,A
train_2894070026,B
train_1836418659,A
train_2568412776,B
train_2741142026,B
train_2723633127,B
train_4228207612,B
train_2652701493,B
train_1857795508,A
train_3357337359,B
train_3484447556,A
train_1120925791,A
train_3143683241,B
train_599224031,A
train_1284225050,A
train_4204231951,A
train_2378779736,A
train_2022113923,A
train_3123377159,A
train_42207959,A
train_1698580469,A
train_3570575225,A
train_817098858,A
train_1666759135,B
train_1179416391,B
train_711042017,A
train_582240013,B
train_2573384428,B
train_269671734,A
train_1095404736,A
train_2757867636,B
train_1747707919,B
train_3043895290,B
train_2125298029,A
train_1616071295,A
train_1778503030,A
train_1851039036,A
train_3713329526,B
train_37629384,B
train_1798547553,B
train_63808729,A
train_3848430185,B
train_3719622129,B
train_2784780998,A
train_2895441172,B
train_3244152300,B
train_3767580580,A
train_2408563652,B
train_432829989,B
train_3971972217,A
train_1077431588,A
train_1456454670,B
train_1078159987,A
train_2220404479,B
train_3549908319,B
train_3781063098,B
train_3227426807,A
train_3255709588,A
train_2854446078,B
train_663244022,A
train_2752327336,A
train_334195089,A
train_1422625180,A
train_2116320073,B
train_2479785199,B
train_1805854656,B
train_2229888476,B
train_505874320,B
train_2168368961,B
train_4023800614,B
train_2185508910,A
train_914781911,B
train_3664728417,B
train_3804773252,B
train_2458177985,A
train_831555130,B
train_1824435193,B
train_1817830849,B
train_4049121652,A
train_1875418771,B
train_1374080458,B
train_305884580,B
train_4148088053,B
train_1736759326,A
train_3071150493,B
train_469136795,A
train_1700311275,B
train_1905898995,A
train_2927908092,A
train_2085229601,A
train_3667520026,A
train_4266563050,B
train_2146279151,A
train_4294536428,B
train_769809992,B
train_2697314994,A
train_2320389581,A
train_1672662567,A
train_333064285,B
train_206682210,A
train_1983058535,B
train_693562778,B
train_1986328034,B
train_3540773462,B
train_2874319685,B
train_3971099823,A
train_719431433,A
train_3098940485,B
train_3290621681,A
train_24102952,B
train_4224267758,A
train_2268725397,B
train_1018334835,B
train_2680227996,B
train_4139996754,B
train_1920564679,A
train_2723218914,B
train_2989967915,A
train_2457126168,A
train_2517649922,A
train_3087234249,A
train_4157769313,B
train_1354704315,B
train_1482552487,B
train_2617266147,A
train_2307290282,A
train_3630522412,B
train_3273191090,B
train_152088373,B
train_2614622776,A
train_559155862,B
train_1226241912,A
train_1016621342,A
train_2521291863,A
train_1620907629,A
train_1044669466,A
train_4068191592,A
train_28173981,B
train_728769572,B
train_3734425121,B
train_1743372719,A
train_540302865,A
train_15483509,B
train_1967179186,B
train_43865683,A
train_1543316237,B
train_2166002243,A
train_2333705544,A
train_3886904302,A
train_1787280150,B
train_352209655,A
train_1832409470,B
train_3509540769,B
train_2558647836,B
train_3437072136,A
train_33541516,B
train_3398737201,B
train_3345581488,B
train_1880897612,A
train_1293777148,B
train_739014040,A
train_683700150,B
train_1925422589,A
train_4043192407,A
train_341359276,A
train_3408064994,A
train_1584813615,A
train_1554882625,B
train_975890921,A
train_3084483541,B
train_3355823236,B
train_612260629,A
train_412662930,A
train_653545052,B
train_1998624108,B
train_3328939554,B
train_1728226647,B
train_620032589,A
train_1815564834,A
train_1519857078,A
train_3477309660,B
train_3412656406,A
train_2825389857,B
train_235177286,B
train_1007352162,B
train_2007313696,B
train_127383790,B
train_3246050970,B
train_38463933,A
train_3333559871,B
train_3024403050,B
train_531919303,B
train_3235714595,B
train_325317798,B
train_1255078407,B
train_636178895,B
train_2952244249,A
train_2956463868,A
train_590836001,A
train_563157063,A
train_4294120429,A
train_2819614836,A
train_2848314422,A
train_2759622847,A
train_1096412011,B
train_324144671,A
train_197574884,B
train_212580176,A
train_303743774,A
train_3252408645,B
train_2154758897,A
train_2565200017,B
train_2813067780,A
train_1518005107,A
train_1910962052,A
train_3985215324,B
train_881849592,B
train_3716440866,B
train_4136780766,B
train_3673646204,B
train_796848486,B
train_1244063261,A
train_2390942216,B
train_3641343340,B
train_1908965644,A
train_523363809,B
train_261951301,B
train_868297715,A
train_2840733589,A
train_1547711473,A
train_1455236527,B
train_2928402332,A
train_2725077043,B
train_865484290,A
train_3699301220,A
train_2148109532,A
train_1231415057,A
train_608356461,A
train_422374441,B
train_1342798453,A
train_2678108124,A
train_3692728330,B
train_2968005408,A
train_4199561596,A
train_163393760,B
train_803244889,B
train_2757915922,A
train_3434132357,A
train_461869626,A
train_3865058514,A
train_756126675,A
train_3141900476,A
train_101686569,B
train_979653467,B
train_2045544506,A
train_3523685315,A
train_452298409,A
train_545812551,A
train_2557744070,A
train_1610010412,A
train_527118952,A
train_2364999625,B
train_698203883,A
train_239432105,A
train_3878736395,A
train_985880123,B
train_2473382224,B
train_1848099657,B
train_1217730773,B
train_4144587542,B
train_1042314348,B
train_580582888,A
train_2510765797,B
train_213863092,A
train_1944611590,B
train_3385441458,B
train_735696086,A
train_4063122979,B
train_674041975,B
train_3248511514,B
train_3669764771,B
train_2230754774,B
train_3889452837,A
train_3767027123,A
train_593745087,A
train_129599320,A
train_2065228783,A
train_3870213490,B
train_1482495163,B
train_1233313080,B
train_1294487234,A
train_3511538239,A
train_3964150058,A
train_3979189105,B
train_3992227060,B
train_4205614313,B
train_2262729744,B
train_2481347849,A
train_2428513640,A
train_2788878732,A
train_2594893028,B
train_2902716958,B
train_660604902,A
train_1610614352,B
train_4154753792,B
train_662343654,A
train_2755905499,B
train_4141298225,B
train_2277924134,A
train_201644351,A
train_3383255849,B
train_2829161572,A
train_1855616774,B
train_3069827215,A
train_866733330,A
train_975561537,A
train_2243728099,A
train_1158330602,A
train_1379654027,B
train_1648091657,B
train_3285218444,B
train_2015658422,B
train_3679526723,B
train_3081370323,A
train_1725239991,B
train_1972705937,A
train_1014525841,A
train_4083715182,A
train_2211062636,B
train_2993610064,A
train_4231443873,B
train_2383537010,B
train_660437971,A
train_3726306826,B
train_862784445,B
train_3975020637,B
train_784214654,B
train_866794966,B
train_1117317568,B
train_4116084936,B
train_1608936846,B
train_1534342569,A
train_3762870754,B
train_1646195687,B
train_3147989217,B
train_2647202805,A
train_2815881965,B
train_2037488427,A
train_3981839620,B
train_3870189797,A
train_2639419003,A
train_3041184027,B
train_3959226353,B
train_2515146880,B
train_2328474373,A
train_1629954175,A
train_3567937748,B
train_2112659259,B
train_657636518,B
train_775329480,A
train_2520049290,B
train_2511907944,A
train_1560445550,A
train_3779312818,B
train_1075263264,A
train_3239425368,A
train_3557424567,A
train_1011578443,A
train_333630824,B
train_3254279425,B
train_3028990154,B
train_1735037920,A
train_3996958209,A
train_2968062485,A
train_165918880,B
train_2001864569,B
train_1866005900,A
train_3860064498,A
train_848031400,A
train_2190752055,A
train_2179950323,A
train_1344061655,A
train_2233909315,B
train_2223044282,A
train_4230771093,B
train_1993136394,A
train_3889256600,A
train_547666967,A
train_4167042886,B
train_2920879604,B
train_340767149,B
train_3089680369,A
train_924467621,A
train_642132649,A
train_1648651213,A
train_3699422831,A
train_241646306,B
train_1767017848,A
train_2272206642,A
train_1119375684,A
train_3258335386,A
train_599194733,B
train_3742666482,B
train_814691264,B
train_2005895397,A
train_774325344,A
train_686541160,A
train_2924423621,B
train_584435919,A
train_2536484603,B
train_2040967989,A
train_1467465001,A
train_2662652634,B
train_1586609700,B
train_2223189861,B
train_2851662,A
train_901688101,A
train_4229384979,B
train_423036027,A
train_66475012,A
train_1785974525,A
train_2646206980,A
train_420219351,A
train_1053316057,A
train_309471185,A
train_4025094834,B
train_1015272555,B
train_1986664785,A
train_745588513,B
train_2272480492,B
train_143666014,A
train_2588646242,A
train_124166961,A
train_1913074554,A
train_2501463196,A
train_460756857,B
train_3853580193,A
train_2788214893,B
train_2978492344,B
train_3327862172,B
train_2891737993,A
train_1739285670,A
train_1191930319,B
train_443311569,B
train_2576285682,B
train_2014329190,B
train_104918599,A
train_800889804,A
train_3485999019,A
train_785039550,A
train_820857988,A
train_816742396,B
train_1027729739,B
train_754866683,B
train_726436238,B
train_2088055067,B
train_2099080167,B
train_730861366,B
train_2911017787,A
train_379491893,A
train_52371274,B
train_2171615197,B
train_2512607642,B
train_1799274693,B
train_1586241120,A
train_600992233,A
train_3395705154,A
train_3854170450,A
train_3959679639,B
train_3300321634,B
train_4035834793,B
train_1605433846,B
train_3158768392,A
train_4258241452,A
train_3028891856,A
train_3039860015,B
train_3223246085,B
train_67216078,B
train_1005417777,A
train_166645986,A
train_1287165536,B
train_2809563668,A
train_1545663440,A
train_1501015700,A
train_2242643081,B
train_291244843,B
train_1788562624,B
train_3535057754,B
train_121127670,B
train_2753930766,A
train_83237149,B
train_1743776109,A
train_158808861,B
train_6241579,A
train_3790918665,A
train_3097713372,B
train_1562459247,B
train_203674692,A
train_1508895348,B
train_3929381339,A
train_2617475906,B
train_3861766435,A
train_2276784527,A
train_763317164,A
train_3630221272,A
train_1805906291,B
train_1265602885,B
train_2874417248,A
train_36508312,B
train_1543513113,B
train_3632362884,A
train_2882716789,B
train_2941597585,B
train_1391130791,B
train_3606841448,A
train_1710063044,B
train_2426431438,A
train_467235057,B
train_3414495230,B
train_3192928204,A
train_2506251636,B
train_1697339900,B
train_912736414,A
train_3564860297,B
train_1680441952,B
train_2710828031,A
train_3350644548,A
train_737701104,A
train_2119794665,B
train_261682953,B
train_850060428,A
train_3520800987,A
train_3990953202,B
train_102771198,B
train_3769433665,B
train_1604307785,A
train_2880913122,A
train_2966656749,B
train_172813413,A
train_215760627,A
train_4192494824,A
train_1043407996,B
train_3091337493,B
train_3548847063,B
train_2905853295,A
train_1484876308,B
train_895412887,A
train_3082224184,B
train_1855104293,B
train_1834831453,A
train_2303392436,A
train_2620906154,A
train_3371137580,A
train_2656021163,B
train_459848178,A
train_2357168229,B
train_1319025859,B
train_2038692971,B
train_2822628867,B
train_1422620898,B
train_1422283704,B
train_1771240478,A
train_946746566,B
train_2900656427,B
train_4285276890,A
train_863651854,A
train_2933289229,B
train_470018962,B
train_2907087402,A
train_3604588578,A
train_2854834737,A
train_64918479,B
train_445706358,A
train_547482873,A
train_1920242104,B
train_481998841,B
train_3236021729,A
train_2412775804,A
train_1922687721,A
train_441118178,B
train_1577098440,B
train_4192368104,B
train_4140989504,A
train_2541462550,A
train_1074897612,A
train_3219501503,A
train_1059823097,A
train_3238311671,B
train_2745569541,A
train_761898080,A
train_1188428383,B
train_1434957705,B
train_3544101584,B
train_1977491871,A
train_778215433,B
train_3448403685,A
train_4187881787,B
train_1924608863,B
train_1200130916,B
train_2822866664,B
train_3889830294,A
train_4097351780,B
train_1905440719,B
train_1144979117,B
train_2692613184,A
train_1604133068,A
train_2749097387,A
train_3134683592,A
train_1683280183,B
train_633982262,B
train_2803232659,A
train_2966399279,B
train_4152210112,A
train_214479468,B
train_3294864553,A
train_1250765386,B
train_1528545665,B
train_697167096,B
train_2073631815,B
train_1631277847,B
train_3392244413,A
train_3549038868,B
train_1534340458,A
train_1720992323,B
train_2718327730,A
train_959879012,B
train_1450804620,B
train_3120164204,B
train_2699125845,A
train_3489004297,B
train_3314707772,A
train_3710477850,A
train_690280147,A
train_3323657346,A
train_4238517916,B
train_3725471292,A
train_1544363187,B
train_3506568010,B
train_3068813196,B
train_629215108,B
train_2585918814,A
train_1641882347,B
train_1216033424,B
train_836567228,A
train_1936465303,A
train_376118626,A
train_2398992485,B
train_710085749,B
train_1259194574,B
train_145826461,B
train_3763196674,A
train_225989431,A
train_1101296451,A
train_3049195292,A
train_1143892414,A
train_2897993413,B
train_1635631837,B
train_2000596753,A
train_3148034330,A
train_1857362794,A
train_2897715552,B
train_1741645014,A
train_3792301782,A
train_153754027,A
train_49387330,B
train_331449382,B
train_1759041167,B
train_2521189312,B
train_2241401000,A
train_1061460046,A
train_3346042912,A
train_2848841772,A
train_3521351715,A
train_3641591765,B
train_2564703924,B
train_3003094342,B
train_1512904202,B
train_3642455607,B
train_2920207130,A
train_1448499764,A
train_2865013690,B
train_2527659042,B
train_3203272223,A
train_2494367387,A
train_1785006029,A
train_1348372617,B
train_1187662056,A
train_1977945726,B
train_1851811895,A
train_1034788054,B
train_2472397733,A
train_1127089854,A
train_2637601259,B
train_836369039,A
train_4148381363,B
train_843330214,A
train_939124705,A
train_1133966700,B
train_1225206510,A
train_799917659,A
train_505175560,B
train_278310253,A
train_505127195,B
train_3246247698,B
train_3709206090,B
train_4202871789,A
train_3088922435,A
train_1507194162,A
train_3886828709,B
train_102835266,A
train_1252445173,A
train_4059344799,A
train_3083301272,A
train_982725553,A
train_928276999,A
train_2700042576,B
train_3269035148,B
train_1012025512,B
train_2666269465,A
train_177136644,B
train_1605223031,A
train_1026366300,B
train_1106529266,B
train_1175574739,B
train_2594604400,A
train_115217781,A
train_1763260210,A
train_2530782075,A
train_3114669608,A
train_1107062772,A
train_2833966941,A
train_746703750,A
train_179601416,B
train_2778795097,A
train_1096868297,B
train_2977532364,A
train_3167295381,A
train_3825889461,A
train_2522911980,A
train_3672261442,B
train_3177318920,A
train_3635090822,A
train_1245074332,B
train_4004860386,A
train_2194013877,A
train_512297426,B
train_3208280657,B
train_756032768,B
train_2153866432,A
train_2662368470,B
train_3352349046,B
train_1002800682,A
train_3424980304,A
train_971926919,B
train_1517473754,B
train_967911395,A
train_2001377160,B
train_2093121531,A
train_1402702945,B
train_1248358305,A
train_3863191683,A
train_1137610960,A
train_1530381228,A
train_3466870843,A
train_1525472586,B
train_2944330222,A
train_3569659850,A
train_532660518,A
train_3264219814,A
train_3624188097,A
train_4290561303,A
train_43533397,A
train_2382820825,A
train_1850146320,B
train_3217442853,A
train_3911439118,B
train_852719805,B
train_2789242699,B
train_2993233834,A
train_4283961499,B
train_2315699169,B
train_4061307333,B
train_1018366203,B
train_95537778,A
train_2538521635,A
train_617293422,B
train_930064105,B
train_188597662,B
train_3260017982,B
train_14359232,B
train_2983763003,B
train_1446414816,A
train_1677612096,A
train_479980569,B
train_3960694942,B
train_3249267667,A
train_1346139841,A
train_181193863,A
train_515679748,B
train_242759122,B
train_3202990929,B
train_1014721953,B
train_2383137116,A
train_3991637379,B
train_395406256,B
train_1910856914,B
train_3970952486,A
train_3659039677,A
train_1992434235,B
train_2084899313,A
train_2142361660,A
train_3645996871,A
train_4178419804,A
train_2295805311,A
train_265111794,A
train_632824378,A
train_543076217,B
train_391337377,A
train_2659470237,A
train_3525504278,A
train_2338756893,B
train_2679080462,B
train_1331744123,A
train_2748651083,B
train_2873751457,B
train_3377050946,B
train_1725158673,A
train_1032038522,A
train_1580491126,A
train_48618955,B
train_2546948871,A
train_3218060299,B
train_1986374095,A
train_1327840112,B
train_3551564396,A
train_4252901485,B
train_2234417841,B
train_3840304866,B
train_357799836,A
train_151380610,B
train_4267691298,B
train_3651642296,A
train_2155111228,A
train_1144658748,A
train_1007328381,B
train_1258437188,B
train_1934684519,B
train_4068176566,B
train_2381804806,A
train_80490554,A
train_331436791,A
train_1484454319,B
train_112503137,A
train_4112972087,A
train_2349344461,B
train_1697364767,B
train_2014026787,B
train_2156199340,B
train_550872261,A
train_1110420245,B
train_1129270557,B
train_1930488629,A
train_1647457435,B
train_1064205981,B
train_3444754947,A
train_760894706,B
train_531930241,A
train_1348835815,B
train_98619170,A
train_3273040224,A
train_1845892823,B
train_2796243502,B
train_3442637537,A
train_2925437527,A
train_343169490,A
train_1059223830,B
train_3415569472,B
train_3296387473,B
train_2558504969,B
train_1032762673,B
train_3089241236,B
train_2384917973,A
train_684976348,B
train_1258377128,A
train_714756323,A
train_3555364833,B
train_104615151,B
train_2660178265,B
train_642933011,B
train_1684692220,B
train_3724532157,B
train_39193538,A
train_3847244429,A
train_3903258334,A
train_3024056050,A
train_1814156179,B
train_3489203471,A
train_3653943439,A
train_713428734,B
train_1445398281,B
train_1837400581,A
train_3693573145,B
train_698301312,B
train_3846947656,B
train_294481336,B
train_3122295724,A
train_2020786711,B
train_2665257054,B
train_3392502435,B
train_2901570425,A
train_3951880732,A
train_2533609590,B
train_2992472817,B
train_361518755,B
train_803431274,A
train_195827990,B
train_4056292552,B
train_876772927,A
train_4022615111,A
train_1609237242,A
train_4276194499,A
train_824948349,B
train_4198643859,B
train_1221682000,A
train_2649609039,A
train_1803751850,B
train_4009250351,A
train_1613122277,A
train_429095784,B
train_3548273533,A
train_495819976,B
train_1835376406,A
train_1495753847,A
train_318335005,B
train_1165116650,B
train_928541043,B
train_3836675966,A
train_170314070,B
train_3825928558,A
train_2880077040,B
train_949629321,B
train_3231359349,A
train_2325210644,B
train_811837284,B
train_1238603882,A
train_2105392449,B
train_2970788994,A
train_1429501207,A
train_588794911,B
train_3252769546,B
train_336966868,B
train_1799817756,B
train_1836696834,A
train_3558542890,B
train_3116035324,A
train_1788758310,B
train_1536006413,B
train_970246741,A
train_1898739959,A
train_770148006,A
train_1286299849,A
train_215201248,A
train_3883658392,B
train_3507624092,B
train_10703966,B
train_3731573739,A
train_1857035584,B
train_3997059536,B
train_3687628662,A
train_2022391154,B
train_796772147,A
train_2315989780,B
train_3011722562,B
train_1802524750,A
train_3438674731,A
train_673768107,B
train_3845864116,A
train_2534375072,A
train_869439929,B
train_2569602523,A
train_2812625328,A
train_4191161706,B
train_1276666031,A
train_1023916234,B
train_1736353261,B
train_2834506095,A
train_1981158457,B
train_1710566465,B
train_4214189853,A
train_584601975,B
train_342637970,B
train_1347656677,B
train_2490951609,B
train_1138668506,A
train_3434130728,A
train_553272265,A
train_2664551626,A
train_203937691,A
train_2075493723,B
train_272090252,A
train_239248155,B
train_626163330,B
train_2795921944,B
train_195703093,A
train_3758518816,B
train_274216971,B
train_3290587433,A
train_3355408589,A
train_4267624923,B
train_1189980728,B
train_536227524,B
train_1305785428,B
train_48476009,A
train_1027792354,B
train_671864912,B
train_3964641072,B
train_74951425,A
train_2829078153,A
train_3676963614,B
train_659884738,B
train_1403175086,A
train_3358726538,B
train_1870332421,B
train_3418869841,A
train_1994837668,B
train_262305875,A
train_2032306771,A
train_714944441,A
train_2300751667,B
train_851920492,A
train_3561361754,A
train_31935968,A
train_886002087,B
train_4177880699,B
train_3321524207,A
train_322120295,B
train_751384044,B
train_2436481562,B
train_3396412169,B
train_1051842465,A
train_1191830518,A
train_3885558258,B
train_4274125652,A
train_1210362773,B
train_1061612744,B
train_4291361887,B
train_4029929676,A
train_581445038,B
train_1333047654,A
train_163879507,A
train_1233486111,A
train_330917563,A
train_4035896140,B
train_891793627,B
train_1295383668,A
train_3683043918,B
train_1201270498,A
train_3824114445,A
train_495294808,A
train_2876085530,B
train_1742398556,A
train_396196244,B
train_1092469200,B
train_1492521453,A
train_3716041149,A
train_814190272,A
train_1500319162,A
train_2512107236,B
train_2279885562,B
train_2341905830,A
train_4218560595,B
train_429414754,B
train_1240702583,A
train_2699604400,B
train_2861679658,B
train_1652682673,B
train_2387877105,A
train_2211282947,B
train_1440138446,B
train_3865654472,B
train_1999114349,A
train_4189113094,B
train_611454874,A
train_1177573553,B
train_2523691568,B
train_3159700565,B
train_1160538249,B
train_2691673011,A
train_2252347761,B
train_2221189489,A
train_2145025864,B
train_3458950005,A
train_2468152289,B
train_2004653831,A
train_2338762420,A
train_3823345779,A
train_840114362,B
train_2320290795,B
train_2744598554,A
train_2422388948,B
train_1320635644,A
train_1504597168,A
train_3227564190,B
train_4228174610,B
train_2529238582,A
train_4069746180,B
train_342543451,B
train_3432541273,A
train_2136892893,A
train_4257136523,B
train_4055380654,B
train_114587169,B
train_201376339,A
train_3804743817,A
train_3115263518,B
train_592416652,A
train_2591215007,A
train_1350379458,B
train_1798860675,A
train_2485457154,A
train_3084638472,B
train_679749792,A
train_1958259262,B
train_673681421,A
train_4267716570,B
train_13692217,B
train_4202721958,B
train_2610094005,A
train_2676167242,A
train_1386591626,A
train_3650829043,A
train_2599913078,A
train_4034471436,A
train_1189794181,B
train_4047827851,B
train_478136409,A
train_690288721,B
train_1788709708,A
train_1019334362,B
train_1602943191,A
train_1419360929,B
train_1264917017,A
train_590280812,B
train_1709401292,A
train_20939766,B
train_2819103511,A
train_4220330127,B
train_185854697,A
train_3466253051,B
train_3336571686,A
train_144478806,A
train_2266041454,A
train_3106543429,B
train_1841316132,A
train_3744997355,B
train_3627650209,B
train_2491509480,B
train_1191624235,A
train_2466028410,A
train_1753606974,A
train_3520836374,B
train_3333914170,A
train_2245734233,A
train_2959484927,A
train_1423319877,A
train_2127105068,A
train_1456994857,A
train_3776892887,A
train_3572766330,B
train_2383249508,A
train_3084977889,A
train_2862528842,B
train_1903504903,B
train_1254764034,B
train_2912643768,B
train_2003482099,B
train_1820528552,A
train_1405395837,B
train_3331542684,A
train_2733278772,B
train_3653456112,B
train_1218725871,B
train_1177177198,B
train_3757569400,A
train_1125288942,A
train_1300595635,A
train_2332501080,A
train_3057152496,A
train_3532908129,B
train_949462386,B
train_2829381839,B
train_429155158,B
train_2618599115,B
train_2982726854,A
train_2451300550,A
train_2474245463,A
train_3408137259,A
train_359119894,B
train_590442048,B
train_2679218571,A
train_3914488276,A
train_4279055919,A
train_1175604619,A
train_3082379360,A
train_795505113,B
train_1016728949,B
train_3307583095,A
train_498545408,B
train_10984860,B
train_4089731039,A
train_3256317337,B
train_2709447254,B
train_2073085183,B
train_3237870770,B
train_2103222905,B
train_21849672,B
train_2620721772,B
train_1073247888,B
train_4271456313,B
train_3721212137,B
train_359704519,A
train_96274527,B
train_2620378311,B
train_2582218799,B
train_100315994,B
train_1293290246,A
train_1280553309,B
train_725991339,B
train_2608863143,B
train_3328154104,B
train_2029262940,B
train_4134499941,A
train_2713588832,B
train_2657933415,B
train_3977055509,B
train_2342665196,A
train_4227759523,A
train_2157767075,A
train_399069218,A
train_2462990306,A
train_3231189905,A
train_3619767761,A
train_2236562764,B
train_1834352946,A
train_859968224,A
train_3230754971,A
train_3814470355,A
train_2124872440,A
train_932470096,B
train_872361650,B
train_2708501565,B
train_1358933070,B
train_776919402,A
train_2127714774,A
train_3282808089,A
train_1599861747,B
train_116007393,B
train_1084009550,B
train_547195405,A
train_3347240993,A
train_3742101210,A
train_3146856007,A
train_3623729973,A
train_3263842216,A
train_1010625996,B
train_3441737294,A
train_1855754906,A
train_4041939824,B
train_4219313417,B
train_3973437958,B
train_3112017893,B
train_410910709,B
train_1048206788,B
train_1685565504,A
train_4009295657,A
train_791608605,A
train_2043268531,B
train_3518610624,A
train_939021212,B
train_3132135789,A
train_943639754,B
train_1280397335,B
train_429013835,A
train_2632789577,A
train_919452521,B
train_2325674709,B
train_2747781252,B
train_1870110089,B
train_16348519,B
train_1354326273,B
train_846192553,A
train_1274836175,A
train_1746262448,B
train_2235841405,B
train_3795854797,A
train_399435290,A
train_1853119774,A
train_3014201489,B
train_2424403351,A
train_3830824861,A
train_167960452,B
train_829185352,A
train_4083776474,A
train_2029969257,A
train_2036340727,A
train_3322895924,B
train_1981739632,B
train_1635990156,B
train_1585378175,A
train_910845835,A
train_4213182355,A
train_1418962350,A
train_552143082,A
train_1542450446,A
train_1167705791,A
train_356132465,A
train_1663910417,B
train_2571411499,B
train_3433764644,A
train_1638447231,A
train_328650456,A
train_1711736952,B
train_2065585954,B
train_3847259270,A
train_1789523991,A
train_332429881,B
train_912990217,B
train_1557333656,B
train_3349053697,A
train_2534646575,B
train_1959444369,B
train_452060822,B
train_2151437244,A
train_881007993,A
train_2292515260,A
train_3360018931,B
train_358275696,A
train_1329386905,A
train_1648274367,A
train_2242194256,B
train_1366396800,B
train_3052716160,A
train_3840932299,B
train_2865985706,B
train_2060670430,A
train_3931407954,A
train_140871428,B
train_2951301741,A
train_1962790504,B
train_1303795934,A
train_3010824279,A
train_992466984,A
train_1820791472,A
train_394025777,A
train_3131504612,A
train_3269187671,B
train_2655498615,B
train_1358635562,A
train_3711290862,A
train_2428250552,B
train_4098392160,A
train_466174031,B
train_1848134826,A
train_2416004796,A
train_1594091164,B
train_4033011778,B
train_3700767755,B
train_4147496222,A
train_1615258893,A
train_577475218,A
train_429660402,A
train_2075613407,B
train_1007640328,B
train_2236465117,A
train_2949163854,A
train_2226260584,A
train_3290848650,B
train_3171305414,A
train_2330208712,A
train_648093203,A
train_106904747,A
train_2121545161,B
train_3005505164,A
train_1561793019,B
train_4210974379,B
train_3007224379,B
train_632561614,A
train_3291391730,B
train_210700185,A
train_3602080903,A
train_1580941821,A
train_2509297541,A
train_2696004910,B
train_2671212181,B
train_702603526,B
train_873959451,A
train_691545828,A
train_459713225,A
train_3723189636,A
train_3967012505,B
train_2556556546,B
train_3685771489,B
train_95018095,B
train_843663648,B
train_4271118458,A
train_2388554702,B
train_3581997586,B
train_452564542,B
train_1125823538,B
train_982374199,B
train_2426850432,A
train_1225687579,A
train_2060715908,A
train_1244259050,A
train_1630060072,A
train_1740344762,A
train_4008585159,A
train_4260322050,A
train_300378675,A
train_2687306052,A
train_2075728279,B
train_3647157621,B
train_339623003,B
train_2822058923,A
train_1027347671,B
train_2020558642,B
train_3703986742,A
train_922323290,B
train_3547669714,B
train_2805154018,B
train_3340371184,A
train_197729896,A
train_568164955,B
train_2137637747,B
train_1414182923,A
train_1120313519,B
train_2312899670,B
train_2658218617,A
train_1772615985,B
train_1744586363,B
train_702690747,B
train_618290050,B
train_3904743025,B
train_1301171326,A
train_2398200196,B
train_3326211005,B
train_872327963,A
train_1133887341,A
train_2091002355,A
train_3871434011,B
train_97731197,A
train_3842194738,B
train_684369530,A
train_1723036052,A
train_3284619455,B
train_1683955778,B
train_2080563218,A
train_878775443,A
train_3778539111,B
train_897904028,B
train_720116982,A
train_3290391633,B
train_2681268381,B
train_909402898,A
train_2951514747,A
train_216546879,B
train_2957294610,B
train_2479183751,A
train_3482259528,A
train_309117009,B
train_3918357063,A
train_587505930,B
train_145741217,A
train_2254693897,A
train_1755928245,B
train_477561587,B
train_3715741987,A
train_3585065114,B
train_3540601081,A
train_3474460421,A
train_1271990603,B
train_64998802,A
train_3405008424,B
train_1513169855,B
train_4023080310,B
train_4059071300,B
train_3546013642,A
train_2610909094,B
train_3391234391,B
train_3754288738,A
train_76616935,B
train_1161576413,A
train_2926011892,B
train_2079546632,A
train_1685205622,A
train_2579440138,A
train_2387135261,B
train_403129915,B
train_3308537549,B
train_3403895907,B
train_2309932772,A
train_659532316,A
train_4181581264,A
train_3193375759,A
train_1005482899,A
train_1796897450,A
train_2948872768,B
train_997630257,B
train_707874029,B
train_4275034766,A
train_752143145,B
train_629589488,A
train_2030439061,B
train_1008509062,B
train_76449072,A
train_3865846441,A
train_1481123795,B
train_1221993049,A
train_2996781474,B
train_3682579721,A
train_2318602938,A
train_236582396,B
train_543198761,A
train_2342006374,A
train_1970048706,A
train_2439138764,B
train_797195794,A
train_4105545198,B
train_2972519639,B
train_819150662,B
train_2065089313,B
train_1172753280,B
train_1007446483,A
train_2868882140,A
train_354820436,A
train_1951706669,A
train_2566111263,B
train_2396781056,A
train_3358018941,B
train_3861135257,A
train_2411544001,A
train_304181113,B
train_2257524615,B
train_2502395000,B
train_1878909928,A
train_3067992737,A
train_2826169965,B
train_2330340220,A
train_3907765558,A
train_2490545960,A
train_4016302380,A
train_1324361852,A
train_1884463361,A
train_3447395030,A
train_4044598788,B
train_1284865658,A
train_38592613,B
train_1903443799,A
train_522887319,B
train_3250326902,B
train_1853009475,B
train_907816579,B
train_3859137276,A
train_157376698,B
train_158750766,B
train_2183602992,A
train_3734653723,A
train_122735420,A
train_2808278936,B
train_1453101340,A
train_1129570641,B
train_1086514769,A
train_3270271149,A
train_983171229,A
train_2410928535,B
train_799432869,A
train_712369123,A
train_1643485252,B
train_2950115006,A
train_3358036755,B
train_3348826610,A
train_2477344098,A
train_1353753107,B
train_1624215119,A
train_1251267969,B
train_3968021024,B
train_386686193,A
train_3206688990,A
train_4060001185,A
train_3956071017,B
train_3767628061,A
train_1898230521,B
train_4080245964,B
train_1730790924,A
train_1080390869,A
train_1878848141,A
train_1753496181,A
train_706367727,A
train_3544556277,A
train_1490061411,A
train_1687855798,B
train_997868551,A
train_1983774337,A
train_4234390991,A
train_2700138963,A
train_1357710802,B
train_2204096692,A
train_1577965336,A
train_1319313079,A
train_4205413314,B
train_2418052141,B
train_552107239,A
train_355924239,B
train_2345115084,B
train_812418204,B
train_996151815,B
train_2335267010,B
train_4278931959,A
train_2108497306,B
train_2343464454,A
train_3441972079,B
train_822294613,B
train_507519220,A
train_489787250,A
train_2542011479,B
train_1256469590,B
train_3855318312,B
train_83881424,B
train_474354978,B
train_1438823119,B
train_3915320029,A
train_1739811620,B
train_1215672815,A
train_4264959646,A
train_768266680,A
train_1163264728,B
train_3257991431,B
train_1556968765,A
train_1937088945,A
train_258861567,A
train_10811831,B
train_2159791112,A
train_1297449548,A
train_513793522,B
train_1243496364,B
train_4050110199,A
train_2969812242,B
train_3120228165,B
train_2519330360,A
train_3014069137,A
train_2413469873,A
train_3546299200,B
train_288812743,B
train_1423216420,A
train_4146922429,B
train_4198413354,A
train_1646556739,A
train_1513571306,B
train_1379402461,B
train_439418976,A
train_1401220757,B
train_1184954022,A
train_742570609,A
train_1464490246,A
train_928950357,B
train_928758319,A
train_3899517264,A
train_3320344679,A
train_3767802996,B
train_3365777990,A
train_3831709523,B
train_802081389,B
train_1022900572,A
train_469278031,A
train_2695624595,B
train_2686193684,B
train_758259428,B
train_654077291,A
train_444954084,B
train_3692020911,A
train_1101059409,A
train_4135792327,B
train_3114206259,B
train_1856757109,B
train_2663774844,A
train_2367623052,B
train_297862382,B
train_1302774700,B
train_1801916292,B
train_4074634213,A
train_3288139551,B
train_1110783679,A
train_3458709564,B
train_357794496,B
train_443871759,B
train_1984599666,B
train_1519022568,B
train_3770267143,B
train_730214110,B
train_1038441877,A
train_2952628752,A
train_647679168,A
train_2868528326,A
train_4288626183,A
train_2040279777,B
train_616728941,A
train_3031550044,A
train_2219496981,A
train_2916178725,A
train_4224765741,A
train_4086199241,B
train_4078787477,A
train_2271110143,B
train_2494128772,B
train_3264363734,B
train_4105558222,B
train_1380161960,A
train_1395219642,B
train_382369912,B
train_2889183458,A
train_335163176,A
train_2658353239,B
train_980852755,B
train_455368602,A
train_3390692881,A
train_48867175,A
train_2213672201,A
train_23056443,B
train_1005373935,A
train_2438575619,B
train_2418157841,B
train_1991908344,B
train_396631783,A
train_1670154044,B
train_1228927711,A
train_2576103491,B
train_96041043,B
train_1726506155,B
train_3852647597,A
train_2688549257,B
train_727994445,B
train_807746574,B
train_3396003856,B
train_1668058467,B
train_3337039753,B
train_528659985,B
train_2095902709,A
train_646274329,A
train_2121441004,A
train_1603885453,A
train_1543181246,A
train_4196788803,A
train_3646275694,A
train_1418906921,A
train_479847044,A
train_3667038859,A
train_4127424127,A
train_3246752683,B
train_3239479503,B
train_3895444079,B
train_1090930874,B
train_2599526885,B
train_4063420841,B
train_3884225424,B
train_3514696314,B
train_3355961159,A
train_887322235,B
train_2620885138,A
train_1026805303,A
train_4236629532,A
train_1696208176,A
train_3979270345,B
train_3343516218,B
train_2567349850,B
train_1174544705,B
train_1628579076,A
train_3531593531,B
train_2686162180,A
train_3648207151,B
train_355876310,B
train_795716890,A
train_1099367395,B
train_2421423234,A
train_1119421416,B
train_2632518897,B
train_914905673,B
train_1598604332,A
train_1761564803,A
train_76873094,B
train_1128869289,A
train_3096828867,A
train_3357711065,A
train_1633303218,A
train_2338443281,A
train_3543981918,A
train_336541468,A
train_821838594,A
train_3252202177,A
train_2599365006,B
train_1323229011,B
train_2694488436,A
train_3465131873,B
train_739707797,B
train_861302437,B
train_3119233487,A
train_1942816980,A
train_414562930,A
train_4130662197,A
train_2847641686,B
train_770167835,A
train_2511627470,A
train_1842005873,A
train_921763449,B
train_1550228268,B
train_3960033304,A
train_671286325,A
train_2365847935,B
train_1661643412,A
train_3448210075,B
train_308937634,A
train_2778999035,A
train_2471243090,A
train_3274365142,A
train_2826148374,B
train_3629196956,B
train_3750012098,B
train_1339842959,A
train_1577819542,B
train_1831233441,B
train_3551356580,A
train_417857744,A
train_3952013852,A
train_1482448511,A
train_2756897082,A
train_56255786,B
train_2155756242,B
train_3225192874,A
train_546070236,B
train_518201765,A
train_980310423,A
train_959905608,B
train_3989790467,A
train_467196729,A
train_3505386994,B
train_1432980172,A
train_1956904817,B
train_3338067083,B
train_2676992898,A
train_1519166571,A
train_3495966315,A
train_4204515404,A
train_4172215269,B
train_2363308906,A
train_134715840,A
train_3070088159,A
train_3631543400,A
train_2201298542,A
train_106977066,B
train_1165333101,B
train_2903166619,A
train_4047390538,B
train_2719838739,B
train_1528423085,A
train_4187338609,B
train_164400283,B
train_4153223724,A
train_2072717526,B
train_1516573836,B
train_375972794,B
train_1327901852,A
train_753533759,B
train_4167501582,B
train_761836328,B
train_2425402503,B
train_1389114030,B
train_1687266284,B
train_1724556465,A
train_1296589085,B
train_1643107217,B
train_4205476368,A
train_2745836933,A
train_980054158,B
train_781695618,B
train_2868096276,A
train_3608372934,B
train_2254214753,B
train_4023689856,B
train_1277638567,A
train_3688157200,A
train_221812587,A
train_524916026,B
train_2798089492,B
train_126792763,B
train_3665887826,B
train_1735171045,A
train_4276357741,B
train_147866258,B
train_2605973918,B
train_3624613197,A
train_275774803,A
train_418385389,A
train_2830103730,B
train_3544500935,B
train_3364684649,B
train_3995094936,B
train_2159360256,A
train_1025825716,A
train_1661772888,A
train_802789874,B
train_188408030,B
train_1670079968,B
train_2725233289,A
train_3109127293,B
train_1802638869,B
train_946608678,A
train_3511192217,A
train_2468430645,B
train_3359113737,A
train_1587395971,A
train_2516037115,B
train_606787439,A
train_129898249,B
train_2658426624,A
train_745943795,A
train_1141117666,A
train_3773898471,A
train_2032123028,B
train_2054234281,B
train_500507172,B
train_323465319,A
train_3028610958,B
train_277588668,A
train_423064729,A
train_2126519316,A
train_4074846898,B
train_1556671861,B
train_135624447,A
train_3166616877,B
train_1390366037,B
train_2800955481,A
train_1823606767,B
train_4173769203,B
train_2072357627,A
train_4056968189,B
train_990793677,B
train_3111285501,A
train_3327427478,B
train_1443830533,B
train_4183442715,B
train_3301554724,B
train_3790640384,B
train_1008198087,B
train_3502440837,B
train_2421369800,A
train_2004247623,A
train_3187244125,B
train_3811389597,A
train_3659834506,A
train_2907290958,A
train_492744726,B
train_555645037,A
train_2533825857,B
train_2307955749,B
train_3273003631,A
train_1013354152,A
train_3566230006,A
train_1827035192,B
train_1390079180,B
train_257738882,B
train_2600730584,B
train_814231828,A
train_2985347255,A
train_1976679300,A
train_4027316093,B
train_3780990792,B
train_1286535379,B
train_1874494631,A
train_2176069686,B
train_49767588,B
train_3681688464,B
train_2031093415,B
train_2623642580,B
train_3933532271,A
train_2735094382,B
train_2620814242,A
train_2150864496,B
train_4088612659,B
train_914489157,A
train_1029000374,B
train_1029900113,B
train_2614832113,A
train_2698800657,A
train_2478098011,A
train_1781593230,B
train_2090042500,A
train_889614566,B
train_3111040359,B
train_1161773582,A
train_3246013714,B
train_3926860779,B
train_2639768342,A
train_323149878,A
train_2881075342,A
train_2847544732,B
train_2493073001,A
train_2924948899,B
train_3765311057,B
train_3240200048,A
train_4292360632,A
train_2113340777,B
train_1885677639,A
train_600604557,A
train_1985181997,A
train_1479705535,B
train_3579993781,B
train_1061695682,A
train_3175477763,B
train_1657511426,A
train_3260401233,A
train_33017878,A
train_45599683,B
train_2573807077,B
train_2199539263,A
train_2466621211,A
train_3205849397,A
train_3890165106,B
train_475857941,B
train_2690906433,A
train_4201580611,B
train_4248021964,B
train_1607262006,B
train_1485465876,B
train_371798265,A
train_2082129393,A
train_2626815489,B
train_3142552678,A
train_3011723573,B
train_619734153,B
train_1307235789,A
train_3743345015,B
train_390755656,A
train_1646752220,B
train_2258057492,A
train_2406956358,B
train_1322036999,A
train_643264287,B
train_3344756233,B
train_2151396656,B
train_1973320936,A
train_1995478389,B
train_4257223524,B
train_1841335556,B
train_3054150795,A
train_3959928745,A
train_1036258283,B
train_575959766,B
train_2410964577,A
train_1881994435,A
train_1748785504,B
train_2091737133,B
train_3095668229,B
train_285959711,A
train_1923788617,B
train_4117174693,B
train_1464157396,A
train_1610221569,B
train_3681532274,A
train_1641860585,B
train_1437436440,A
train_3003421228,A
train_3386323765,A
train_2851883228,B
train_2557123225,A
train_2507939814,B
train_1615751463,B
train_3971321283,B
train_1021255714,B
train_3681922965,B
train_547288161,A
train_1482159819,B
train_2864476530,B
train_229177718,B
train_2599912967,B
train_3278173918,B
train_3885087833,B
train_954269940,A
train_1357564769,B
train_1281941565,A
train_2548624908,A
train_3530557774,B
train_326371582,A
train_1587097244,B
train_373919223,A
train_683936707,B
train_3924848794,A
train_1865296362,A
train_3112960960,A
train_1575605146,B
train_1623858437,A
train_2037424479,B
train_3168566989,A
train_1763422476,A
train_3060260399,A
train_3241445981,B
train_227941223,B
train_115463069,B
train_2555253113,A
train_62330546,A
train_3506195493,B
train_1794636981,A
train_866783947,B
train_1196553651,B
train_1611352137,B
train_3711756310,A
train_2685451963,B
train_3269508590,A
train_3508339043,B
train_166522019,B
train_1166656904,A
train_150004523,A
train_116650027,A
train_1808931127,A
train_518561022,B
train_1111798963,A
train_4131509957,B
train_3058442634,B
train_3792387309,A
train_764662438,A
train_2206554407,B
train_1490816985,B
train_3005706203,B
train_1772166689,B
train_2161211767,A
train_3266016023,A
train_389056139,B
train_599922994,B
train_3624351747,B
train_2404141586,B
train_1636843213,A
train_1392480653,A
train_2452915579,A
train_1114062713,B
train_3113328007,A
train_644504147,B
train_1416736422,A
train_1194857462,B
train_552116242,A
train_3823983065,B
train_852713149,A
train_4195718701,A
train_2574864013,A
train_3276960691,A
train_3826439112,A
train_385942559,A
train_1622948922,A
train_2885249984,B
train_2708929853,B
train_510666025,A
train_45710717,B
train_1605719016,B
train_70233077,A
train_666627179,B
train_3526771004,B
train_1731242669,B
train_3952641780,A
train_2698692624,A
train_393231770,A
train_1466285436,A
train_627475146,A
train_3366673512,A
train_4199111972,A
train_252312165,A
train_3474020050,B
train_2358533736,A
train_3923008503,A
train_4024032078,A
train_4002392833,A
train_3487073929,A
train_3674913773,A
train_3099570705,A
train_56627806,B
train_1502549164,B
train_2422727042,A
train_1823753834,A
train_179409200,B
train_4247286989,A
train_477257684,A
train_3445884706,A
train_4089611294,B
train_3779460008,B
train_3057229920,B
train_3586380358,B
train_2576234944,B
train_3209405510,A
train_3248441377,A
train_3285130831,B
train_2007810770,A
train_4223409596,A
train_1911430884,A
train_2020210174,B
train_1314620120,B
train_2498926416,A
train_213555420,B
train_1859060005,A
train_884660759,B
train_2529521109,B
train_2941685971,A
train_2658881937,A
train_1113037282,B
train_277518592,A
train_4107253397,B
train_107435437,B
train_1580449756,B
train_4292421246,B
train_3990319577,B
train_680065461,B
train_1795788382,A
train_1525971777,B
train_3633377568,B
train_3391985594,A
train_3393518963,B
train_3249085190,A
train_2376814932,A
train_557466540,B
train_2014006429,A
train_2963418781,B
train_229926161,B
train_1184381344,A
train_3018965411,A
train_880698637,B
train_4224185228,A
train_1255441640,B
train_4158223690,B
train_3319212232,A
train_3434353278,B
train_1636915192,B
train_1286154407,B
train_113255588,B
train_4080511181,A
train_3772614790,B
train_2469248681,B
train_181991,A
train_3953723136,B
train_2157965387,B
train_3223254662,B
train_2930414767,B
train_2740619290,B
train_2717736891,B
train_2758798565,B
train_3184008634,B
train_2627003425,B
train_272024471,B
train_1796048911,A
train_2168425139,A
train_3364519909,B
train_4124230981,B
train_2873715986,A
train_1627968969,B
train_4167024709,B
train_1547440356,A
train_2725648837,B
train_1454999748,A
train_1106680837,A
train_4257050043,A
train_203187071,A
train_3334586040,A
train_4203645307,A
train_3637239268,B
train_3348154333,B
train_2673610305,B
train_775438536,B
train_3611189797,A
train_3924125565,A
train_2745375477,B
train_1513404164,B
train_3760264656,A
train_1033737415,B
train_4180083832,B
train_3101202238,B
train_1663710022,A
train_376676139,A
train_1803576655,A
train_1217724113,B
train_2587152820,B
train_973164729,B
train_207366966,B
train_4059137774,A
train_556227538,B
train_1468848331,A
train_4204629846,B
train_1524079053,A
train_2819519089,A
train_1383969166,A
train_3876493226,B
train_2835899194,A
train_702081798,A
train_1850210509,A
train_3653987071,B
train_131255814,A
train_1482989726,A
train_3100080731,B
train_3685857758,A
train_3811737904,A
train_3875578554,B
train_4240500058,B
train_2592312738,B
train_1913625791,A
train_1918393435,B
train_3779691702,A
train_2276496409,A
train_3132359252,A
train_223427393,A
train_2736244448,B
train_2669010449,A
train_2708611080,B
train_1582185086,B
train_2240426998,A
train_3821068890,A
train_318679590,A
train_251723466,B
train_1559645652,A
train_3002498207,B
train_544350031,B
train_1587584120,A
train_2395100372,B
train_1630562886,A
train_941904187,A
train_1992738997,B
train_2335587699,B
train_3793314742,B
train_3643159741,B
train_3203657600,B
train_888196746,A
train_3784485390,B
train_2654682772,B
train_3097486014,A
train_1570658389,A
train_3194263059,A
train_136737936,B
train_2057764463,A
train_1807675841,B
train_2744600751,A
train_2258929039,A
train_3077614471,B
train_656725242,B
train_4051302403,B
train_2755240465,B
train_267639888,A
train_614322279,B
train_3444084506,B
train_1993814262,B
train_105936661,B
train_2425562514,B
train_2640092455,A
train_2152347872,A
train_4186482390,B
train_1122170409,B
train_373063452,A
train_2124123795,A
train_2923267525,B
train_2471418792,B
train_3842913836,B
train_4238545699,A
train_2160269935,A
train_2407632935,B
train_96512604,B
train_2389905369,A
train_3275683969,B
train_2354275802,B
train_292502392,B
train_785575652,B
train_411040345,B
train_2169696697,B
train_3057844057,A
train_1715031956,A
train_2859820744,A
train_3736379506,A
train_512268036,A
train_405425916,B
train_1429863508,A
train_3396673644,A
train_2928592022,B
train_2258347727,B
train_544284635,B
train_1200008468,A
train_83638257,A
train_470754384,B
train_2704257905,A
train_1928714217,B
train_582875759,A
train_2807856480,A
train_2919271810,B
train_2986744102,A
train_1738229430,A
train_4045348921,A
train_1636116034,A
train_3049041829,A
train_1132337753,B
train_171291461,A
train_2500437271,B
train_1141045449,A
train_795075756,A
train_511423035,B
train_866258068,B
train_3337705286,A
train_1816248006,B
train_1017546839,B
train_4068639653,B
train_2548384301,B
train_3562756742,A
train_3066612360,B
train_3198137791,B
train_924401858,A
train_1273401808,A
train_1924360514,A
train_1801872723,B
train_2770358582,A
train_1126406905,A
train_3342154629,B
train_4192230341,A
train_1839865958,A
train_2167984160,B
train_1687393782,A
train_3936560112,B
train_3223500988,B
train_2680574617,A
train_1563438310,A
train_898656837,A
train_282632898,A
train_1686967210,B
train_2222564184,B
train_1302955135,B
train_1811366176,A
train_1904802157,B
train_3510723472,A
train_1681180677,B
train_3316636979,A
train_545879371,A
train_465253690,A
train_1381270740,A
train_2290895189,A
train_2890509996,A
train_58141553,A
train_4055505905,A
train_3304208423,A
train_2485234145,A
train_2184537787,B
train_711567932,B
train_144807267,B
train_4037417874,B
train_3389857565,A
train_276860844,A
train_1786875635,B
train_242162225,B
train_1931867146,A
train_32003675,A
train_1702248285,B
train_799997911,B
train_2866477735,A
train_2662585468,A
train_2032985524,A
train_556565920,B
train_700948290,A
train_2760031252,B
train_3025012774,A
train_1437934855,B
train_1617929803,A
train_3281714792,A
train_3746903356,A
train_1532945444,A
train_4106343822,B
train_1954585914,B
train_4263936166,B
train_1483818866,A
train_1419137723,B
train_908819127,B
train_3646030103,B
train_2792595469,A
train_611477177,B
train_3338936956,B
train_3949902158,B
train_1747702871,A
train_2390025923,B
train_1417677050,A
train_2712600415,B
train_806743261,A
train_2234857938,A
train_869196949,A
train_2070588658,A
train_1827810751,A
train_3004357454,A
train_413507128,A
train_1101178127,B
train_3815949790,A
train_1106235122,A
train_3033169689,A
train_3344548852,A
train_558533866,A
train_3615646826,B
train_1712739855,A
train_2580072885,A
train_1854681439,A
train_274127789,A
train_2317273629,A
train_1750723831,B
train_916590896,A
train_2444838618,A
train_2781306332,B
train_4222078656,A
train_861855769,B
train_1598886877,B
train_409083230,A
train_1878157145,A
train_2540759500,A
train_3331058393,A
train_45716986,A
train_497381227,A
train_3633180077,B
train_3911929308,B
train_360320389,A
train_2578250429,A
train_1405319953,B
train_1322798701,A
train_3104055495,B
train_293472293,A
train_1343504071,A
train_865601337,B
train_990754815,B
train_1150389885,B
train_2972780266,B
train_1117863674,A
train_2667184724,A
train_1741855988,B
train_2360098088,A
train_3415250287,B
train_3951966075,B
train_620570788,B
train_1612558328,B
train_3833546815,B
train_2718560050,B
train_3953206267,B
train_1465256167,B
train_1775186692,B
train_1659241039,B
train_3145876976,B
train_1778288070,B
train_1947799228,B
train_248143217,A
train_1453300801,A
train_2854959260,B
train_298012162,A
train_1598031967,A
train_392424058,A
train_2839307977,A
train_2620538863,A
train_1070848474,B
train_4031253781,A
train_1468096058,B
train_3032098976,B
train_3888937445,A
train_3576001540,B
train_118604281,B
train_1157582002,B
train_2792700756,B
train_2808057581,A
train_3518681374,A
train_2485033682,A
train_3661679277,A
train_539529281,A
train_3162616317,A
train_1932416448,A
train_1223166982,A
train_3446830684,A
train_585572837,B
train_3265336025,B
train_1091333830,B
train_2087022442,B
train_3618715625,A
train_3501179709,A
train_693336917,A
train_24771716,A
train_2317280501,A
train_2172730290,B
train_3543724818,B
train_1075378392,A
train_4249018620,B
train_1166448375,B
train_304049170,A
train_567762578,B
train_1276466323,B
train_3594957739,B
train_725595875,A
train_442578476,A
train_2630177567,B
train_1481222881,A
train_2822677504,B
train_1773684019,B
train_3043114964,B
train_3389317516,B
train_3692764203,A
train_742571280,A
train_2220625787,A
train_350609627,B
train_2374252707,A
train_3901270030,B
train_4120412828,A
train_303791282,B
train_1575495196,A
train_3282795087,B
train_708708805,B
train_1449806723,B
train_3364458308,B
train_299257295,B
train_59217858,B
train_2472611088,A
train_148666676,A
train_1650912459,B
train_658008131,A
train_2552461887,A
train_397763177,B
train_255936994,A
train_815308330,A
train_11397669,B
train_203427216,A
train_1099236716,A
train_276788239,B
train_2113284461,A
train_1951564447,A
train_2100677887,A
train_645798578,A
train_1063291191,B
train_36634846,A
train_969795691,A
train_2260077310,B
train_1351225002,B
train_4257347475,A
train_1750956381,A
train_3336639505,A
train_1716623095,B
train_1698463128,B
train_1860103801,B
train_1296329920,A
train_3479664039,A
train_809205359,A
train_393866642,A
train_2367677626,A
train_2884198843,A
train_2919985952,B
train_1400223274,B
train_2626324009,B
train_508118813,B
train_1330501338,A
train_3703225673,A
train_254516431,B
train_658737175,B
train_1540220269,B
train_3135354600,B
train_1141098045,A
train_4282360533,A
train_3570859129,B
train_2476970777,A
train_54868216,B
train_2351569321,A
train_1193964705,B
train_1594204715,B
train_3053693832,A
train_3774397879,A
train_1879518893,B
train_1060609338,B
train_2332013590,A
train_150017652,A
train_2888280158,B
train_1278735956,A
train_3207102998,B
train_636875596,A
train_3581239862,A
train_1879645563,A
train_2955946208,A
train_3383491465,B
train_3484399255,B
train_1761787170,B
train_3190501277,B
train_566914957,A
train_1748484263,A
train_72760608,B
train_706725416,A
train_1906717643,A
train_1699149769,A
train_119904680,B
train_610451951,A
train_2114123891,A
train_939799560,B
train_125714611,A
train_1112029901,B
train_1012811318,A
train_4046839048,A
train_4163230421,A
train_2476325560,A
train_514015469,A
train_2793429759,A
train_2727791599,B
train_1150594607,B
train_189103875,B
train_1218882174,B
train_3788837736,B
train_3008308282,B
train_4127404704,A
train_3780927924,B
train_449604492,A
train_823768593,B
train_132450011,B
train_3515806455,B
train_214756532,B
train_547642400,B
train_312969872,B
train_180432291,A
train_3893979163,B
train_3627280281,B
train_816943932,A
train_2610909420,B
train_899448838,A
train_1114445446,A
train_231456515,B
train_1065812887,A
train_2542900656,A
train_3459472836,A
train_3739361507,A
train_670621817,A
train_306951335,A
train_3968066541,A
train_2277308546,B
train_2868533976,A
train_3642628279,B
train_2038797703,B
train_3952496757,B
train_3308093402,A
train_4242088689,A
train_4030248161,B
train_2170045235,B
train_369280305,A
train_1575527012,A
train_681436645,B
train_1256203127,A
train_2214372647,B
train_3375911809,A
train_4114973538,B
train_1741005475,B
train_14173576,A
train_3976033436,B
train_1321964129,B
train_1529813716,B
train_2245561979,B
train_671710624,B
train_160036343,A
train_4123066223,A
train_844019367,B
train_2812155420,B
train_24334228,A
train_46451365,B
train_2595552495,A
train_3938220718,A
train_1285184014,B
train_3700588953,A
train_4008906760,B
train_3590258157,A
train_4228184985,A
train_2992222925,B
train_892689296,B
train_3676552827,B
train_1454205206,A
train_3765290959,A
train_3504275568,B
train_593805901,B
train_880787978,B
train_2252257598,B
train_3910123966,B
train_3320594856,B
train_3283828139,B
train_3220223860,B
train_4211662497,B
train_4147027520,A
train_384628346,B
train_2150505231,B
train_1281638282,A
train_1703503162,B
train_180751856,A
train_2551176531,B
train_107208234,A
train_467491196,B
train_1767227409,B
train_2262155891,A
train_2278313361,B
train_3524927250,A
train_36379996,B
train_4019446753,B
train_1944956984,A
train_595049990,A
train_1364655400,A
train_510297287,A
train_2804492606,A
train_410139200,B
train_484376742,B
train_844244029,A
train_1322039146,B
train_780470744,B
train_2403274421,A
train_435183187,A
train_3099389733,A
train_880571983,B
train_3623979737,A
train_2110230474,A
train_2898132871,B
train_3684046225,B
train_4013401255,B
train_3726160644,B
train_2920637448,B
train_3919541698,B
train_1982298792,A
train_1226243102,A
train_4216445105,B
train_3320213786,A
train_1948215623,B
train_1802867120,B
train_803633763,A
train_3035083001,A
train_1570827963,A
train_1556367368,A
train_1583496393,A
train_3030237144,A
train_283517731,B
train_3234392334,A
train_167665788,B
train_1063102623,B
train_2356408307,A
train_2662076925,B
train_4090365023,A
train_3149648177,B
train_2348197741,A
train_788443569,A
train_4194696608,B
train_1105860235,A
train_2604128145,B
train_3354409610,B
train_3130040229,A
train_3169003155,A
train_3550558459,A
train_866105107,A
train_1116356422,B
train_3133415900,B
train_2606126135,A
train_1766023134,B
train_108484562,A
train_3439841148,B
train_4231731058,B
train_2482736743,B
train_1993914755,A
train_19822570,A
train_803686465,A
train_3537076606,B
train_1376374920,A
train_4072060869,A
train_4029724154,A
train_3070197652,A
train_2454959252,A
train_1286688662,B
train_4255662092,A
train_3256928962,B
train_3678475699,B
train_2756143895,A
train_6477270,A
train_4112720263,B
train_3005965446,B
train_632519233,A
train_2392800183,B
train_857272062,B
train_3540642385,B
train_1086556167,A
train_1485211648,A
train_1544093916,A
train_962879780,A
train_1628965404,B
train_789143879,B
train_1672096940,B
train_3018651691,B
train_3969109024,A
train_3276274780,A
train_1903217426,B
train_1845919265,A
train_1483966988,A
train_1337508290,B
train_3696570953,A
train_2533634158,A
train_3787933797,B
train_3413494736,B
train_181310095,B
train_1130347736,B
train_2351076133,A
train_1002311244,B
train_2612717252,B
train_1230221779,A
train_97455688,A
train_3957838228,B
train_3626316894,A
train_692598438,A
train_1019025556,B
train_115949691,B
train_3842961736,B
train_3609831846,B
train_3729309389,B
train_2804457996,B
train_659277509,A
train_3942687377,A
train_4134791553,B
train_1429661555,A
train_2462114234,A
train_3346806089,B
train_3534823542,B
train_3560168845,B
train_4233454008,B
train_4047571341,A
train_659873408,A
train_2582552799,B
train_1094947882,A
train_1959314062,B
train_425367334,B
train_2184049832,A
train_1429266928,B
train_2247784747,B
train_867783334,A
train_1682783845,B
train_1420954216,A
train_2195624665,B
train_2704115180,A
train_3347356684,B
train_3471026967,B
train_4188992869,B
train_3271302289,A
train_1826784501,B
train_2021586067,A
train_1081411368,B
train_1126987942,A
train_3893440750,B
train_1093904251,A
train_3693266909,A
train_2003394691,B
train_1021779782,B
train_2839615860,A
train_3276090993,A
train_696656468,A
train_888467946,B
train_2202858293,A
train_1928933359,B
train_1710200794,B
train_1316267241,B
train_3122328353,A
train_1399110808,A
train_3155443042,A
train_1076928510,B
train_3174681704,A
train_2116534087,B
train_2826884178,A
train_963384328,A
train_506533947,B
train_264921119,B
train_710912300,B
train_2659922285,B
train_3501921844,B
train_1372157391,A
train_3995157301,B
train_1995851245,A
train_2662934340,B
train_816089570,B
train_3409969405,A
train_2034817555,B
train_1625304047,A
train_2245318654,B
train_1802018269,A
train_3932281075,A
train_413953831,B
train_1937208947,B
train_3764186280,B
train_2929741025,B
train_3861016492,B
train_1100138097,A
train_4043353237,B
train_4136232202,B
train_1289442546,B
train_4284809383,B
train_1880425935,B
train_817895823,B
train_829356467,B
train_3782151306,B
train_4238233797,B
train_4239814829,A
train_1686054869,B
train_4211204467,A
train_3654109964,B
train_2644296213,A
train_1095673501,B
train_1219236766,B
train_2578515038,A
train_580503143,A
train_1622161379,A
train_4038848623,B
train_869563964,A
train_3880008918,A
train_113092486,B
train_1898542720,A
train_2743518703,B
train_1523570613,A
train_965327728,B
train_1758048950,A
train_3587163494,B
train_2673730155,A
train_2915833717,A
train_1562331545,B
train_4288037798,A
train_2351628006,A
train_3133076373,A
train_3392319560,B
train_3576889998,A
train_2481640259,A
train_3056056584,B
train_1202812545,A
train_2105221382,A
train_1541805444,B
train_2713364875,B
train_2165378817,A
train_667386390,B
train_983033938,B
train_1298353567,A
train_2332393068,A
train_4156393,B
train_3779787794,A
train_1854476604,B
train_3085665337,B
train_4242307649,A
train_3535916638,A
train_101673196,B
train_943908272,B
train_1277908852,B
train_945943217,A
train_3977598551,B
train_302473089,B
train_4178955354,A
train_1881767835,B
train_2974786071,A
train_1348221180,B
train_3717579619,A
train_1191066367,B
train_2117168413,B
train_837203441,A
train_3542656590,B
train_3295695684,B
train_4236734336,A
train_3075753359,B
train_1434410349,B
train_57689090,A
train_1602306680,B
train_2565713223,A
train_3700206806,A
train_1608369192,A
train_2825880230,B
train_1448482953,A
train_1661625102,B
train_3846562040,B
train_1507351506,B
train_177380138,A
train_3010328356,B
train_2262085409,B
train_2110934977,B
train_2490812443,B
train_3252668787,B
train_3310008690,A
train_2821068408,B
train_3923391553,B
train_219790592,A
train_3530172603,B
train_38178007,A
train_3742125479,B
train_4215038777,B
train_4076652844,B
train_2383209978,B
train_2672600920,A
train_986698699,B
train_2785257641,A
train_938692188,A
train_414786612,B
train_3158384122,A
train_728997417,B
train_3006852602,A
train_2066772608,B
train_3689568066,B
train_1129211243,B
train_3251550661,B
train_519464310,B
train_3672833358,A
train_1880923227,B
train_3841033953,B
train_4208761047,A
train_1027563696,B
train_3768419201,B
train_2254345921,A
train_1373223398,A
train_2786035082,A
train_2855048792,B
train_648082460,B
train_1949045793,A
train_703796605,B
train_1724090821,B
train_3106079662,A
train_3240884969,A
train_2579952477,B
train_1894152500,B
train_3185892701,A
train_4119166533,B
train_811718021,A
train_170097220,B
train_2695036247,A
train_2394878789,B
train_825945749,B
train_1178465275,B
train_1428748176,B
train_864997457,B
train_866703063,B
train_4272424667,B
train_1942366143,B
train_3911426653,B
train_2674976723,A
train_2017316320,B
train_3414293340,A
train_1030574341,B
train_2791074750,B
train_3141990319,A
train_654935368,A
train_3924785649,B
train_2166965795,B
train_798090452,A
train_3149561716,A
train_251243726,B
train_2589489734,B
train_2837736147,A
train_182522005,A
train_3858848212,B
train_2229717378,B
train_3242652297,B
train_703684233,B
train_3829439834,A
train_177737816,A
train_3099122287,B
train_399077978,B
train_2914463278,A
train_3225495514,A
train_2158216795,A
train_3629640293,A
train_2665716593,A
train_4108241501,A
train_3550136605,A
train_1301127539,B
train_838763941,A
train_3493822640,A
train_4231842229,A
train_545361951,B
train_3956825671,A
train_3017976141,B
train_3902913087,B
train_479440689,A
train_127086629,A
train_3814876036,A
train_2304332477,B
train_144478963,A
train_2592209945,A
train_130973987,A
train_1096240097,B
train_3838128535,B
train_4078504863,A
train_3061841462,A
train_485738578,A
train_700720664,A
train_3827879009,A
train_1929762945,A
train_4103350755,A
train_2730672290,A
train_3377865718,A
train_3505080951,A
train_117353670,B
train_33373513,A
train_3567036667,B
train_3139218180,B
train_3540335981,B
train_3127415778,A
train_757098537,A
train_3284124770,A
train_1785659805,B
train_384871460,B
train_57158484,B
train_1318281105,A
train_1209102011,A
train_2264749547,A
train_3702845290,B
train_1587365887,B
train_764554455,A
train_1666253824,A
train_1344984885,A
train_804851985,B
train_2347650205,B
train_3574467635,B
train_3904838612,B
train_3411725962,A
train_1812549039,A
train_42352080,A
train_2166631929,B
train_3247286141,B
train_1787733403,A
train_431413061,A
train_3018190532,B
train_1398726408,B
train_1352413166,B
train_1116877440,A
train_99369514,B
train_1752955982,B
train_3284990257,A
train_3867166155,A
train_795128312,A
train_417131045,B
train_2104713941,A
train_46242622,A
train_2736167015,A
train_203722227,B
train_2135777728,B
train_1826971005,B
train_514343951,A
train_2922371499,A
train_1704500585,B
train_112182868,A
train_1957497688,B
train_3219501640,B
train_4243211897,B
train_3866048168,B
train_3497651571,B
train_3287372061,A
train_1703957667,B
train_1198143589,A
train_2718842453,B
train_790250779,A
train_1055719709,A
train_1332591255,A
train_881908267,A
train_685397516,B
train_413144842,A
train_1635977904,A
train_2728869524,A
train_3245824071,B
train_2004183624,A
train_1525395263,B
train_3353232992,B
train_3882757292,B
train_3091622605,A
train_3195108484,A
train_3487491907,A
train_1325465320,A
train_3692863050,A
train_848219123,A
train_2124249792,A
train_2349231595,A
train_3192095594,A
train_3852005057,B
train_1878631246,A
train_2305649079,B
train_3004354374,A
train_3429089187,A
train_3163712279,A
train_3659639093,A
train_3286790274,A
train_2741111256,B
train_1592145530,B
train_1651805423,B
train_3848638669,A
train_1108538009,B
train_3607893237,A
train_2226794945,B
train_1770743072,A
train_51538416,A
train_663727770,A
train_124615880,B
train_3905004374,B
train_66676000,B
train_3303352527,B
train_847148006,B
train_538986069,B
train_1222778200,A
train_3790514631,A
train_3472398988,B
train_2895779112,B
train_170749041,A
train_1775701784,B
train_2023365162,B
train_2259111551,A
train_4129819290,A
train_866113781,B
train_3182433253,A
train_1840558619,B
train_1414871231,B
train_3182204413,A
train_1551970600,A
train_3157542754,B
train_2418467650,A
train_2171752984,A
train_2830260235,B
train_547227486,A
train_422035411,A
train_1963963674,A
train_2268416673,A
train_1100400880,A
train_3758351997,B
train_1994569548,B
train_1520793312,B
train_1492341234,B
train_2835473551,A
train_3499107485,B
train_4103222078,A
train_3264535764,A
train_120468490,B
train_3028595304,A
train_1215090723,A
train_313149015,B
train_3215456540,B
train_2545348563,B
train_1261127310,B
train_2743870047,B
train_3348651813,B
train_1187952566,B
train_2524893500,A
train_1053885508,B
train_2914784033,B
train_1481141191,B
train_1486081314,B
train_4025871909,A
train_4075718935,B
train_1276238734,B
train_923327294,B
train_1772160369,B
train_2952592835,B
train_4070824351,B
train_2351112923,B
train_3651175575,B
train_1016344547,A
train_471237989,A
train_75069369,B
train_751864305,B
train_2303732675,B
train_3713215240,A
train_2563614622,A
train_1893838090,A
train_2517594122,A
train_2380168704,A
train_1623957727,B
train_4180393892,A
train_1670278785,B
train_2844580830,B
train_2406684937,A
train_3240702157,A
train_1664930098,B
train_3803630959,A
train_492429994,B
train_1705309223,B
train_2732581260,B
train_219281992,A
train_1207615059,B
train_3612081826,B
train_2440539198,B
train_3082134368,B
train_2007589227,B
train_1953312956,B
train_2212022473,B
train_1889092195,A
train_3133898893,B
train_550609755,B
train_2328642577,A
train_3154987767,A
train_2666290091,B
train_3074106255,A
train_962774679,A
train_136259589,A
train_420958567,A
train_3438817817,B
train_170231210,B
train_1225835947,B
train_3517191754,B
train_322033180,B
train_815207661,B
train_1520895906,B
train_143480586,A
train_4098337165,B
train_423864299,A
train_290254101,B
train_2712719311,B
train_1137777460,B
train_1622896507,A
train_376125532,B
train_3730694224,A
train_1833461349,B
train_1390347203,B
train_2361805109,A
train_561270432,A
train_295807800,B
train_2878212045,A
train_525102237,B
train_1810235592,A
train_87938578,B
train_2940003193,A
train_3958045587,A
train_2834821897,A
train_745484010,B
train_1939903438,B
train_3173616792,B
train_3896520927,A
train_2321284432,A
train_682239544,A
train_3616451680,A
train_1804357436,A
train_3436898021,B
train_3699587972,A
train_924294319,A
train_3150409291,A
train_3351458915,A
train_1232170999,B
train_1247031178,A
train_4102780242,A
train_1960967806,A
train_3703230392,A
train_1790872447,A
train_1557532432,A
train_519564161,A
train_4018291087,B
train_1180059003,A
train_1842280217,B
train_1531383583,B
train_697383278,A
train_1363100686,B
train_1129868528,B
train_2431959990,B
train_404098311,B
train_1582547493,B
train_1898672120,B
train_3502747966,B
train_3984755557,A
train_1320820202,A
train_651524333,B
train_1398381924,B
train_18617839,A
train_497353894,A
train_1024987757,A
train_2577029445,A
train_1065523597,B
train_1783806612,B
train_349155383,B
train_2620068588,A
train_2590836406,A
train_2469086467,B
train_266099199,A
train_3123142715,B
train_1431505272,B
train_1195034587,B
train_1331076542,B
train_714150854,A
train_245048233,A
train_1127161534,B
train_233824289,B
train_279666444,B
train_1855953730,B
train_962619545,A
train_1301066782,A
train_1437647096,B
train_1528086774,A
train_2017925686,A
train_2690645278,A
train_1488209918,A
train_3060592553,A
train_1987200011,B
train_3162792633,A
train_795795389,B
train_1305379599,A
train_3926958939,A
train_1703372039,B
train_3279550100,A
train_2314688985,A
train_3864746358,A
train_861961716,B
train_4221982820,A
train_3081881185,A
train_2407602618,A
train_89788474,B
train_1140104874,B
train_2843888936,B
train_2260721042,B
train_3766853345,B
train_956009037,B
train_2581554989,B
train_221556204,B
train_188164388,B
train_3281040022,B
train_2069954713,B
train_2833136391,A
train_4063409014,A
train_1311414656,A
train_4177490186,B
train_3240183012,A
train_806703471,A
train_2767483557,B
train_548093948,B
train_872266635,A
train_1988885725,A
train_2705589336,B
train_2840010156,B
train_2438146037,B
train_2566001993,A
train_3177453990,B
train_4026578300,A
train_1070380494,B
train_3705197290,A
train_401099421,A
train_4037974138,B
train_1858504256,A
train_3121063768,B
train_1641263976,A
train_3296494606,B
train_2920251927,A
train_4112373659,A
train_735218666,B
train_377814503,B
train_2079568096,A
train_1070789644,A
train_3349791994,A
train_3436860342,A
train_3754401506,B
train_3831362376,A
train_813706733,B
train_2415509626,B
train_2655946366,A
train_616665200,B
train_1977765564,B
train_3074398993,B
train_3296417563,B
train_2176949584,A
train_3668806308,A
train_1405089202,A
train_2876777099,B
train_1896175606,B
train_945815402,B
train_4028265689,A
train_769054909,B
train_614977732,A
train_3630949769,A
train_1792180725,A
